elapsed_seconds,elapsed_days,earth_ssb_error_km,earth_heliocentric_error_km,saturn_ssb_error_km,saturn_heliocentric_error_km
91800,1.0625,0.000799047263698658,0.000799011854543844,0.00269689402758648,0.00269560990973224
183600,2.125,0.00318583668947495,0.00318562966379137,0.0078740178254505,0.00787878401821758
276300,3.19791666666667,0.00717951986367644,0.0071788429171749,0.0244173639046668,0.0244300894553973
368100,4.26041666666667,0.0126581541947205,0.0126566516583771,0.0254164465801962,0.0254141301562572
460800,5.33333333333333,0.0196669650617268,0.0196641991734491,0.0549786592491673,0.0550168324565601
552600,6.39583333333333,0.0279979582764961,0.0279934962965741,0.0962099946035266,0.0962326971553659
644400,7.45833333333333,0.0376386482643064,0.0376320906361358,0.133813605909377,0.133841206987829
737100,8.53125,0.0486399083523987,0.048631019418211,0.148878169572139,0.148872985616048
828900,9.59375,0.0607550807981249,0.0607439389046055,0.211289294268835,0.211240579488136
921600,10.6666666666667,0.0742430674577961,0.0742300151165346,0.169327664583958,0.16924068291223
1013400,11.7291666666667,0.0889416464242463,0.0889273875817122,0.293192715273084,0.293076303661143
1106100,12.8020833333333,0.105325787696678,0.105311293796172,0.263420871718093,0.263193705723502
1197900,13.8645833333333,0.123322104735481,0.123308357533446,0.286353863795135,0.286067297124928
1289700,14.9270833333333,0.143335949864508,0.143323665830093,0.233108566650889,0.23278168410644
1382400,16,0.165809490276155,0.165798946626506,0.24151071617439,0.241217322094803
1474200,17.0625,0.190444468979045,0.190435307288845,0.0968298544665411,0.0965816416359575
1566900,18.1354166666667,0.217777193705711,0.217768386611665,0.249001499198711,0.24888021003642
1658700,19.1979166666667,0.247251250673508,0.247241246143421,0.193393083987563,0.193784257862413
1751400,20.2708333333333,0.279356434227886,0.279343130730986,0.22448798137964,0.225099334069782
1843200,21.3333333333333,0.31334169495072,0.313322733705043,0.214760661983568,0.21533540528112
1935000,22.3958333333333,0.349355175308144,0.349327923220274,0.346127047740057,0.346705662906216
2027700,23.46875,0.387617332829441,0.387578920405465,0.259540231144541,0.259682694737738
2119500,24.53125,0.427228393030741,0.427176116699703,0.43703768325745,0.437377936083705
2212200,25.6041666666667,0.468819361753928,0.468750307480714,0.539215548402738,0.539044776623548
2304000,26.6666666666667,0.511457963117914,0.511369601465905,0.56422139793642,0.563695410844574
2395800,27.7291666666667,0.555436865010073,0.555326654760614,0.427606674338044,0.426755474723436
2488500,28.8020833333333,0.60111885710301,0.600984147123458,0.620798849855293,0.619711795727686
2580300,29.8645833333333,0.647542551954304,0.647381322379357,0.417379278688591,0.416067558728748
2673000,30.9375,0.695552018284289,0.695361914887954,0.572348318466522,0.570923853105369
2765700,32.0104166666667,0.744637990061594,0.74441713010005,0.500412703326281,0.499237921033175
2857500,33.0729166666667,0.794260348275689,0.794007441916189,0.482614472308458,0.48213115561378
2950200,34.1458333333333,0.845365907079336,0.845079405662682,0.187507535872973,0.187782462553143
3042000,35.2083333333333,0.896977529626422,0.896656922250231,0.375869837786256,0.376850433544319
3134700,36.28125,0.950190830327737,0.949835465101532,0.31991463693363,0.321867065802278
3226500,37.34375,1.00414996140196,1.00376029064026,0.433628333008261,0.435687944282792
3319200,38.4166666666667,1.06020548843308,1.0597817773415,0.559840822959965,0.561561635238112
3411900,39.4895833333333,1.1182437162379,1.1177867422372,0.774163937136134,0.775071256256691
3503700,40.5520833333333,1.17814744413332,1.17765824718337,0.57014336919507,0.569968986401221
3595500,41.6145833333333,1.24094439727601,1.24042325393362,0.776944696395425,0.777049109479586
3688200,42.6875,1.30770591983666,1.30715198786717,0.710231664300585,0.708738802073307
3780000,43.75,1.37741816875272,1.37683025889908,0.891260659733358,0.889641069257565
3872700,44.8229166666667,1.45158595305738,1.45096117784592,0.897959007584652,0.895402255988252
3964500,45.8854166666667,1.5287708385141,1.52810598265081,0.913607287293058,0.910482274702682
4057200,46.9583333333333,1.6103797355548,1.60966991717523,0.486625433090494,0.483615517271699
4149000,48.0208333333333,1.6946455468754,1.69388605397471,0.777493015388645,0.774314986812079
4241700,49.09375,1.78298192489587,1.78216650951253,0.497245268763742,0.495655582869617
4333500,50.15625,1.87340226912544,1.87252537229231,0.545358351592002,0.544968200504889
4426200,51.2291666666667,1.96737976043161,1.96643437794164,0.558289242210215,0.560745557950828
4518000,52.2916666666667,2.06278014957282,2.06176048581901,0.757685209024202,0.761575571071238
4610700,53.3645833333333,2.16115830924211,2.16005719023299,0.55812873644347,0.560937618374321
4702500,54.4270833333333,2.26029996591163,2.25911189708456,0.689344023236284,0.693304148502624
4795200,55.5,2.36186416144449,2.36058218327568,0.886094825787222,0.888280977451757
4887000,56.5625,2.4636324903551,2.46225201368144,0.975699132401882,0.977109293229755
4979700,57.6354166666667,2.56739765443303,2.56591246148651,1.02880467468318,1.02795782457317
5071500,58.6979166666667,2.67099764719677,2.66940399162351,1.36853314340796,1.36624408314926
5163300,59.7604166666667,2.77534513287202,2.77363900866982,0.887921658163138,0.883453246626815
5256000,60.8333333333333,2.88143857956491,2.87961537250335,1.05602167367462,1.05201393116661
5347800,61.8958333333333,2.98723963754854,2.98529749762243,1.08237479453055,1.0767534651341
5440500,62.96875,3.09490909955892,3.09284434356409,1.1334473458475,1.1276291173024
5533200,64.0416666666667,3.20358300447442,3.20139376343231,0.776327541212105,0.771264983902132
5625000,65.1041666666667,3.31246748989495,3.31015372401672,0.970241503241389,0.967732398330707
5717700,66.1770833333333,3.4241152555034,3.42167491907763,0.544499792776094,0.548556461561565
5810400,67.25,3.53803778608568,3.53547023763466,0.566162992686436,0.567328870528832
5902200,68.3125,3.65377440370374,3.6510802602368,0.702012906970043,0.708582993660613
5994000,69.375,3.77312257224402,3.77030066151223,1.026737088963,1.03377950877146
6086700,70.4479166666667,3.89794445675459,3.89499135795068,0.961384437272832,0.966673336231533
6178500,71.5104166666667,4.02627777729818,4.02319155727861,1.27559924359719,1.28011182828221
6271200,72.5833333333333,4.160887918319,4.15766256226086,1.24716620306292,1.24579923741149
6363000,73.6458333333333,4.29920045262307,4.29583154028554,1.18232196097437,1.18286535479609
6455700,74.71875,4.44380021516478,4.44027945536995,1.40696808785247,1.40429905258449
6547500,75.78125,4.5916395670727,4.58796064341666,1.6241854018291,1.6185344198868
6639300,76.84375,4.74378698398511,4.73994139818176,1.28774562325843,1.27953522902992
6732000,77.9166666666667,4.90143079245963,4.89740784411039,1.54381846068833,1.53514032953172
6824700,78.9895833333333,5.06268979199563,5.05848013038989,0.955398780270989,0.947291053494584
6916500,80.0520833333333,5.22550641286763,5.22110234538073,0.93761168464642,0.928713016777826
7009200,81.125,5.3925940298966,5.38798390062023,1.02010080294067,1.01440687193203
7101000,82.1875,5.560205320174,5.5553815733804,1.14564334228945,1.1455208121622
7193700,83.2604166666667,5.73110219738417,5.72605349868858,0.765197754533738,0.774594443688775
7285500,84.3229166666667,5.9014609066228,5.89618062964426,1.00275730304057,1.0121777118873
7379100,85.40625,6.07584055999875,6.07031570194107,1.1228515035709,1.13220031115352
7470900,86.46875,6.24716976213848,6.2413976471363,0.901465821952244,0.910791319732525
7563600,87.5416666666667,6.42024247300885,6.41421402541094,1.32213317490981,1.32857640854736
7655400,88.6041666666667,6.59160234323833,6.585314357828,1.94775858845124,1.95148164324797
7748100,89.6770833333333,6.76465003122408,6.75809497066721,1.60182488559845,1.59766439390939
7839900,90.7395833333333,6.93618289460651,6.9293591800592,1.6676367454402,1.66358502709493
7932600,91.8125,7.10982997472967,7.10273133626261,1.69997336410265,1.68997876362334
8024400,92.875,7.28258684226017,7.27521281700165,1.5444745415092,1.53453023678856
8117100,93.9479166666667,7.45833766016551,7.45068294004338,1.4786984038004,1.46630657550015
8208900,95.0104166666667,7.63430251580702,7.62636738545914,1.89837272031472,1.8853851766866
8301600,96.0833333333333,7.81470858179958,7.80648790228928,1.19113538997843,1.18395954243945
8393400,97.1458333333333,7.99689866048125,7.98839255999901,1.04344878377169,1.03426704109441
8486100,98.21875,8.18527995353262,8.17648233980663,0.908287378915242,0.913786648545163
8577900,99.28125,8.37688298966404,8.36779251315033,0.877557173615017,0.88548938788146
8669700,100.34375,8.57397791728676,8.5645893323812,0.912876587137571,0.926374354355322
8762400,101.416666666667,8.77879702722012,8.76910095630628,1.56637492687929,1.58142830994535
8854200,102.479166666667,8.9873510595083,8.97734305705413,1.82637647026057,1.83497192825307
8946900,103.552083333333,9.20353578966011,9.19320450274414,1.45222039793483,1.46158243428469
9038700,104.614583333333,9.42283942609215,9.4121790468213,1.75040765920028,1.75261805640451
9131400,105.6875,9.64916101664382,9.6381587788819,1.83896609681858,1.83791623374876
9224100,106.760416666667,9.87991058050616,9.868556575068,1.90856919777687,1.90185260791582
9324000,107.916666666667,10.1329381451673,10.1211936682719,2.57088726073569,2.56060642395514
9415800,108.979166666667,10.3688149158564,10.3567010802309,1.85834384771596,1.84118873279351
9509400,110.0625,10.6119397969797,10.5994389774427,1.61791079169005,1.60061497641326
9601200,111.125,10.8522180450848,10.8393276495487,1.55862285223779,1.54113976128985
9693000,112.1875,11.0935109162993,11.0802214179862,1.54745557348467,1.53158294111649
9784800,113.25,11.3350176303802,11.3213200605396,1.00806060778885,1.00085144632564
9876600,114.3125,11.5760070075797,11.5618931854327,1.68632910029253,1.68600994554738
9966600,115.354166666667,11.8112184077942,11.7966895011744,1.45737809254015,1.47527571868943
10060200,116.4375,12.0543916168863,12.0394247828115,0.888198644588688,0.907723201324533
10152900,117.510416666667,12.2937041856754,12.2782983708633,1.33967328770492,1.3585876345193
10247400,118.604166666667,12.536299050209,12.5204412625437,1.86377810983359,1.88157369749395
10341000,119.6875,12.7756295946354,12.7593204740508,1.73916173056355,1.74799348234898
10432800,120.75,13.009971764963,12.9932169429235,2.42171385956204,2.42894489044136
10528200,121.854166666667,13.2537883884757,13.2365676107004,2.5527278484495,2.54387515738712
10625400,122.979166666667,13.5033621232566,13.4856639111585,2.04575557890506,2.03651455090311
10724400,124.125,13.7597993499136,13.7416121672133,1.98012247677217,1.96587992462231
10822500,125.260416666667,14.0172688194618,13.9985942356454,2.53646690706096,2.51558427050592
10914300,126.322916666667,14.2622302432243,14.2430965920071,1.81206890164914,1.78892342442755
11016000,127.5,14.5391512035735,14.5195049515719,2.45993354056941,2.43824758476598
11103300,128.510416666667,14.7821176272431,14.7620273301789,1.32571661438857,1.31744269929942
11194200,129.5625,15.0406223005218,15.0200650015481,1.12197401602573,1.1178541521421
11285100,130.614583333333,15.3048751430225,15.2838455122195,1.01282417393019,1.01506363166657
11376900,131.677083333333,15.5774945566865,15.5559819381371,1.7396009196796,1.75717652662926
11468700,132.739583333333,15.8556461536326,15.8336441620823,1.37728391881487,1.40227218452012
11569500,133.90625,16.1670026494227,16.1444554995219,2.25384529419448,2.27859796573127
11662200,134.979166666667,16.4583190641921,16.4352632988894,2.13078174552992,2.14401871356484
11753100,136.03125,16.7480624288342,16.7245010057111,1.96539416235014,1.97418652735388
11856600,137.229166666667,17.0821058838199,17.0579603398155,2.02094788870949,2.02706886011508
11952000,138.333333333333,17.393019537968,17.3683278720186,3.28099544922448,3.27354728744489
12049200,139.458333333333,17.7116993834518,17.6864439017344,2.35542671308744,2.3400210871456
12141000,140.520833333333,18.0133196860675,17.9875251428953,2.95289416248628,2.92959602128458
12228300,141.53125,18.2996632427215,18.273350695839,2.20763431692605,2.17900028534542
12323700,142.635416666667,18.6108416034001,18.5839577777172,2.02665349735878,1.99748316897281
12415500,143.697916666667,18.9075605242303,18.8801227755354,1.83233564693746,1.80265829875469
12510900,144.802083333333,19.2123641154446,19.1843473858363,2.33621422011283,2.32157919535586
12602700,145.864583333333,19.502003232171,19.4734271295553,1.26291885575458,1.2670186906925
12696300,146.947916666667,19.7938309029574,19.7646831281704,1.77939313302969,1.79543646673201
12802500,148.177083333333,20.121418640015,20.0916215237105,1.33309500442958,1.3642038451884
12894300,149.239583333333,20.4024716109469,20.3721129475664,1.65647678031253,1.6859453943869
12982500,150.260416666667,20.6715567329708,20.6406586832187,1.6530325752841,1.68477113458077
13075200,151.333333333333,20.9543492223798,20.9228847114272,3.12669819797455,3.14830670736736
13167000,152.395833333333,21.2353964650206,21.2033711670261,2.37476825505616,2.3807178302906
13259700,153.46875,21.5212610478448,21.4886698727242,3.08807649925553,3.08580908355718
13351500,154.53125,21.8073877716252,21.7742365855588,2.73375887969103,2.72251064779913
13441500,155.572916666667,22.0916971589068,22.0579970055393,2.70238919683401,2.67947060323546
13530600,156.604166666667,22.3775421394411,22.3432983123507,2.47653840058765,2.45396197739697
13623300,157.677083333333,22.6800799815887,22.64527023772,3.64852262768965,3.61405368794453
13725900,158.864583333333,23.0214060253187,22.9859695864597,2.14332485848283,2.10810530465376
13816800,159.916666666667,23.3295729951038,23.2935808589822,2.03039060535382,2.00211862283111
13911300,161.010416666667,23.6555488891626,23.618978465922,1.60212820210023,1.58380573401281
14007600,162.125,23.9932921364244,23.9561319087761,1.55197253248333,1.5632636973374
14100300,163.197916666667,24.3232723572802,24.2855441839613,1.23724721061372,1.24053154205654
14186700,164.197916666667,24.6346505564747,24.5963929464652,2.60538606276193,2.64081650902566
14288400,165.375,25.0051720309759,24.9662914027313,2.16393505361021,2.2001719141395
14388300,166.53125,25.3723906143223,25.3328987936703,2.42141376094978,2.44986869918978
14474700,167.53125,25.6916394188751,25.6516199533483,2.32463194905135,2.34920975126127
14565600,168.583333333333,26.0280449740479,25.987471778521,3.06689700244766,3.07145823810718
14653800,169.604166666667,26.3537221007222,26.3126134738253,2.67513606671845,2.68354238265165
14740200,170.604166666667,26.6707281828052,26.6290973083291,4.01956282547385,4.00779965271531
14832000,171.666666666667,27.0039200530297,26.9617373247339,3.20405688260697,3.17330916955551
14924700,172.739583333333,27.3352986832946,27.2925624257217,3.03073668928682,2.99262906191213
15019200,173.833333333333,27.666992064477,27.6236959713654,2.61566417202936,2.57662857604341
15108300,174.864583333333,27.9738845245606,27.9300650565804,2.75054340776427,2.70866444144199
15195600,175.875,28.2694411304039,28.2251133087794,1.87498554872141,1.83346177084829
15287400,176.9375,28.5755779626557,28.5307204433408,2.87368913750386,2.84768434582187
15373800,177.9375,28.8603551643798,28.815003709646,1.91386792450055,1.92671623059059
15468300,179.03125,29.1693719882871,29.1234854103325,1.8925178179362,1.92927622454932
15570000,180.208333333333,29.5005998933768,29.4541433979564,1.32708896804039,1.36786453562104
15662700,181.28125,29.8026709216447,29.7557003965512,2.61514154326314,2.66120982963965
15765300,182.46875,30.1386120561828,30.0910787301216,1.94906131588618,1.98948620909886
15858000,183.541666666667,30.4447233014159,30.3966871933307,3.71999412493489,3.74890491031559
15951600,184.625,30.7572373673042,30.7086992782597,3.50156706775147,3.50981777978314
16044300,185.697916666667,31.0708672706006,31.021837974655,3.20930065066858,3.19624315677662
16145100,186.864583333333,31.4171589440483,31.3676026733138,3.07106156694102,3.06184486953057
16237800,187.9375,31.7407785958297,31.6907447697347,3.9064060285336,3.86970703173597
16329600,189,32.0662090257162,32.0157095131368,3.1554147103445,3.11645766712986
16423200,190.083333333333,32.4029805203452,32.3520142130194,3.58291174311165,3.53232392072422
16513200,191.125,32.7312548726128,32.6798480059308,2.84630785029499,2.79889130267443
16606800,192.208333333333,33.0768687967412,33.0250131030127,2.00192493493688,1.97543142299708
16699500,193.28125,33.4228262607385,33.3705362289436,1.82129605849227,1.78010817955072
16802100,194.46875,33.8091179795747,33.7563600452221,2.25105300140178,2.27428500440094
16903800,195.645833333333,34.1943560329523,34.1411487286332,1.87897749783617,1.91832938933668
16999200,196.75,34.5564662973044,34.5028515931003,2.79047752404706,2.84475645191905
17089200,197.791666666667,34.8972585988217,34.8432729753736,2.92169979713753,2.97195945654227
17186400,198.916666666667,35.2625233168823,35.2081525344022,2.62587377799943,2.64800110536627
17272800,199.916666666667,35.5830164861234,35.5283172921061,2.96252950724633,3.0015067572904
17367300,201.010416666667,35.9272057353558,35.872162529789,4.07149870963408,4.07817234611486
17463600,202.125,36.2696023691881,36.2142246596383,3.73549617276208,3.72969547351787
17564400,203.291666666667,36.6181228137856,36.5624115979959,3.90345403627246,3.86965364673125
17666100,204.46875,36.9597511693108,36.9037196341491,4.11645979432401,4.06695834114654
17769600,205.666666666667,37.2983970600066,37.2420551076766,2.30826246703291,2.2524918059093
17865900,206.78125,37.6070199382558,37.5504024737381,3.77234801419256,3.71311011202633
17957700,207.84375,37.8970769953374,37.8402084080444,2.66248726730241,2.61492189730431
18059400,209.020833333333,38.2155204556262,38.158386567736,2.6581052041827,2.63559350110663
18156600,210.145833333333,38.5186748151615,38.4613001395376,2.00070614556259,2.00901487290926
18252000,211.25,38.8164817209807,38.7588830646172,2.5110626407087,2.56399317055525
18344700,212.322916666667,39.1072451387874,39.0494410226379,1.13435454533818,1.19708161105344
18432000,213.333333333333,39.3831711195376,39.32518496582,3.14381778257407,3.20671127543561
18519300,214.34375,39.6618121997114,39.6036557348582,3.2931603883878,3.34675323505401
18614700,215.447916666667,39.9700329710674,39.9117046254843,3.89287759411234,3.92715004293948
18709200,216.541666666667,40.2796500992169,40.221167219855,3.55966644880867,3.57541646679475
18798300,217.572916666667,40.5757362754107,40.5171231236849,4.57972170180189,4.57375540261501
18899100,218.739583333333,40.9156120435338,40.8568709837051,2.8313630706359,2.81110207677747
18998100,219.885416666667,41.2542816814893,41.1954367325253,4.64087934687879,4.60361868148859
19085400,220.895833333333,41.5565632045579,41.4976459126277,4.25937956148223,4.2006616468926
19178100,221.96875,41.8807316668729,41.8217587033531,3.85012275964954,3.78218609302027
19268100,223.010416666667,42.197914934175,42.1389101082457,2.59680857438735,2.52878328120872
19366200,224.145833333333,42.5453784879313,42.4863654842345,3.0887480807654,3.04588154123655
19456200,225.1875,42.8645665379447,42.8055718200772,1.36974931353121,1.33301880385934
19546200,226.229166666667,43.182742640085,43.1237921593376,2.64176353863047,2.63297219836955
19632600,227.229166666667,43.4856978246332,43.426815137003,2.64474276158459,2.69372105712966
19729800,228.354166666667,43.8214792021835,43.7627030446702,3.38944307062351,3.46102550141156
19822500,229.427083333333,44.1345453526243,44.0759005524362,2.24565933716458,2.31410605725886
19914300,230.489583333333,44.4357632993734,44.3772761648525,3.87727875514763,3.93595872887058
20016900,231.677083333333,44.7605305038222,44.7022496375212,2.90873240906122,2.94120146655009
20110500,232.760416666667,45.0454783294648,44.9874108914688,4.55642824349978,4.58409146031158
20201400,233.8125,45.3124431605117,45.2546034542921,4.75803527889183,4.75552138649666
20287800,234.8125,45.5583846513116,45.5007782144453,5.04071884687312,4.99917437766559
20375100,235.822916666667,45.8005379226705,45.7431826407661,3.45262406361419,3.40275306792886
20465100,236.864583333333,46.045025487424,45.9879446998969,4.60165977706877,4.53766658235765
20561400,237.979166666667,46.3025315258892,46.2457614482763,2.89243573967226,2.8163856370189
20651400,239.020833333333,46.5408169104017,46.4843529695517,3.81411569482873,3.73618680873313
20755800,240.229166666667,46.8159903408605,46.7599010145116,3.48535462388053,3.42337531775943
20847600,241.291666666667,47.0581209974231,47.0023792206023,3.12912877166747,3.13117508562077
20943900,242.40625,47.3134483789293,47.2580904032923,1.19950544556959,1.23121491765843
21032100,243.427083333333,47.5493605980618,47.4943721751567,2.93302012320991,2.99240267979982
21133800,244.604166666667,47.8247374097925,47.7701983444025,2.24493134471872,2.32629076143832
21224700,245.65625,48.0745473663258,48.0204327610239,3.36937079928667,3.44995238804619
21321000,246.770833333333,48.3434245952669,48.2897849923885,4.16893768007947,4.23623328323567
21411900,247.822916666667,48.6013707898411,48.5482057268542,5.2549756544625,5.28043497670371
21508200,248.9375,48.8789164553064,48.8262842851916,3.26786939159374,3.28367241059463
21594600,249.9375,49.1313361190986,49.0792104223731,4.90435473853158,4.89658594135527
21682800,250.958333333333,49.3917958148348,49.3402168191166,4.35751013039046,4.32337300283386
21789000,252.1875,49.7080864781968,49.657208296587,4.88820601387024,4.82810699401407
21896100,253.427083333333,50.0283991556197,49.9782777554016,5.08555591978894,5.00656918450517
22002300,254.65625,50.3452015097363,50.2958827404746,3.21952963640308,3.141876756011
22098600,255.770833333333,50.6295474214468,50.5810031389626,2.88110330271319,2.79522207873013
22193100,256.864583333333,50.9035474601647,50.8558071875152,2.88565397535919,2.84360082060193
22279500,257.864583333333,51.1476490590078,51.1006817211872,2.65927531422689,2.64645326548158
22374900,258.96875,51.4078745919076,51.361800969248,2.44459803317254,2.50568341171714
22461300,259.96875,51.633581126283,51.5883508083127,3.57695659663709,3.65517178046278
22567500,261.197916666667,51.8968455500394,51.8526913029634,3.66919945538303,3.74691244535999
22663800,262.3125,52.1220767626536,52.078930802387,2.95732519471466,3.04334925000781
22769100,263.53125,52.3549022961234,52.3128890754121,4.15563540885528,4.21152256250193
22875300,264.760416666667,52.5776509651951,52.5368079372752,5.31288319839305,5.33273051317308
22969800,265.854166666667,52.767764977248,52.7279843747326,4.80320947780944,4.79936414736703
23076000,267.083333333333,52.9746474159514,52.9360832058557,5.98091994352956,5.92505915931175
23173200,268.208333333333,53.1596463555068,53.1222158471199,3.39774733653234,3.32842693851427
23279400,269.4375,53.3590058235294,53.3228364300703,4.51964462798779,4.43219354914503
23367600,270.458333333333,53.5237450383107,53.4886413249293,4.6090808739738,4.51153162292186
23462100,271.552083333333,53.7007005922918,53.666757977888,3.76396371977959,3.68204638691724
23554800,272.625,53.8759022912659,53.8431192630826,3.16701846949464,3.09429419410601
23652000,273.75,54.0625089378717,54.0309654933972,3.45772823958186,3.49509450763327
23740200,274.770833333333,54.2352876083628,54.204892032233,1.57648143031109,1.64219515805279
23829300,275.802083333333,54.413798643596,54.3845872899021,2.59354113798545,2.67672337808449
23922000,276.875,54.6041312465013,54.5761811073993,3.58189809276215,3.68300635400302
24024600,278.0625,54.8202911402838,54.7937754364322,4.69947200357064,4.78187756968613
24129000,279.270833333333,55.0456340530678,55.0206239065482,4.6570591131043,4.73383462007552
24223500,280.364583333333,55.253347034915,55.2297432185637,5.32414587302709,5.33841342709126
24316200,281.4375,55.4593405225136,55.4371592441595,4.17408221099102,4.18097724590232
24409800,282.520833333333,55.668108709571,55.6474091408336,5.10226564552168,5.08251591021981
24498900,283.552083333333,55.8659761889596,55.8467309290606,6.32192878016853,6.27248670839972
24602400,284.75,56.0924412926815,56.0749400880499,4.65481528691527,4.55522887644897
24690600,285.770833333333,56.2804032634029,56.2644346599802,4.8472785465266,4.7446657718968
24783300,286.84375,56.4706819424227,56.4563688627438,4.02440080540029,3.92399547508669
24869700,287.84375,56.6394157893911,56.6266846623514,2.81439492910617,2.71373053317009
24961500,288.90625,56.8079150626551,56.7969022467582,2.71584024090335,2.64934946361406
25054200,289.979166666667,56.9657046093193,56.9564611727835,3.98535930191537,3.97434251533781
25146000,291.041666666667,57.1094395136812,57.1019768710428,3.65066357074311,3.74854120915763
25236900,292.09375,57.2399921064634,57.2343158824204,2.72789847441785,2.83395662819535
25335000,293.229166666667,57.3690005901578,57.3652733777477,4.26145390710627,4.36828337656167
25434000,294.375,57.4884751430422,57.4867332715087,3.8491399182074,3.94518337563546
25524900,295.427083333333,57.5904145822393,57.5905096560532,4.17550104584251,4.25207439101091
25614900,296.46875,57.6855929714987,57.6875187384672,6.25904553274811,6.31481917769043
25707600,297.541666666667,57.7791748545908,57.7829979460521,6.17035313786129,6.14334890643151
25799400,298.604166666667,57.8688784891106,57.8745918620475,5.23890179562163,5.21155996949512
25892100,299.677083333333,57.9579536142435,57.9655873285669,5.35746228035531,5.2786207782068
25984800,300.75,58.0470234462453,58.0565895245322,4.94607333782888,4.85076880466491
26076600,301.8125,58.1367300808083,58.1482225649259,4.40587172275726,4.29232848857344
26168400,302.875,58.2294072596939,58.2428404343007,5.64789218956304,5.52704964233368
26261100,303.947916666667,58.3273935066378,58.3428033266629,4.1137941537481,4.05281684781333
26352900,305.010416666667,58.4299088153171,58.4472959586655,2.63759278611184,2.58511710289058
26445600,306.083333333333,58.5396830837353,58.559090864396,2.79074656052814,2.82825683141399
26537400,307.145833333333,58.6547499062097,58.6761865318795,2.7932969015547,2.87584504753767
26630100,308.21875,58.7769196165197,58.8004371658194,3.02927972269485,3.15335620516162
26721900,309.28125,58.9028120128046,58.9284256750783,4.67421849292971,4.79920412900863
26814600,310.354166666667,59.0334134013036,59.0611822327837,5.93181602225911,6.02218432906608
26906400,311.416666666667,59.1644061813896,59.1943490046655,4.48986008418203,4.55603159506886
26999100,312.489583333333,59.296342155136,59.3285213258868,5.26957242058876,5.30418664464774
27090900,313.552083333333,59.4245259367615,59.4589601038261,5.84710849385099,5.8608831642864
27183600,314.625,59.5492174231948,59.585968274474,5.41467672002482,5.36962103778154
27276300,315.697916666667,59.6668649494896,59.7059699874915,6.73463999101507,6.67637461353246
27368100,316.760416666667,59.7743356735478,59.8158056366199,6.42166848204754,6.29880095680676
27459900,317.822916666667,59.8710948450034,59.9149586156001,4.16795919678263,4.03898647933405
27552600,318.895833333333,59.9567584292721,60.0030633602137,3.78033263902585,3.64919229284475
27645300,319.96875,60.0298427014861,60.0786070403032,4.31383018266244,4.19546286895384
27737100,321.03125,60.0900505442215,60.1412630055634,3.08744305820512,3.05376205229332
27828900,322.09375,60.1389569173656,60.192625318914,3.52959260570095,3.51231647912156
27921600,323.166666666667,60.1780974112827,60.2342497014534,4.74397387515544,4.86073681757324
28013400,324.229166666667,60.2081484153693,60.2667613062211,3.37209645948344,3.50945635517256
28106100,325.302083333333,60.2312541500012,60.2923503767924,3.50786559497568,3.63883017341213
28198800,326.375,60.2486804067382,60.312256659051,4.8890395678973,5.01759633276079
28290600,327.4375,60.2619393218987,60.3279672083868,5.82608565377946,5.8970364498253
28383300,328.510416666667,60.2729631495429,60.3414613439812,5.8834297197773,5.95132100968577
28475100,329.572916666667,60.2832910868901,60.3542297179291,7.27930835172824,7.2608740037311
28566900,330.635416666667,60.2949067239719,60.3682800328954,5.70103668502187,5.64162564925858
28659600,331.708333333333,60.3099566575696,60.3857833970968,5.07973847437039,4.99548145386872
28751400,332.770833333333,60.3301547664698,60.408407693624,6.31369121734936,6.21511794780366
28844100,333.84375,60.3577428654831,60.4384451315798,5.54789967737634,5.40398543783497
28936800,334.916666666667,60.3939483757935,60.4771032919015,4.89197026645719,4.74695028392024
29028600,335.979166666667,60.4389339065886,60.5245254748948,4.80646650445821,4.7098841687785
29121300,337.052083333333,60.493313816015,60.5813782455312,2.98556728940119,2.96464930134571
29213100,338.114583333333,60.5548790812531,60.6454083046658,2.24861554080301,2.3152461060146
29305800,339.1875,60.6229589746062,60.7159959160504,3.51119433579498,3.56565432265089
29397600,340.25,60.6939511214703,60.7894911834539,4.93490312527593,5.08363214539028
29490300,341.322916666667,60.7667622076431,60.8648494743414,4.22215384196003,4.37107243240811
29582100,342.385416666667,60.8375239155588,60.9381517396271,6.18984309660769,6.31065503350177
29674800,343.458333333333,60.9052316344201,61.0084408395014,5.64929099603851,5.72645573766567
29766600,344.520833333333,60.9663675389366,61.0721457335143,5.19076702418382,5.21637911409578
29859300,345.59375,61.0201368894935,61.1285182409858,6.47287836252235,6.51416721127748
29952000,346.666666666667,61.0642457981991,61.1752348905433,7.66128917282238,7.60056253424335
30043800,347.729166666667,61.0972297715638,61.2108009963147,6.0795266743034,5.99083865760679
30136500,348.802083333333,61.1190944333656,61.2352678144787,6.382986521871,6.2443281168324
30229200,349.875,61.1293901563463,61.2481555119348,5.27532087720387,5.12060173894069
30321900,350.947916666667,61.1285743406759,61.249917028153,3.57518909830091,3.42403687080219
30413700,352.010416666667,61.1176841967551,61.2415609577688,4.56994947639243,4.41603268365115
30505500,353.072916666667,61.0979177611582,61.2243072889852,5.01685870534092,4.98274391352743
30598200,354.145833333333,61.070318407559,61.1992210971232,3.25945711067859,3.31150998318377
30690000,355.208333333333,61.036901824619,61.1682671611675,3.95774051382997,4.09390399645678
30782700,356.28125,60.9986183010696,61.1324422808993,4.13549426598599,4.2964727280159
30874500,357.34375,60.957924160457,61.0941535808348,4.56667757713209,4.71310990843103
30967200,358.416666666667,60.9159392390317,61.054566882651,4.54710823053567,4.70597674812931
31059000,359.479166666667,60.8756101613074,61.0165814444376,7.64026718259193,7.73927135525473
31150800,360.541666666667,60.8388990264678,60.9821825321336,6.61795198893514,6.65716543665253
31243500,361.614583333333,60.8080975449507,60.9536845622207,6.7346691299909,6.71854130682678
31335300,362.677083333333,60.7863561538877,60.9341946807114,6.5869439825058,6.54061334451217
31428000,363.75,60.7754451132463,60.9255297362191,6.07560265415907,5.95641203115394
31519800,364.8125,60.7769204833625,60.9292052531295,6.09941732011046,5.99380122001174
31612500,365.885416666667,60.7909805064663,60.9454658510793,7.20401118165563,7.0362613016398
31704300,366.947916666667,60.8162478081714,60.9728939561927,4.95179497439296,4.79134877668211
31797000,368.020833333333,60.8510354266565,61.0098463311222,3.83805362348227,3.73047847554618
31888800,369.083333333333,60.8918916445081,61.0528291120059,3.46134178256841,3.37903232081929
31981500,370.15625,60.9366218972121,61.0996879898767,3.56408733075856,3.65621610682397
32073300,371.21875,60.9815310908312,61.1466841680275,2.73311137090333,2.81885034008535
32166000,372.291666666667,61.024927467207,61.1921637886693,5.85076826329725,6.01801098468763
32257800,373.354166666667,61.0637646906857,61.2330367143738,5.71824068372724,5.88540395540607
32350500,374.427083333333,61.0969085923164,61.2682051297114,5.84784499700688,5.96898858335004
32442300,375.489583333333,61.1221864807475,61.2954534545658,5.65200642713399,5.77201232344799
32535000,376.5625,61.1389140506142,61.3141324520097,7.15943564881374,7.19812323199131
32626800,377.625,61.1460015754998,61.3231111200456,6.0792574277868,6.10931185910675
32719500,378.697916666667,61.1432452116346,61.3222194748025,8.57093282830033,8.51898244633711
32811300,379.760416666667,61.1307862639626,61.3115598222991,7.44781060852136,7.32510578942183
32904000,380.833333333333,61.1088683317073,61.2914085819837,5.7567220783978,5.58700465524253
32995800,381.895833333333,61.0787322214963,61.2629702485454,5.3181373958868,5.15221146512024
33088500,382.96875,61.0408801535938,61.2267787502645,5.53882816631939,5.3642813571725
33180300,384.03125,60.9973307707337,61.1848192672478,3.7892453969308,3.62160861370887
33273000,385.104166666667,60.9487061034236,61.1377441336084,5.0332856184376,4.96799853682329
33364800,386.166666666667,60.8975890190494,61.0881054833912,4.50365245899919,4.58131231834495
33457500,387.239583333333,60.8448695808487,61.0368219820535,4.36788482235886,4.54905472200627
33549300,388.302083333333,60.7937414018426,60.9870591832249,3.02258355393662,3.20360433203022
33642000,389.375,60.745771142779,60.9404105232232,6.12045334246679,6.30600845211643
33733800,390.4375,60.7047865796876,60.9006783258681,5.29213032218776,5.45317834557822
33825600,391.5,60.6733703482212,60.8704585637467,7.52298411925559,7.6472234540775
33918300,392.572916666667,60.6543115853492,60.8525513953884,7.89587500948056,7.94776904958068
34010100,393.635416666667,60.6501916641881,60.849515660146,7.48249788048695,7.43554312712918
34102800,394.708333333333,60.6618787187527,60.8622398836241,5.94089828844935,5.91562729956248
34194600,395.770833333333,60.6885169516485,60.8898466083476,8.0986364964337,7.9844625202608
34287300,396.84375,60.7285480734513,60.9307941835026,6.39248893497067,6.23433195919151
34379100,397.90625,60.7782152589939,60.9813052267352,6.83489692944086,6.64216188436343
34471800,398.979166666667,60.8351493206568,61.0390241228479,5.81657691377527,5.62628468952443
34564500,400.052083333333,60.8956907700616,61.1002797273286,4.42603742075979,4.3435723083534
34656300,401.114583333333,60.9564337717913,61.1616575998393,2.31774628000495,2.19325348438132
34749000,402.1875,61.0162302054664,61.2220195338135,4.7179674499822,4.75434772726586
34840800,403.25,61.0720155073758,61.2782878909674,4.07764282706826,4.23767292501165
34932600,404.3125,61.1228325325012,61.3295096506921,5.44070187707404,5.64122210391411
35025300,405.385416666667,61.1678304999632,61.3748354169163,5.96283319278072,6.16205806758618
35117100,406.447916666667,61.2051694568868,61.4124180440304,7.33517502070622,7.47344794462287
35209800,407.520833333333,61.2349177714426,61.4423305241721,4.82585202497332,4.94738885427439
35301600,408.583333333333,61.2561819577491,61.4636760169523,8.19952780961793,8.28754723978048
35393400,409.645833333333,61.2693297133909,61.4768250280774,7.99326312395838,7.99552960638223
35486100,410.71875,61.274762702543,61.4821793152267,8.20657888933679,8.12877586355872
35577900,411.78125,61.2730862948513,61.4803471227967,7.54830351761171,7.42653475032737
35670600,412.854166666667,61.2652745924195,61.4723011403122,7.30588631069736,7.10909411459086
35762400,413.916666666667,61.2527214451892,61.4594419638042,4.35627441371709,4.16317713597082
35855100,414.989583333333,61.2366788333241,61.4430180758805,6.45205138143504,6.24128957581493
35946900,416.052083333333,61.2192003756258,61.4250929025859,5.2861359925484,5.12644517760961
36039600,417.125,61.2020417723991,61.4074156674489,4.70186865028369,4.68582055480173
36131400,418.1875,61.1880223575866,61.3928180439335,3.60673915611335,3.67675251084084
36224100,419.260416666667,61.1798587271726,61.3840073921959,5.52872787325218,5.72320449099837
36315900,420.322916666667,61.1810570722346,61.3845028776297,3.2969634326199,3.51401191870441
36408600,421.395833333333,61.1951343808467,61.3978059478237,5.89522167359628,6.11369713036452
36500400,422.458333333333,61.2248192682941,61.4266565226632,7.32514990009187,7.51268338774907
36593100,423.53125,61.2726052199888,61.4735248065749,8.35628521673114,8.46320903499455
36684900,424.59375,61.3378362788553,61.5377640903727,6.97698282357551,7.04454311679631
36777600,425.666666666667,61.420372565167,61.6192061612764,8.84747207489498,8.82549256878963
36869400,426.729166666667,61.5159542692633,61.7136047144124,6.18758003148774,6.11543238252971
36962100,427.802083333333,61.6231484573152,61.8194975950117,8.23139632583733,8.12602301358867
37054800,428.875,61.7377212323626,61.9326581284801,8.23335135096917,8.05026845062951
37146600,429.9375,61.8554767339895,62.0489038018881,7.20458717542139,6.98041167601248
37239300,431.010416666667,61.9761628819324,62.1679522736684,4.483458701984,4.26239197234111
37331100,432.072916666667,62.095316578453,62.2853724909247,5.44474500248804,5.29501854965872
37423800,433.145833333333,62.2134577794126,62.4016513536638,2.72032571677704,2.69403569510727
37515600,434.208333333333,62.3267531747159,62.5129934672754,4.15946104893765,4.18657291840816
37608300,435.28125,62.4360842590575,62.6202446081314,5.30638086077791,5.46804556397496
37700100,436.34375,62.5382291904916,62.7202265955981,7.15434552738133,7.38590950749055
37791900,437.40625,62.6334478141268,62.8131837488036,5.04284756590612,5.25237544034011
37884600,438.479166666667,62.7220454120407,62.8994029566625,7.48619248363271,7.67872906946237
37976400,439.541666666667,62.8021451567568,62.9770593632147,6.60195212290579,6.72081919691029
38069100,440.614583333333,62.8755533852316,63.0479178626818,7.94923092013751,8.04476978169159
38160900,441.677083333333,62.9414634378909,63.1112280046759,9.07488923447905,9.09809303083916
38253600,442.75,63.0021617167957,63.1692321102884,9.89137939494153,9.78060797738227
38345400,443.8125,63.0577856317183,63.222126650382,6.24621462140352,6.08992120114565
38438100,444.885416666667,63.1110921586767,63.2726217191155,7.81218039061585,7.61694472086681
38529900,445.947916666667,63.1630531350045,63.3217499513338,5.8409147204189,5.60729678598846
38622600,447.020833333333,63.2171587143546,63.3729515704607,5.94291197231059,5.70609064380886
38714400,448.083333333333,63.2752998849739,63.4281781949187,5.65513391111875,5.45720316954386
38806200,449.145833333333,63.341393469365,63.4913205487609,6.32686585384084,6.32586226723187
38898900,450.21875,63.4199574069483,63.5668654148281,3.19695575869261,3.3865323475223
38990700,451.28125,63.5130025066222,63.6568759268995,4.58141574906144,4.76726226902973
39083400,452.354166666667,63.6250886334868,63.7658413465389,5.12531593913865,5.37080508270442
39175200,453.416666666667,63.7553052156187,63.892897459153,6.47250319014947,6.71367516265606
39267900,454.489583333333,63.9057820262076,64.0400969307908,7.19620216977035,7.413221827815
39359700,455.552083333333,64.0717194193775,64.2026906967468,10.1285138457172,10.260486044664
39452400,456.625,64.2535388243855,64.3810249811991,7.15035254924824,7.16739162189557
39544200,457.6875,64.4445804260652,64.5685021150626,8.20191913232409,8.22325860609662
39636900,458.760416666667,64.6455081736784,64.765713957152,8.37735011170024,8.30970309265212
39728700,459.822916666667,64.849667268672,64.9660781868709,8.72425844985261,8.57276605077284
39821400,460.895833333333,65.0585984003433,65.1710631144096,7.71916798330035,7.52066999672729
39913200,461.958333333333,65.2660833966998,65.3745303412309,8.65701457614916,8.40405857998674
40005000,463.020833333333,65.4721914912932,65.5765154100272,4.25123183763862,4.03871986398783
40097700,464.09375,65.6770845496994,65.777143334256,4.49020484026369,4.27660678236165
40189500,465.15625,65.875102753653,65.9708432852328,4.40361519805395,4.3144731980051
40282200,466.229166666667,66.0686104092846,66.1599025025179,5.36410382758776,5.46841769458832
40374000,467.291666666667,66.2526190262148,66.3394277028251,4.50303790964953,4.71566485952825
40466700,468.364583333333,66.4298680137657,66.512080531084,7.72083431508737,7.97883153015287
40559400,469.4375,66.5981197765352,66.6756782335635,6.7205075066528,6.93462070409329
40651200,470.5,66.7560226914681,66.8289266435691,6.38224351164346,6.60056552510572
40743900,471.572916666667,66.9073820330596,66.97555122847,7.84633253807938,8.02307627873265
40835700,472.635416666667,67.0504786786918,67.1139354878447,9.99699461910152,10.0753814269189
40927500,473.697916666667,67.1884997798409,67.2472304130124,8.37286745205171,8.3684564491134
41020200,474.770833333333,67.3248814112364,67.3788341630744,10.4478062939155,10.3574280098588
41112900,475.84375,67.4608921228007,67.5100688098372,7.4525736582956,7.24799256426196
41204700,476.90625,67.5982974493593,67.6427513361058,6.88738277255633,6.6784034320243
41296500,477.96875,67.7419210029154,67.7816611945574,7.1933956842556,6.94491500399937
41389200,479.041666666667,67.8971369959603,67.9321247761555,7.64523566832529,7.39084173829283
41481000,480.104166666667,68.0646962116985,68.0949785128303,4.47407420358708,4.30746599566491
41573700,481.177083333333,68.2510644936615,68.2765842142102,5.86890404178233,5.81603527613159
41665500,482.239583333333,68.4545832231651,68.4753605343114,4.71603326296819,4.91855979309474
41758200,483.3125,68.6797134044151,68.6956588958383,4.06656624695769,4.31022055046316
41850000,484.375,68.9211043023917,68.9322074841526,5.11715172656989,5.38091282632688
41942700,485.447916666667,69.1813993113469,69.1875431275468,8.85112554822125,9.12311928357088
42034500,486.510416666667,69.4528767443431,69.4540331290967,7.77798792199507,7.97246774195039
42127200,487.583333333333,69.7379584670502,69.7339980105923,9.28165302535395,9.44858610211787
42219000,488.645833333333,70.0283039460446,70.019195989579,8.89976184750404,8.93858587250701
42310800,489.708333333333,70.3240091514618,70.3096753650189,8.17673045537184,8.17378833766909
42403500,490.78125,70.62553893239,70.6058516437935,8.56783641855348,8.52620547375016
42496200,491.854166666667,70.9275804072794,70.9024669645491,11.0817668147993,10.9104672095027
42588000,492.916666666667,71.2248522073096,71.1942988865711,7.509894012537,7.24852020963043
42679800,493.979166666667,71.5180051113574,71.4819522987435,7.45637341347883,7.17850530205916
42772500,495.052083333333,71.8076014394177,71.7659429412726,5.63997660890017,5.3838220695314
42864300,496.114583333333,72.0859700927881,72.0387183609169,4.539235980318,4.34214232753742
42957000,497.1875,72.3568503489322,72.3039199220795,3.88584882116642,3.75195462664558
43048800,498.25,72.6138342250651,72.5552630551902,7.02685652184203,7.10726126376917
43140600,499.3125,72.8591815050507,72.7949664970144,6.37469225515777,6.6534794162001
43233300,500.385416666667,73.095522851588,73.0256194981977,6.16303546671775,6.45412478255534
43325100,501.447916666667,73.3194764550825,73.2439635867898,7.16023543193398,7.42966684077956
43417800,502.520833333333,73.5373902337413,73.4562479985073,7.8982453098518,8.12640273706013
43509600,503.583333333333,73.7475599272912,73.6608865477667,7.50986861354294,7.70023460130205
43603200,504.666666666667,73.9591858425121,73.8669244305005,11.4918600721138,11.6090149279101
43695900,505.739583333333,74.1696204568404,74.0718801863654,10.0782730817337,10.0123462251825
43787700,506.802083333333,74.382579144433,74.2794686821798,8.94243587750084,8.83935149506474
43880400,507.875,74.6061498777446,74.497670404028,8.32040768795587,8.13670312880826
43972200,508.9375,74.8397065177961,74.7259576865892,8.23004790212408,7.97643831104148
44064900,510.010416666667,75.0910354260751,74.9720039544678,6.42977304238444,6.14672577679144
44156700,511.072916666667,75.3574657426519,75.2332287842578,8.67529476575702,8.38171767801375
44249400,512.145833333333,75.6452213815044,75.5157406808031,6.02661277659368,5.91728936595666
44341200,513.208333333333,75.9484529359307,75.8137797873025,4.23833999439759,4.25169958300278
44433900,514.28125,76.2717768972593,76.1318504368765,4.12385839641567,4.28057928809977
44525700,515.34375,76.6068752751916,76.4617291460377,5.9168043701405,6.17233025528958
44618400,516.416666666667,76.9578460085876,76.8074069971903,5.4922770305786,5.80012047310242
44710200,517.479166666667,77.3152765431839,77.1595723466984,8.89795005440774,9.2050931108174
44802000,518.541666666667,77.6799157720477,77.5189226033318,10.1492290955472,10.3643668272022
44894700,519.614583333333,78.0528064944053,77.8864497224521,8.6831273402297,8.82423249541729
44986500,520.677083333333,78.4240761509613,78.2523876328066,8.3847719454304,8.47637152399425
45079200,521.75,78.7982638919471,78.6211743943068,10.5921477229296,10.6040998066643
45171900,522.822916666667,79.1688602066391,78.986357343446,8.79332442758166,8.68923318185604
45263700,523.885416666667,79.5294066418318,79.3415369057061,10.8301244200216,10.6639210818203
45356400,524.958333333333,79.8840616054526,79.6907743515075,9.35504112328033,9.05904410933589
45448200,526.020833333333,80.2233233699341,80.0246832319639,6.5146391660466,6.20158432842699
45540900,527.09375,80.5517796133768,80.3477584117632,4.87505304410111,4.56531716966915
45632700,528.15625,80.8619269391673,80.6526142407076,6.56374278701127,6.32525542929904
45724500,529.21875,81.1570550497956,80.9425013127812,4.63983269160661,4.64721509744522
45817200,530.291666666667,81.4410909850852,81.2213084100137,5.89385800487416,5.98057307849118
45909000,531.354166666667,81.7108342705221,81.4859466718658,7.57371346912885,7.87191247937777
46001700,532.427083333333,81.9747269278706,81.7447654911263,7.17105124321067,7.49129893032762
46093500,533.489583333333,82.2312509611367,81.9963499610966,6.00534168734676,6.30435695984315
46186200,534.5625,82.489334821166,82.2495336825775,9.32592258898944,9.61450881960347
46278000,535.625,82.7478682418923,82.5033012075775,9.83643073656563,9.99672566864596
46369800,536.6875,83.0131116865178,82.7638625407974,10.5441253313855,10.6675750074524
46462500,537.760416666667,83.2912802796109,83.0373836630019,11.2208549665152,11.1810155423123
46554300,538.822916666667,83.5799184787003,83.3214931345698,9.67139210919364,9.51872581758049
46647000,539.895833333333,83.8868901442665,83.6239586058417,7.38508742357949,7.19632585415248
46739700,540.96875,84.2106983288728,83.9433199389643,10.0958840122916,9.8482858450802
46831500,542.03125,84.5482037538667,84.2764727141825,7.93267105113675,7.60402451673725
46923300,543.09375,84.9018174538965,84.6257782182307,7.01433330620594,6.6956444208329
47016000,544.166666666667,85.2738579593656,84.9935084827025,6.3128452014645,6.13915428385342
47108700,545.239583333333,85.6590244437941,85.3744018309634,5.26782185814205,5.32687677691792
47200500,546.302083333333,86.0511976510184,85.7623782242972,3.39018875617344,3.64551069937742
47293200,547.375,86.4556736198666,86.1626509871076,6.27422003066478,6.4939335511296
47385000,548.4375,86.8621070413541,86.5649569756708,8.41166065424114,8.75091251040458
47476800,549.5,87.2717736333101,86.9705322941321,8.38088236411647,8.70450671332254
47569500,550.572916666667,87.6858697640077,87.3805358550846,9.80254771790772,10.0582177184247
47661300,551.635416666667,88.0932485893358,87.7839031970805,10.3483676051277,10.5149249510827
47754000,552.708333333333,88.4984589006757,88.1851084614411,8.2391045479018,8.30101166798366
47845800,553.770833333333,88.8900398008804,88.572773737837,10.9747137750063,11.042528088813
47938500,554.84375,89.2720885634095,88.9509263593955,11.7914716773398,11.6546151834217
48031200,555.916666666667,89.6376033814282,89.3126115198203,9.9300926397733,9.70323165282685
48123000,556.979166666667,89.9812497054065,89.6525400028077,8.58226115604424,8.27324459274773
48215700,558.052083333333,90.3092269435349,89.9768475872142,8.00770531107233,7.66317684914423
48307500,559.114583333333,90.6163091872646,90.2803876511465,4.60399702291338,4.28991329710284
48400200,560.1875,90.9111955673773,90.5717960946619,6.37234586397681,6.06389103194318
48492900,561.260416666667,91.1945603868592,90.851786249153,7.04933525138444,7.04879739109237
48584700,562.322916666667,91.4680320050136,91.1220193085427,6.29290721008148,6.51418043508931
48677400,563.395833333333,91.7412846726704,91.3921058119635,6.15298001795201,6.49036701888597
48769200,564.458333333333,92.0130457607973,91.6608332038307,7.7338255353607,8.0899115282247
48861900,565.53125,92.2923548813139,91.9371793363502,7.72895961418619,8.03544727522227
48953700,566.59375,92.5769955356763,92.2189825714844,8.62548188805703,8.95310628332678
49045500,567.65625,92.8723065023181,92.511549504582,12.0106715328674,12.2163290342816
49138200,568.729166666667,93.1834240661697,92.8199879502433,11.6132546679149,11.676706066467
49230000,569.791666666667,93.5056755973941,93.1396745857065,9.95095063125913,9.90443488331117
49322700,570.864583333333,93.8460152352871,93.4775109424866,10.7301262942618,10.6209893889849
49415400,571.9375,94.201254770184,93.8303327062496,8.72232124719208,8.46675085008061
49508100,573.010416666667,94.5706298614295,94.1973746194868,9.34673623706923,9.08490686547009
49599900,574.072916666667,94.949070126618,94.5735876444149,9.80923077980085,9.44958482044128
49692600,575.145833333333,95.342302888842,94.9646560258272,7.52362384317729,7.21826980264124
49784400,576.208333333333,95.7407301594929,95.3610251492253,4.58563922202139,4.46348699423008
49877100,577.28125,96.1499351035329,95.7682396570277,5.31744490662062,5.25594794918094
49969800,578.354166666667,96.5635529909916,96.1799577891729,5.50482969064397,5.77226357842958
50062500,579.427083333333,96.9787634754056,96.5933619301301,5.45321276826107,5.74693968243869
50154300,580.489583333333,97.3883303020504,97.0012350081854,9.18882323597611,9.55785176294665
50246100,581.552083333333,97.7926542054922,97.403963172178,10.5431753757647,10.8858690840143
50338800,582.625,98.1914710967426,97.8012713228999,9.1629719014285,9.39155170024174
50430600,583.6875,98.5727031378147,98.1811142469618,9.87512082440675,10.1109731507825
50523300,584.760416666667,98.9397214428358,98.5468389718402,11.060081386824,11.1375972995831
50615100,585.822916666667,99.2823534974581,98.8882999411476,10.5054038217625,10.5389585186465
50707800,586.895833333333,99.6059730816267,99.2108487084001,12.226659408188,12.1025256855579
50800500,587.96875,99.907910040375,99.5118268586836,11.6541946172391,11.3778634080402
50892300,589.03125,100.188292891087,99.7913691022594,7.48769226458125,7.12761507941059
50985000,590.104166666667,100.456748750635,100.059083681058,7.61786235723901,7.26003689024523
51076800,591.166666666667,100.712705239984,100.314410057542,7.14864743929469,6.80813541646337
51168600,592.229166666667,100.963369414045,100.564545547491,5.71373423029535,5.44594404939876
51261300,593.302083333333,101.215312459413,100.816056289985,6.4439623121718,6.41827287437091
51354000,594.375,101.469741057878,101.070153487103,7.78687032058801,8.03021940234113
51445800,595.4375,101.727225102222,101.327407909383,7.3061544552929,7.69416661248178
51537600,596.5,101.992756343179,101.592808062441,6.01616079122999,6.40399283561487
51630300,597.572916666667,102.271145013324,101.871165233906,9.62120424371892,9.99077372020355
51722100,598.635416666667,102.558542783321,102.158632980654,10.0380468021957,10.3504713077581
51814800,599.708333333333,102.861601532131,102.461866955416,11.5125868214644,11.7357399641424
51906600,600.770833333333,103.174860343053,102.775405832705,12.8500022191907,12.9427317324589
51998400,601.833333333333,103.501047067425,103.101982013172,10.7681901506279,10.6548029381268
52091100,602.90625,103.842859964929,103.444303118335,9.57541940185024,9.50262454525664
52182900,603.96875,104.19251873337,103.79458329737,11.2727244346188,11.0370810034898
52275600,605.041666666667,104.555331981471,104.158147838656,9.82526658184275,9.48352205047158
52367400,606.104166666667,104.922394729166,104.526081705904,8.5801170588796,8.18705359285668
52460100,607.177083333333,105.298685770978,104.903385500444,8.27254428531582,7.91493525125107
52551900,608.239583333333,105.674318930453,105.28015813229,5.75187278548182,5.7054625664819
52643700,609.302083333333,106.04986569919,105.656984924783,3.41360694293481,3.36152655028369
52736400,610.375,106.425256711959,106.033815293624,6.61312847050166,6.79002522749315
52828200,611.4375,106.788807240287,106.398939508882,7.81774224992853,8.17595730875404
52920900,612.510416666667,107.142658487356,106.754530628659,8.78096472984089,9.18649756651278
53012700,613.572916666667,107.474983690502,107.0887258021,10.3379049591918,10.7250415590197
53105400,614.645833333333,107.788095388211,107.403867949624,11.2818328450744,11.5354751563716
53197200,615.708333333333,108.073522178691,107.691436485843,8.64937221752742,8.88234094450764
53289000,616.770833333333,108.334418007946,107.954592432741,12.1074303755894,12.2610977379154
53381700,617.84375,108.575359576965,108.197924128062,13.1492248168388,13.1393989741024
53474400,618.916666666667,108.797809452019,108.4228619873,11.4185679349429,11.2363320758556
53566200,619.979166666667,109.004717547555,108.632322898111,11.0303671099208,10.7722445865586
53658900,621.052083333333,109.205008928826,108.835277475468,9.48136985040928,9.08692039575756
53750700,622.114583333333,109.399131000788,109.03211941473,6.35616909190236,5.96267759467475
53842500,623.177083333333,109.592762146642,109.228552387537,7.73307858232448,7.32963619446635
53935200,624.25,109.790989928585,109.429693806169,7.90687297929826,7.66894007385512
54027000,625.3125,109.99265989694,109.634334910192,6.67966200732006,6.80404519318234
54119700,626.385416666667,110.204048950484,109.84881418985,5.94139841638332,6.19175081532744
54211500,627.447916666667,110.422958965358,110.070877870302,8.52177583870469,8.93244091139326
54304200,628.520833333333,110.655190870639,110.306394199626,6.78677741208205,7.208527315729
54396000,629.583333333333,110.897248776793,110.551809930862,9.17511215983999,9.59162565669583
54488700,630.65625,111.154365861383,110.812431391437,12.4338889351866,12.7842327433509
54580500,631.71875,111.421473394513,111.083129558303,12.8404747757896,13.009173452237
54673200,632.791666666667,111.703177476615,111.3685890087,11.2114672803715,11.3280809934207
54765000,633.854166666667,111.992881375771,111.662148007412,12.3364260426259,12.2805427449608
54857700,634.927083333333,112.294664779919,111.967969623598,9.90205964463249,9.75553809852894
54949500,635.989583333333,112.600657854479,112.278112961541,11.0740028833125,10.8475459405355
55042200,637.0625,112.914356877719,112.596162751877,11.9882613239037,11.6237481857242
55134000,638.125,113.226639820282,112.912918889147,9.10879023603061,8.69261597120673
55226700,639.197916666667,113.539848462841,113.230816269678,5.91601199872423,5.52527997344685
55318500,640.260416666667,113.843362515057,113.539146797177,6.52123702461715,6.32192096175499
55411200,641.333333333333,114.137798574985,113.838621075273,4.68087398058897,4.75547462643468
55503000,642.395833333333,114.411875721313,114.117854411968,5.7776649602952,6.00696724602896
55594800,643.458333333333,114.663539460736,114.374827836137,8.97209409969437,9.33099297945098
55687500,644.53125,114.891472559286,114.608259375414,11.3250640355381,11.7595019612094
55779300,645.59375,115.090248922154,114.812593647253,8.84450303252382,9.22961849850453
55872000,646.666666666667,115.26536920669,114.993417721134,11.2246518114977,11.5610944233299
55963800,647.729166666667,115.417032543943,115.1508013246,11.1745011954845,11.4097486169178
56055600,648.791666666667,115.551692297594,115.291239768698,11.6939972303438,11.8343504874729
56148300,649.864583333333,115.675338597864,115.420772949777,13.9083537458368,13.9302393028506
56240100,650.927083333333,115.790104498033,115.541416209219,13.7648845820589,13.5305090010956
56332800,652,115.902281920629,115.659576288565,9.03004727359382,8.72469063414915
56424600,653.0625,116.013151188027,115.776418885495,9.59489849367207,9.21586349313944
56517300,654.135416666667,116.127955209604,115.897307013746,8.48517465493511,8.0450741808859
56609100,655.197916666667,116.247161979217,116.022594629336,7.12967718117133,6.71577289169079
56700900,656.260416666667,116.374257349183,116.155831741069,7.51580112752567,7.21154565526549
56793600,657.333333333333,116.512724396119,116.300569415509,8.79990630284061,8.93648661671904
56885400,658.395833333333,116.661585603054,116.455716620784,5.93844753952981,6.33299901580203
56978100,659.46875,116.824987234992,116.625552652853,6.74031351473865,7.16181049543452
57070800,660.541666666667,117.002148710946,116.80924653152,8.94164414610217,9.39975528032589
57162600,661.604166666667,117.191079105185,117.004753701744,10.6518659874306,11.076523700933
57255300,662.677083333333,117.394712185566,117.21514803437,11.773037352515,12.159016816196
57347100,663.739583333333,117.607677265391,117.434938030037,14.7310098872426,14.9372488870745
57439800,664.8125,117.832105689988,117.666398565986,11.2693931536231,11.3040054580733
57531600,665.875,118.06104731637,117.902451282894,11.376489581266,11.3846483917598
57623400,666.9375,118.293468051857,118.142136696772,12.5468254619719,12.4247134022023
57716100,668.010416666667,118.527772211712,118.383938050319,11.7257241457771,11.4081833248484
57807900,669.072916666667,118.754750906641,118.618503574751,10.6657114200721,10.2793436311642
57900600,670.145833333333,118.973403429066,118.844979495069,10.5958392444807,10.1383866401989
57992400,671.208333333333,119.173731938714,119.053207960149,5.74706090732003,5.41845025389621
58085100,672.28125,119.354203077226,119.241794511955,4.8155272348681,4.55128274838226
58176900,673.34375,119.507255961586,119.402997612662,6.49925690263016,6.43253735832168
58269600,674.416666666667,119.63398781105,119.538046059208,8.14655938164256,8.46445872097157
58361400,675.479166666667,119.732543631179,119.644895112855,7.81540303576567,8.25290896444102
58453200,676.541666666667,119.807003185203,119.727680654104,11.6729642675809,12.147653534277
58545900,677.614583333333,119.861863470694,119.790963033786,10.7706135926486,11.1660701211383
58638600,678.6875,119.900990924889,119.838514922672,9.84324693549981,10.1967877731184
58730400,679.75,119.928795964399,119.874658252216,12.5264390723321,12.8409200409355
58823100,680.822916666667,119.950067786845,119.904342558469,14.751547230907,14.8569038642546
58914900,681.885416666667,119.968166826021,119.930764707048,12.4695726306116,12.4421076261194
59006700,682.947916666667,119.986722451467,119.957637137287,13.7758111077318,13.5742525825438
59099400,684.020833333333,120.009128542077,119.988437718394,10.6161032354106,10.2502515229449
59192100,685.09375,120.038264797897,120.025968720553,8.36792752788783,7.96475818993419
59283900,686.15625,120.076561043554,120.072584425792,9.51779262028024,9.0628323999767
59375700,687.21875,120.126768829611,120.131125879548,9.6715247035545,9.26485525492413
59468400,688.291666666667,120.191667900828,120.204464882109,6.21952157998492,6.04332827150209
59560200,689.354166666667,120.271452574959,120.292643754012,7.2805380462769,7.37069837461907
59652900,690.427083333333,120.368320159388,120.398038016698,7.54432090140662,7.94758692394361
59744700,691.489583333333,120.480059748908,120.518285217458,7.06851365414017,7.55134262657637
59837400,692.5625,120.607537225718,120.65443118479,8.48561073390841,8.97053935674149
59929200,693.625,120.746064242719,120.801630755068,13.5845472694194,14.0505369763018
60021900,694.697916666667,120.895321359875,120.959744107289,12.5525150143336,12.8899871704076
60113700,695.760416666667,121.048741207695,121.122038667065,13.3038064936044,13.5565754066559
60206400,696.833333333333,121.204994526818,121.287363230065,12.9972671557458,13.0803989316477
60298200,697.895833333333,121.35618842669,121.44764940266,11.7258148362768,11.6757549617513
60390900,698.96875,121.499883138401,121.600631919218,12.5288030110071,12.4432671899043
60482700,700.03125,121.627765500612,121.737807870025,14.5320072862589,14.1987707361172
60575400,701.104166666667,121.737108055555,121.856615879198,10.1223429637302,9.64935436257544
60667200,702.166666666667,121.821699528418,121.950638743754,8.58970592542588,8.09662886207026
60759900,703.239583333333,121.88082473578,122.01931948779,7.12307500079442,6.69902295217068
60852600,704.3125,121.91325871488,122.061312932003,5.50852306849611,5.34859136590718
60944400,705.375,121.920756838627,122.078256386187,5.34954839136149,5.28820368754226
61037100,706.447916666667,121.906622545743,122.073617682343,9.98894007493183,10.2707816204819
61128900,707.510416666667,121.875044683417,122.051386114716,10.1477163343612,10.6494163147344
61221600,708.583333333333,121.829631547059,122.015342834497,9.86340684985996,10.3671200096427
61313400,709.645833333333,121.775356780831,121.970273104655,11.0259300114071,11.4948688606157
61406100,710.71875,121.715080193038,121.919213406188,12.2404730849165,12.6087407640898
61497900,711.78125,121.653635200224,121.866816271844,11.77477861317,12.0925173519318
61590600,712.854166666667,121.59339443299,121.815631230313,16.3169471655357,16.4707549214779
61682400,713.916666666667,121.539009066353,121.770134547326,14.5561636665982,14.4447791811162
61775100,714.989583333333,121.49292039053,121.732944583433,11.6404361239433,11.4103362735926
61866900,716.052083333333,121.459402861952,121.70816807298,11.142569215104,10.8261311043554
61959600,717.125,121.440950955121,121.698478900908,10.615656353556,10.1509664996656
62051400,718.1875,121.44046565378,121.706618787642,8.32497732262004,7.8266146366739
62144100,719.260416666667,121.45957253892,121.734396052463,10.0628588554957,9.59669197923933
62235900,720.322916666667,121.498265214301,121.781650800649,8.3357855432487,8.25108413619774
62328600,721.395833333333,121.556232769944,121.848254835263,6.19326370241694,6.45573672867763
62421300,722.46875,121.630709673757,121.931371555966,5.97304773714128,6.33742950768166
62513100,723.53125,121.717149071249,122.026379640651,9.44480044148006,9.94214159909878
62605800,724.604166666667,121.812805643504,122.130707335086,9.38208873798794,9.91095421198798
62697600,725.666666666667,121.910942377828,122.237450688121,13.2050691273399,13.7150681804461
62790300,726.739583333333,122.008277449497,122.343494072665,14.8880416837412,15.244871807783
62882100,727.802083333333,122.097714410047,122.441565504758,13.0140602494511,13.2051978584973
62974800,728.875,122.175890106527,122.528460564066,12.140330215479,12.3078443877393
63067500,729.947916666667,122.237213836697,122.598489174536,14.6766917736515,14.6579442086856
63160200,731.020833333333,122.27792427188,122.64787160833,12.5933171268661,12.3967415702151
63252000,732.083333333333,122.295523859263,122.674006100556,13.8576016661892,13.520020988196
63344700,733.15625,122.289491174418,122.676517149807,11.8929963539724,11.384938465568
63436500,734.21875,122.260622828941,122.656015483729,7.65999136871434,7.15302397687634
63528300,735.28125,122.210931207652,122.61457959112,5.76559538649665,5.26427370199453
63621000,736.354166666667,122.142525579298,122.554383883641,8.01161913741387,7.72884373889773
63712800,737.416666666667,122.060116066171,122.479968470553,6.84633694208391,7.00316302028364
63805500,738.489583333333,121.965712468144,122.393492133137,8.55736720942949,8.90935008065397
63897300,739.552083333333,121.864746699246,122.300227497198,11.1863102258671,11.7119823422123
63990000,740.625,121.758856920755,122.201959989865,11.3555070339803,11.8783403424245
64082700,741.697916666667,121.652668879506,122.103236641347,9.34745924427611,9.84326299239909
64174500,742.760416666667,121.550930958513,122.008734467477,14.0391326165574,14.4911470567712
64266300,743.822916666667,121.456469723682,121.921353416911,14.6235671286179,14.8924805492141
64359000,744.895833333333,121.372589184508,121.844466710969,14.812668750913,14.9474273823077
64451700,745.96875,121.304470833701,121.783190228779,15.2000156769777,15.1201195283722
64543500,747.03125,121.256382138049,121.741734563735,12.9259030151432,12.6294323036695
64636200,748.104166666667,121.230406186654,121.722323008826,9.68657516596939,9.3735527682989
64728000,749.166666666667,121.228603502095,121.726900461174,12.41249294729,11.9580126087167
64820700,750.239583333333,121.250604446302,121.75523455759,10.2881695795461,9.74570156131684
64912500,751.302083333333,121.293657909003,121.80446136515,8.16064977947408,7.71231987086847
65004300,752.364583333333,121.353886217823,121.870771801975,7.56274871296676,7.40183048702353
65097000,753.4375,121.426982745163,121.949919924416,7.91276388158467,8.20122992546112
65188800,754.5,121.50597939827,122.03481823195,5.60069095799187,6.08613407821328
65281500,755.572916666667,121.586853100826,122.121554034122,9.29187991283484,9.77137898579863
65373300,756.635416666667,121.662882553761,122.203284231722,12.8472116053052,13.4102762400547
65466000,757.708333333333,121.73085134562,122.276894093332,13.3441910480818,13.8442462848522
65557800,758.770833333333,121.785408300808,122.336912208965,13.7826634993394,14.1920244801902
65650500,759.84375,121.824299818273,122.381179808179,14.7915521285624,15.0236994368024
65742300,760.90625,121.844400835137,122.406455152341,11.963216072907,12.0744838934571
65835000,761.979166666667,121.844769478044,122.411886219,15.1075121239606,15.1623076629907
65926800,763.041666666667,121.825186997634,122.397145211942,15.7201065926811,15.4838750132423
66019500,764.114583333333,121.786113455361,122.362777554863,12.7365984419377,12.299277136035
66111300,765.177083333333,121.730012653116,122.311148193319,10.3722586657409,9.85302284265487
66203100,766.239583333333,121.658920509298,122.244334404566,9.44253120951665,8.88557228730505
66295800,767.3125,121.574697424837,122.164232055887,5.43782004952498,4.98920590698398
66387600,768.375,121.481969079255,122.07538437004,7.23075068156408,6.86353610106944
66480300,769.447916666667,121.382108507317,121.979238994621,9.5521404602969,9.66680727373216
66572100,770.510416666667,121.280378162161,121.880986139935,10.0513311369247,10.5362338504229
66664800,771.583333333333,121.178418728752,121.782335529867,9.31296769267732,9.89068917651829
66756600,772.645833333333,121.082190288671,121.689183807279,11.907022733645,12.4866451939656
66849300,773.71875,120.994331586738,121.604232134154,11.5353507427593,12.0382108270064
66941100,774.78125,120.921466631204,121.53405079957,13.0401555931834,13.5273948611451
67032900,775.84375,120.867731528773,121.482807977124,16.9817583511203,17.3020717783763
67125600,776.916666666667,120.837569776302,121.454971937327,16.4385814633465,16.4929979814465
67217400,777.979166666667,120.834904348539,121.454423162767,12.9595371029177,12.8720724967375
67310100,779.052083333333,120.860865836343,121.482334978887,13.9265019527343,13.7048154387183
67401900,780.114583333333,120.913489137822,121.536703546846,11.5286059624812,11.1181959831565
67494600,781.1875,120.989872374436,121.614658218711,11.2275199197125,10.7516808168089
67586400,782.25,121.083015613545,121.709163749741,11.6904828073874,11.1091444045109
67679100,783.322916666667,121.188509948182,121.81583188034,9.61666275370749,9.24257048913307
67770900,784.385416666667,121.298322937562,121.926600926831,5.63147899873004,5.63265820106083
67863600,785.458333333333,121.409172407025,122.038201084763,6.78159481535299,6.93062838585092
67955400,786.520833333333,121.514298037711,122.143851860151,8.40592037392939,8.89300817369962
68047200,787.583333333333,121.610944536452,122.24080162602,9.1520657867388,9.71532095317047
68139900,788.65625,121.696716446342,122.326650857525,13.061678960962,13.663266268324
68231700,789.71875,121.767441974318,122.397223940478,15.8991580963555,16.4207021942596
68324400,790.791666666667,121.822705056259,122.452100904486,13.2234920276065,13.5818581370575
68416200,791.854166666667,121.860433133459,122.489217244068,13.9190120736697,14.2592620957925
68508900,792.927083333333,121.881172913591,122.509109759055,15.2249901505451,15.3585574882593
68601600,794,121.885067394445,122.511929704806,14.7039972299795,14.6835353886488
68693400,795.0625,121.873595877278,122.49917454745,15.7439248531794,15.5315404946185
68786100,796.135416666667,121.848376593093,122.47244267137,14.6739689139014,14.1955966251521
68877900,797.197916666667,121.812138620331,122.434498412953,8.87902265985705,8.29494846788835
68969700,798.260416666667,121.767251943825,122.387704412597,8.52539196369244,7.93659885680135
69062400,799.333333333333,121.716071831889,122.334401108128,8.51524868600347,8.00543233626492
69154200,800.395833333333,121.662883306892,122.27892181065,7.28135264106446,7.08432195256783
69246900,801.46875,121.610533173192,122.224075591925,8.32805357856334,8.47121480467101
69338700,802.53125,121.564600901182,122.175496971727,11.4860401888397,11.971260762043
69431400,803.604166666667,121.529638252878,122.137690916092,10.7834687481296,11.4030977361389
69523200,804.666666666667,121.512377609337,122.117446909321,9.74534942047229,10.3651753647559
69615900,805.739583333333,121.518724752683,122.120609129014,13.8704255902819,14.4526897562241
69707700,806.802083333333,121.553811317147,122.152361672367,15.3030697392847,15.7601903796251
69800400,807.875,121.621479187927,122.216465244734,15.7449770153999,16.0656123219621
69892200,808.9375,121.720475749714,122.311716774732,17.6076594820331,17.7071041732208
69984000,810,121.848248937126,122.435510579097,14.0921866492048,13.9203037000661
70076700,811.072916666667,122.001018205925,122.584006318422,12.2193185590125,12.0455308037338
70168500,812.135416666667,122.169315930631,122.747807241847,14.1114289469344,13.7331452198824
70261200,813.208333333333,122.349859640514,122.923535848236,12.5620252509912,11.9856894711164
70353900,814.28125,122.535106836089,123.103690062482,9.6855541171773,9.07264920441263
70446600,815.354166666667,122.719983194966,123.283196625523,9.53451402352239,9.07313723929707
70538400,816.416666666667,122.898536969236,123.456163416053,7.42994679075888,7.51397163697136
70631100,817.489583333333,123.07076278054,123.622480999157,5.13023879629368,5.39505927255928
70722900,818.552083333333,123.230439390256,123.776050114248,8.82932405292075,9.22525933022562
70815600,819.625,123.378342243424,123.917535673991,12.600039494792,13.2115441990035
70907400,820.6875,123.509857632152,124.042459545059,12.9741982510018,13.6027219212808
71000100,821.760416666667,123.626449023714,124.152168789501,14.9868765357721,15.5625489469558
71091900,822.822916666667,123.725439010282,124.244133731549,15.4032717756076,15.7915593732741
71184600,823.895833333333,123.80905640467,124.320460688258,13.0939133493534,13.4090753017389
71277300,824.96875,123.877210873687,124.381143055612,16.2305414569481,16.4562950314941
71369100,826.03125,123.930999894454,124.42736918143,17.810116274514,17.7375467349229
71461800,827.104166666667,123.973552661186,124.462135639672,14.4441370365641,14.1214096224433
71553600,828.166666666667,124.0065782815,124.487318005827,13.4714497454764,13.016192054614
71646300,829.239583333333,124.033834668865,124.506535598375,10.8482602943056,10.2314400875372
71738100,830.302083333333,124.058535322535,124.523172479973,7.27640118266602,6.64841261543837
71830800,831.375,124.08584126802,124.542244910869,8.63148142033166,8.03979207231506
71923500,832.447916666667,124.121286383983,124.569375629583,10.2112768701749,10.0251550116852
72015300,833.510416666667,124.171098271116,124.610878282445,9.2156490818013,9.58648795704594
72108000,834.583333333333,124.243550736573,124.674858364652,9.27736905590588,9.82115716776291
72199800,835.645833333333,124.343938144521,124.766757381152,11.7902332051304,12.4419638649533
72292500,836.71875,124.479081135572,124.893199958581,11.2010489500953,11.8431335633048
72384300,837.78125,124.648013987287,125.053352544849,13.2121400750814,13.8401640836082
72476100,838.84375,124.850029256086,125.246387307067,18.1379583714315,18.6420671259248
72568800,839.916666666667,125.082805896143,125.469861516235,17.2497989353563,17.4848308973423
72660600,840.979166666667,125.33546328709,125.713055410099,15.1698045419041,15.2834027754201
72753300,842.052083333333,125.606140363688,125.97391333506,15.5773635243421,15.4844922649806
72845100,843.114583333333,125.883315624575,126.241104060886,13.3382059057678,13.0657243043669
72937800,844.1875,126.166890422672,126.514338771017,13.3042490572809,12.9266132648204
73029600,845.25,126.446709952772,126.783672582256,14.4831986074479,13.8802861900874
73121400,846.3125,126.721582721226,127.047826417831,10.5704433975314,9.97009078068854
73214100,847.385416666667,126.990668868038,127.305865537191,6.60959226559209,6.17012086831034
73305900,848.447916666667,127.245775597083,127.549826996472,7.1887706953989,7.06268323958008
73398600,849.520833333333,127.489364746607,127.781971653187,7.60397266935274,7.93101941601625
73490400,850.583333333333,127.714723341693,127.995828337521,8.32956557554927,8.82731632403761
73582200,851.645833333333,127.922937841557,128.192394612072,13.267210166867,13.8915099895437
73674900,852.71875,128.115142855635,128.372711799842,15.9635120821041,16.6162816980181
73767600,853.791666666667,128.289336158292,128.534915662673,13.6314878573726,14.1885312195995
73859400,854.854166666667,128.444994768349,128.678624761208,14.8785485862756,15.3777537611398
73952100,855.927083333333,128.586844883976,128.808354774778,16.2134622605103,16.5393322431987
74043900,856.989583333333,128.714495332585,128.923972423427,15.8418506743418,16.0204535533817
74136600,858.0625,128.833566138757,129.03088324435,18.3425132040724,18.3122191706238
74229300,859.135416666667,128.946697066861,129.131865161431,16.6032081740611,16.2136881281887
74321100,860.197916666667,129.057700991777,129.230866805002,11.1611307120467,10.6328591766858
74412900,861.260416666667,129.173546436882,129.334752247207,10.676939982898,10.0902846507441
74505600,862.333333333333,129.30246541524,129.451643295048,10.1159132774502,9.45125806244712
74598300,863.40625,129.451128265038,129.588323043289,7.85394648596958,7.32742397750918
74691000,864.479166666667,129.62701718431,129.752254704263,9.26245789981366,9.03866785111822
74782800,865.541666666667,129.83375132904,129.947140372394,11.3148110154,11.6847087702052
74874600,866.604166666667,130.07570743413,130.177198361172,9.8493673473741,10.509421680239
74967300,867.677083333333,130.355195043344,130.444576073212,9.66336900813664,10.346001218454
75059100,868.739583333333,130.663182693465,130.74043975435,13.8034855571727,14.4969870983123
75151800,869.8125,131.000054764095,131.064909229529,15.1878237622715,15.8067298393926
75243600,870.875,131.352896664877,131.405296739964,17.0360682130486,17.5654924989811
75336300,871.947916666667,131.722267875189,131.761914046873,19.1669511442738,19.4448467625406
75428100,873.010416666667,132.095276784617,132.122121068439,15.4905909931684,15.5134957409709
75520800,874.083333333333,132.474124573484,132.487876655562,14.1624862848556,14.1527243431327
75613500,875.15625,132.850636727614,132.851142805066,16.4135739714252,16.171909311716
75705300,876.21875,133.217196048475,133.204446924042,14.2227212140452,13.7103530036605
75797100,877.28125,133.573887821526,133.547762039384,12.4564011963029,11.8210399378808
75889800,878.354166666667,133.920750325762,133.881011691917,11.3980294700771,10.7416048806364
75982500,879.427083333333,134.251289263881,134.197853246172,7.3141183331236,7.02533033908609
76074300,880.489583333333,134.560182549163,134.493122382284,5.05924061665937,4.94078105770721
76166100,881.552083333333,134.849112709124,134.768394764761,8.84469486963341,9.0006620173395
76258800,882.625,135.119878313401,135.025362643997,11.7230653945175,12.3062830051216
76350600,883.6875,135.36750099441,135.259344137637,12.4495538607404,13.1496614925341
76443300,884.760416666667,135.598190224751,135.476309792821,15.6495250503307,16.3510914569304
76535100,885.822916666667,135.809833968559,135.674440783623,15.7801994304103,16.3503691411719
76627800,886.895833333333,136.00996617125,135.861030906638,13.6556164389802,14.160801314439
76719600,887.958333333333,136.198976090282,136.036754016527,17.610653815822,18.0379686786553
76812300,889.03125,136.385852844875,136.210356960187,19.1877068380501,19.3046571659049
76905000,890.104166666667,136.574999091353,136.38638655149,16.6750250481274,16.5564734211576
76996800,891.166666666667,136.771569440986,136.570128153231,16.1414067656367,15.8029381636068
77089500,892.239583333333,136.986962000419,136.772723946296,12.9045105151825,12.3237578627658
77181300,893.302083333333,137.224109907454,136.997339230604,9.21022077234196,8.58176390923841
77274000,894.375,137.493466385938,137.254153087913,11.0482091314891,10.349643007252
77366700,895.447916666667,137.796250426938,137.544470951273,10.8656002308672,10.3806782958071
77458500,896.510416666667,138.129472872384,137.865384822822,8.61464581258346,8.6600769598016
77550300,897.572916666667,138.493624361298,138.217229566898,9.2189663607517,9.59889974817798
77643000,898.645833333333,138.888387341744,138.599540309532,11.283954274262,11.9455432077207
77734800,899.708333333333,139.300715749802,138.999496131507,10.4540583790497,11.1866620091209
77827500,900.78125,139.732948463363,139.419185545258,13.2832351257985,14.0158927673768
77919300,901.84375,140.171220809929,139.844986764641,18.5460341626465,19.2095099132794
78012000,902.916666666667,140.618990388759,140.280117095926,17.927484148941,18.3833147388166
78103800,903.979166666667,141.062895048274,140.711467248959,17.0063868580027,17.3262142798288
78196500,905.052083333333,141.507219467385,141.1430856576,17.3638652774516,17.458667592387
78288300,906.114583333333,141.939173597962,141.562440936562,14.770200322411,14.6774331352584
78380100,907.177083333333,142.359117941095,141.969784566566,15.9551524021191,15.7546426168193
78472800,908.25,142.767143101914,142.36510098968,16.9819136447292,16.4424768737678
78564600,909.3125,143.151881438903,142.73728987316,12.2673914595985,11.5512420388393
78657300,910.385416666667,143.518037290152,143.090833741947,8.52408209515216,7.82975217743829
78750000,911.458333333333,143.859868544998,143.420141041252,8.21836781000209,7.74469390666581
78841800,912.520833333333,144.1738560354,143.721841378586,6.86956259433464,6.90375045550626
78934500,913.59375,144.467085812333,144.002808493359,7.80744675933857,8.03986452448965
79026300,914.65625,144.736269056151,144.260017995116,13.2363444186439,13.7962701067705
79119000,915.729166666667,144.990490805543,144.502343291182,15.3933501257169,16.1410032483081
79210800,916.791666666667,145.229701540474,144.729984176972,13.7490509720377,14.4648929740947
79303500,917.864583333333,145.464446729836,144.953272623836,15.6402685991165,16.3042127522553
79395300,918.927083333333,145.696619825874,145.174332060489,16.6213204681572,17.1353062111742
79488000,920,145.937740062868,145.404465035245,16.9883445793193,17.4007032109037
79579800,921.0625,146.190059782811,145.646131397367,20.4469405483847,20.6211011021441
79672500,922.135416666667,146.465051674394,145.910581592596,18.664766816933,18.4484027987898
79764300,923.197916666667,146.762634429442,146.197919240164,13.5419640870299,13.1578073307167
79857000,924.270833333333,147.09211076507,146.517221590927,13.3379493522337,12.8366248941097
79948800,925.333333333333,147.448285582582,146.863465481963,11.809717593085,11.1120579480039
80041500,926.40625,147.837135945737,147.242409351856,9.64974196744569,8.91689903918684
80133300,927.46875,148.24832327434,147.643887970161,10.7485318407854,10.1852382250588
80226000,928.541666666667,148.685878705122,148.071728790102,11.0593481657538,11.1660865297782
80317800,929.604166666667,149.136728217198,148.513039012785,8.8726521033688,9.46144651614894
80410500,930.677083333333,149.604913276959,148.971670518825,9.33169883890596,9.98216962869589
80502300,931.739583333333,150.076683637319,149.434059725719,13.2599387319431,14.0132000436418
80595000,932.8125,150.556705213058,149.90469255363,14.6677341888008,15.4263433079981
80686800,933.875,151.031206351374,150.369985746589,17.8651013197449,18.5702237175137
80779500,934.947916666667,151.504946199785,150.834525093209,20.3252430941954,20.8099477493714
80871300,936.010416666667,151.964120876317,151.284695230637,16.6630765024041,16.9028718065965
80964000,937.083333333333,152.412956139277,151.724557330387,16.1709524398831,16.3719835316125
81055800,938.145833333333,152.838077032793,152.140924815676,18.2353648645383,18.1808490840908
81148500,939.21875,153.243517699591,152.537677829767,16.2439978468005,15.9007465853205
81240300,940.28125,153.618095033521,152.903822099025,15.4551395873254,14.9101061836278
81333000,941.354166666667,153.967332307212,153.244737166755,13.7716769790544,13.0220936813733
81424800,942.416666666667,154.284613095372,153.553988976872,8.05108094320026,7.40788568217234
81517500,943.489583333333,154.578468734543,153.839970203304,6.17133940881507,5.59306567532322
81609300,944.552083333333,154.847380139215,154.101329657124,9.07069338708282,8.89285780421001
81702000,945.625,155.102304113125,154.348886380029,10.5952360756266,11.0154646147996
81793800,946.6875,155.344751179367,154.584298692808,11.8782108195203,12.5397365215145
81886500,947.760416666667,155.586366421696,154.819073989828,15.9235505287967,16.703870393711
81978300,948.822916666667,155.829219638075,155.05541219044,15.7295651633572,16.4583268425481
82070100,949.885416666667,156.082020696164,155.301948746449,13.9621614363683,14.6538403865961
82162800,950.958333333333,156.353206380222,155.567053861945,18.483515039878,19.0983725012869
82254600,952.020833333333,156.642262411182,155.850320941196,20.2596780708093,20.6072838679255
82347300,953.09375,156.958302288131,156.160738642097,18.6624847599754,18.788155417054
82439100,954.15625,157.296993477364,156.494072675766,18.8737173599429,18.7203898412654
82531800,955.229166666667,157.665131525391,156.857004133673,14.9556202404353,14.4985095611248
82624500,956.302083333333,158.05815882422,157.245021782667,11.7342948894799,11.2294060810951
82716300,957.364583333333,158.469386302908,157.651477914736,13.5643456338787,12.8834851250213
82808100,958.427083333333,158.89925473581,158.076762034386,12.2206287584981,11.4836884314827
82900800,959.5,159.348490960513,158.521559444481,8.89853356310704,8.48599382865344
82993500,960.572916666667,159.808938179024,158.977761828559,9.516997316663,9.56355040187035
83085300,961.635416666667,160.271870979333,159.436686177631,10.5558597962721,11.1353025800502
83178000,962.708333333333,160.742060399045,159.903029983443,9.41832682378849,10.1696795925591
83269800,963.770833333333,161.205834822721,160.363202217485,12.9437027633199,13.7043282791542
83361600,964.833333333333,161.662820913369,160.816797803038,18.4756408402923,19.2705386246545
83454300,965.90625,162.111869540385,161.262644812944,18.2327627227725,18.8973553409082
83546100,966.96875,162.538385077636,161.686217590402,18.6412252937587,19.1813315933153
83638800,968.041666666667,162.944758862351,162.089857900041,18.6895073213025,18.9920928646428
83730600,969.104166666667,163.317898264655,162.460533860134,16.203060511852,16.3387186762694
83823300,970.177083333333,163.661494010517,162.801894411571,18.3427126516688,18.3604519205072
83915100,971.239583333333,163.967778758966,163.106219913193,19.5476155149588,19.1619179477246
84007800,972.3125,164.244593380841,163.381314526131,14.3357902855046,13.661620616157
84099600,973.375,164.491047970761,163.626320647443,11.3519190884145,10.5857460391957
84192300,974.447916666667,164.718427062126,163.852491059076,9.65393255315152,8.91421946450185
84284100,975.510416666667,164.929577996928,164.062691925983,6.78217856095684,6.35199741403247
84376800,976.583333333333,165.136056480054,164.268455073955,7.85539510725978,7.64287835238541
84468600,977.645833333333,165.3407129559,164.472639820905,13.0411606423772,13.4022510785025
84561300,978.71875,165.553800332846,164.685485521022,14.3484733434189,15.114672946366
84653100,979.78125,165.776536776861,164.908211800335,13.6982443214857,14.5233595184879
84745800,980.854166666667,166.017810156516,165.149704509186,15.9238073678871,16.7254479900642
84837600,981.916666666667,166.276386324201,165.408725000137,16.7342807537327,17.434634091851
84930300,982.989583333333,166.559674755312,165.692692975765,17.6324590194974,18.2674345293635
85023000,984.0625,166.866352400627,166.000285352253,22.3428406197631,22.7414785297383
85114800,985.125,167.192983280858,166.328058438762,20.3869213790617,20.399948610859
85206600,986.1875,167.541246520259,166.677704748288,16.1829880007868,16.0126859296351
85299300,987.260416666667,167.912798080048,167.050903870214,15.7781472381868,15.4310734432124
85391100,988.322916666667,168.297730241497,167.437723048274,13.9329828118362,13.3188226142688
85483800,989.395833333333,168.700402893049,167.842566493509,12.0584396179533,11.3301610596963
85575600,990.458333333333,169.109490776968,168.2540742342,13.0585746755148,12.2689451833912
85668300,991.53125,169.529078659829,168.676386150225,10.9325923324692,10.6528223601372
85760100,992.59375,169.94662743917,169.096917842034,8.03837467615628,8.34354843856301
85852800,993.666666666667,170.365164020806,169.518762103081,8.75898649976199,9.24473687455044
85944600,994.729166666667,170.770586370363,169.927758996964,12.4586839072332,13.1988952224216
86037300,995.802083333333,171.163875524563,170.324963832062,13.6452556346632,14.478020724702
86129100,996.864583333333,171.529936570997,170.695205909837,18.4488861079994,19.2861730679028
86221800,997.9375,171.868637870123,171.038430047695,20.8585513909341,21.5431905254578
86313600,999,172.167710345227,171.34226707822,17.8750885608375,18.3527743009255
86406300,1000.07291666667,172.430178517084,171.609816147374,17.6800881194588,18.1044502796727
86498100,1001.13541666667,172.651868430622,171.836782252469,19.9286472222582,20.0957467597393
86590800,1002.20833333333,172.841683755826,172.032149759859,18.0279472055613,17.9268302545777
86682600,1003.27083333333,173.002949868092,172.199117039959,18.8004082089902,18.4312905157463
86775300,1004.34375,173.147035650846,172.349150597745,16.1228417870491,15.4069245424071
86867100,1005.40625,173.279149836523,172.487335053015,9.8648340092142,9.04719549091899
86959800,1006.47916666667,173.409220108696,172.623713000012,8.03930501531322,7.22870598913913
87051600,1007.54166666667,173.540984679686,172.76189965577,9.92683287546377,9.36349909199217
87144300,1008.61458333333,173.682413911396,172.909993599469,9.31217864085578,9.38619213373005
87236100,1009.67708333333,173.83521952537,173.069581813329,11.558749964541,12.0108780938438
87328800,1010.75,174.006081938645,173.247484717243,15.5223752208792,16.3022695110692
87420600,1011.8125,174.194466159088,173.443039723612,15.430709118663,16.2876115247776
87512400,1012.875,174.403791027928,173.6597439739,13.7653247655737,14.6070178180076
87605100,1013.94791666667,174.637308786919,173.900937720218,19.2021340273622,19.9896449297671
87696900,1015.01041666667,174.890389883472,174.161855557655,20.5986321963361,21.1816203314791
87789600,1016.08333333333,175.16697916108,174.446609726422,20.7502966693781,21.1399155760922
87881400,1017.14583333333,175.459914768027,174.747892990827,21.0991519073291,21.1727653262475
87974100,1018.21875,175.772466841357,175.069151920232,17.304873459129,17.0455467710329
88065900,1019.28125,176.095567627856,175.401161734922,14.0448937303989,13.7476298607167
88158600,1020.35416666667,176.43195711678,175.746848777089,16.4660850475408,15.8971129586689
88250400,1021.41666666667,176.770897908834,176.095306169435,13.7392923811928,12.9114610901302
88343100,1022.48958333333,177.113894764075,176.448235659482,10.6992150674022,9.91742759411259
88435800,1023.5625,177.451315501146,176.79592189781,9.9870582227468,9.60399508398807
88527600,1024.625,177.77246930904,177.127573950408,9.89430353936551,10.2327007341483
88620300,1025.69791666667,178.074998644847,177.441036916423,7.8865777273706,8.53455467371419
88713000,1026.77083333333,178.346685727208,177.723977063381,12.7450123885147,13.4249515121651
88804800,1027.83333333333,178.577726465383,177.966448379648,17.5700564677329,18.440556980633
88897500,1028.90625,178.767993861955,178.168507366751,18.4916649641143,19.3355276668314
88989300,1029.96875,178.913452643214,178.325842855373,19.5902195597537,20.3328594169637
89081100,1031.03125,179.020119431008,178.444540691391,20.0713720340419,20.5981383832746
89173800,1032.10416666667,179.095695343106,178.532385201381,17.0795437688196,17.4640207581181
89265600,1033.16666666667,179.147334740641,178.596268197188,20.8642990813619,21.1272200963411
89358300,1034.23958333333,179.184772824219,178.646152002336,21.4511237298969,21.2857774079691
89450100,1035.30208333333,179.215027046612,178.688808088461,17.238660491622,16.7366618382677
89542800,1036.375,179.245389240589,178.731772615705,14.1684393371937,13.4771426109373
89634600,1037.4375,179.280825937768,178.779772410199,11.9581254239004,11.1085982591061
89726400,1038.5,179.326268085508,178.837868105736,7.27639188228063,6.47490262496908
89819100,1039.57291666667,179.386305532675,178.91078485215,9.33657140381077,8.67153257471449
89911800,1040.64583333333,179.463903125305,179.001375811276,12.4035263016506,12.4431520588556
90003600,1041.70833333333,179.560629357297,179.111095595992,13.2394606504237,13.8886879816373
90096300,1042.78125,179.680166040893,179.243897363205,13.0267501009895,13.8760606228436
90188100,1043.84375,179.821058023702,179.398086233811,16.1463583682077,17.0434260275637
90279900,1044.90625,179.984279400914,179.574782234047,15.9767328041729,16.8342541996503
90372600,1045.97916666667,180.170741477428,179.775050492821,18.431501716895,19.2620536372955
90464400,1047.04166666667,180.374953061951,179.993149546034,23.3040123046768,23.93453359481
90557100,1048.11458333333,180.59823189825,180.230686494597,22.3338918766408,22.6212000729378
90649800,1049.1875,180.835209454279,180.48217400944,18.2986578190065,18.3827620912428
90741600,1050.25,181.07920382117,180.740800499138,18.6965281207465,18.5551185746675
90834300,1051.32291666667,181.329824221459,181.006475865034,15.6235431189006,15.1946426449138
90926100,1052.38541666667,181.575924883697,181.267773079235,15.4421359625054,14.8616068959067
91018800,1053.45833333333,181.814595723591,181.522086228008,15.2708611570455,14.4146751363618
91111500,1054.53125,182.034327752737,181.757755651601,11.8897654543887,11.1973505474372
91203300,1055.59375,182.223780951837,181.963265061782,7.37726721164828,7.19853959142772
91296000,1056.66666666667,182.377951653513,182.133890275948,8.7943213879406,8.91654355389183
91387800,1057.72916666667,182.48791329974,182.26033379488,10.87328481004,11.5167930203544
91480500,1058.80208333333,182.554030749869,182.34322152129,12.7641694473245,13.5512586107301
91572300,1059.86458333333,182.577784629114,182.38364773383,18.0924944715885,18.9899562138169
91665000,1060.9375,182.566083914341,182.388797062193,21.2855617973975,22.149225168453
91756800,1062,182.527453542568,182.366831743921,18.2787901522878,18.9799823143748
91849500,1063.07291666667,182.469897680934,182.32606175002,19.4872768409119,20.1396605645248
91941300,1064.13541666667,182.402521024292,182.27525664788,20.6748184663487,21.0775566191331
92034000,1065.20833333333,182.331021253894,182.220437470785,20.3874750971985,20.5731855388603
92126700,1066.28125,182.262030601672,182.168076761149,21.4932917501203,21.3564935769388
92218500,1067.34375,182.201230379186,182.123700904624,19.2041180708283,18.6381314850383
92310300,1068.40625,182.152273098806,182.091131998441,11.775437991003,10.998150540522
92403000,1069.47916666667,182.118737601722,182.074119360212,11.2716870293682,10.4466293030091
92495700,1070.55208333333,182.104558430751,182.076449914524,10.6490056396099,9.81029071237687
92587500,1071.61458333333,182.112291050754,182.100534973168,9.34783666530644,8.87962794438046
92679300,1072.67708333333,182.143582482856,182.148200595882,11.0682619714997,11.1591459383457
92772000,1073.75,182.200034243639,182.221230591007,15.1203232541934,15.7680631594544
92863800,1074.8125,182.280401428025,182.318080732181,14.2898554748108,15.2114806058537
92956500,1075.88541666667,182.384959863143,182.43937309751,13.7640480542715,14.6968442288705
93048300,1076.94791666667,182.509297816681,182.58039280818,18.836648396537,19.7548971126933
93141000,1078.02083333333,182.652408898923,182.740480806724,20.9731781424449,21.7812794128157
93232800,1079.08333333333,182.807156495804,182.912188426238,21.8984326762087,22.5370268663123
93325500,1080.15625,182.971175031784,183.093497623632,23.6305318971511,23.9661026402682
93417300,1081.21875,183.134886192104,183.274505240073,18.8522893466435,18.8353308500477
93510000,1082.29166666667,183.293855304124,183.451120796972,17.2000574263271,17.1604028253239
93601800,1083.35416666667,183.436401889231,183.611316817581,18.646663941679,18.2646501944426
93694500,1084.42708333333,183.556097795482,183.748993186585,16.4558084688567,15.7144951821279
93786300,1085.48958333333,183.642112077573,183.852935627624,12.8652891464661,11.9703429531789
93879000,1086.5625,183.689643952414,183.918644215882,11.9086893223474,11.1269000454888
93971700,1087.63541666667,183.694663747096,183.941852323678,8.93134105497056,8.92395174091914
94063500,1088.69791666667,183.65881034973,183.923959953677,6.96200885296674,7.19748920994155
94156200,1089.77083333333,183.586023491526,183.869203804093,11.7773813792043,12.2753248642527
94248900,1090.84375,183.483446552083,183.784508327419,16.6051353447369,17.4561373587528
94340700,1091.90625,183.360255914637,183.678850791308,17.8583254395586,18.8082215387714
94433400,1092.97916666667,183.221698873306,183.557806373991,20.5835825225536,21.4999676121937
94525200,1094.04166666667,183.077331002246,183.430583361956,20.4185402489904,21.1424145268292
94617900,1095.11458333333,182.930446781214,183.300810604796,18.3587877141539,19.0124774416993
94709700,1096.17708333333,182.78923842237,183.176349644337,22.2833977419629,22.7873332610194
94802400,1097.25,182.655826757377,183.05965384269,23.7904610122772,23.907562260635
94894200,1098.3125,182.537271903714,182.957465247534,19.4933246493869,19.2387262824918
94986900,1099.38541666667,182.435472743033,182.872013264477,18.0360562946391,17.5340429060609
95078700,1100.44791666667,182.356197029573,182.808761333511,13.7498775134101,12.9380993855622
95171400,1101.52083333333,182.301136687572,182.769733023902,9.79296359379077,8.92737684241547
95264100,1102.59375,182.273545808751,182.758046177704,10.9925910146264,10.0903307917626
95355900,1103.65625,182.274400016443,182.774548201981,12.7180305690841,12.2894017677821
95447700,1104.71875,182.302939943485,182.818660118193,11.8157697584766,12.2215010433862
95540400,1105.79166666667,182.357919219553,182.889312248055,12.5232120993819,13.2313829482116
95632200,1106.85416666667,182.434863565467,182.981748180942,15.6435788323096,16.5739597889825
95724900,1107.92708333333,182.530503683825,183.093020429245,15.1003080017406,16.070401402873
95816700,1108.98958333333,182.637172122394,183.21517045698,18.3379367382227,19.2975852633722
95909400,1110.0625,182.750143471931,183.343782619661,24.3388685579172,25.1835056232443
96002100,1111.13541666667,182.860747979691,183.470035315976,23.148306468887,23.6880993287225
96093900,1112.19791666667,182.959819392934,183.584600654775,20.9318722341794,21.3164348043859
96186600,1113.27083333333,183.040915720608,183.681321322182,20.5611745009286,20.6380352748928
96278400,1114.33333333333,183.094750803478,183.750578271171,18.1424237924595,18.0005083941656
96371100,1115.40625,183.116148410641,183.787457173337,18.1370535401439,17.7768021054221
96462900,1116.46875,183.101062109031,183.787564369088,18.6720066250834,17.9080056008137
96554700,1117.53125,183.049300082512,183.75081154606,13.0780436151889,12.1533684610064
96647400,1118.60416666667,182.962200939742,183.678638015488,8.62291778654263,7.84019582778539
96740100,1119.67708333333,182.844798641949,183.575893433669,8.79764748040832,8.51946667749756
96831900,1120.73958333333,182.704603818004,183.449923682881,9.39619716516381,9.71477685062097
96924600,1121.8125,182.545295465301,183.304669336858,11.5153227279045,12.1349251389971
97016400,1122.875,182.376166541424,183.149140933191,17.7731366745861,18.6145574088866
97108200,1123.9375,182.201498737175,182.987753514946,20.9575010557374,21.9356016289911
97200900,1125.01041666667,182.024945984979,182.824284519592,18.5874694585167,19.5033567830785
97292700,1126.07291666667,181.855059960845,182.667033262741,20.3031400199934,21.1368087066226
97385400,1127.14583333333,181.693594033382,182.518003943065,21.5763466544305,22.2409740253701
97477200,1128.20833333333,181.548712309523,182.385124841691,21.7483394533088,22.2064316120818
97569900,1129.28125,181.422662504798,182.270888003807,24.7112924957843,24.8788881833903
97661700,1130.34375,181.322708047925,182.182339933381,21.5005595719554,21.1498312126547
97754400,1131.41666666667,181.251148134773,182.122020046767,14.9818897419485,14.4360781178377
97846200,1132.47916666667,181.21240603045,182.094153026535,13.9184840379492,13.1983272692877
97938900,1133.55208333333,181.207024063087,182.099516263346,12.8437689370954,11.9158022135649
98030700,1134.61458333333,181.234233527099,182.137153305373,10.0361913508726,9.17433822006728
98123400,1135.6875,181.291408184937,182.204660284278,11.8069663344356,11.3366170975422
98215200,1136.75,181.372345361608,182.295646170608,14.425648281066,14.8433417403688
98307900,1137.82291666667,181.471996928355,182.405265622402,12.530954028374,13.3971318575431
98399700,1138.88541666667,181.580990289335,182.52395152753,13.4022854022066,14.3454497693442
98492400,1139.95833333333,181.693510452768,182.646071600655,18.2320761777492,19.224830203372
98584200,1141.02083333333,181.799471223875,182.761340577609,20.5590083635205,21.5232317138665
98676900,1142.09375,181.893222096329,182.864272946122,23.1366409383465,24.0137742901045
98768700,1143.15625,181.965993078639,182.945899233557,25.2895759862904,25.8596339465847
98861400,1144.22916666667,182.01338338787,183.001967959027,20.5867735655622,20.8906972641597
98953200,1145.29166666667,182.030464470946,183.027356959789,19.3564197842855,19.5591184760573
99045900,1146.36458333333,182.015677438369,183.020645697555,21.5022961528336,21.3993033448993
99137700,1147.42708333333,181.969665093877,182.982298812447,18.715993736555,18.1753993706919
99229500,1148.48958333333,181.894738007152,182.914689934013,16.5639202648852,15.792099785931
99322200,1149.5625,181.793534177503,182.820511370881,13.9812684003311,13.0185756702015
99414000,1150.625,181.672648010535,182.706213612553,8.63379437029369,8.00402215032443
99506700,1151.69791666667,181.534786316301,182.574629058149,6.77768673961459,6.47879518356397
99598500,1152.76041666667,181.387718239759,182.433404393551,11.0045828410174,11.0656175052785
99691200,1153.83333333333,181.233698220813,182.284910271739,15.2765692605376,16.0081509964305
99783000,1154.89583333333,181.08083004071,182.137146382584,16.7313347118633,17.6682607548894
99875700,1155.96875,180.931499470206,181.992602978813,21.049399956637,22.0629619817637
99967500,1157.03125,180.794292631275,181.85977864265,20.3384481103321,21.2671711578896
100059300,1158.09375,180.673823429487,181.743341865505,19.0385338779528,19.8898190138477
100152000,1159.16666666667,180.575712584031,181.648955106772,23.6174074556819,24.3845779702897
100243800,1160.22916666667,180.508278913212,181.584872723919,25.2759309628797,25.6642577913068
100336500,1161.30208333333,180.475841180467,181.555487036521,22.3378707546962,22.4362867000265
100428300,1162.36458333333,180.482753716562,181.56509971912,21.2722044036842,20.9962189364057
100521000,1163.4375,180.530118501763,181.614869969222,16.4149060207048,15.8184625984486
100613700,1164.51041666667,180.615732667389,181.702567701304,12.2610832943352,11.5267453988093
100705500,1165.57291666667,180.73289529649,181.821473494243,14.0951177070942,13.1785830548655
100798200,1166.64583333333,180.876336394325,181.966345122316,13.3710120088942,12.5644273929119
100890900,1167.71875,181.036320324162,182.127419320578,10.4899410051919,10.3248168859355
100982700,1168.78125,181.20232189005,182.294155221751,12.3785846820389,12.816662976108
101075400,1169.85416666667,181.369235277188,182.461451077302,14.1227820265202,14.9667805923054
101167200,1170.91666666667,181.526320127556,182.61854961945,14.2364790528246,15.2379245832018
101259900,1171.98958333333,181.669989741049,182.761856229444,17.8152490251498,18.8257275504074
101351700,1173.05208333333,181.791955188327,182.883082987683,24.7027806454059,25.6967249383023
101443500,1174.11458333333,181.889521635047,182.979529891461,23.6087207908683,24.4305492686142
101536200,1175.1875,181.960548983907,183.04903958036,23.129980895923,23.7544676778
101628900,1176.26041666667,182.002834558036,183.089420736135,22.470798737455,22.849850033568
101720700,1177.32291666667,182.016871889946,183.101195880636,20.0529502718454,20.176635171705
101813400,1178.39583333333,182.004821371381,183.08648819205,21.432659406025,21.4040015868402
101905200,1179.45833333333,181.96983724699,183.048512185231,21.6216606702909,21.0386716766306
101997900,1180.53125,181.914931671098,182.990231252603,15.2964224013538,14.3855304083072
102089700,1181.59375,181.845292215784,182.916909040839,11.0822874623315,10.0967283403368
102182400,1182.66666666667,181.764071379522,182.8316370297,9.39592818604407,8.58263987094358
102274200,1183.72916666667,181.677656183522,182.740892370067,8.60846059223334,8.49214221207445
102366900,1184.80208333333,181.589723010635,182.648278337431,10.0664136559795,10.1961847087366
102458700,1185.86458333333,181.507989700525,182.561615033393,17.3662194807113,18.0509189416954
102551400,1186.9375,181.437861625982,182.486221469117,19.3643491681996,20.3779114865186
102643200,1188,181.388550820374,182.431419284673,19.1479422993446,20.1876490127258
102735900,1189.07291666667,181.367640086535,182.404685979445,20.4055225346662,21.4109031661494
102827700,1190.13541666667,181.383687076074,182.414687220969,22.2042355909249,23.0641101395579
102920400,1191.20833333333,181.443566765242,182.46816536454,22.9179739043072,23.6785912870822
103012200,1192.27083333333,181.549385457338,182.567328676225,27.2765598877411,27.7093800836002
103104900,1193.34375,181.702240558557,182.713116177991,23.7035155933003,23.6872422393207
103196700,1194.40625,181.893993197379,182.897498294628,18.2962771219205,17.992490529096
103289400,1195.47916666667,182.120017432921,183.115680495093,17.1712955635695,16.7106982032073
103381200,1196.54166666667,182.366155209876,183.353640336909,15.1006517317699,14.2640808025344
103473900,1197.61458333333,182.627288705586,183.606090354362,12.3028427345883,11.3343627485245
103565700,1198.67708333333,182.889370872509,183.859149578181,13.5644010200892,12.7064828647366
103657500,1199.73958333333,183.147157985909,184.107494608857,12.7999572303843,12.7444682908636
103750200,1200.8125,183.3964476141,184.346831024999,11.6918776768465,12.3635666119296
103842000,1201.875,183.626919598672,184.567042306826,11.8259015416573,12.6288518546295
103934700,1202.94791666667,183.838647709579,184.768015025065,17.6793048944478,18.6690741284911
104026500,1204.01041666667,184.024261730044,184.942604944866,18.9754898117757,20.0336306923457
104119200,1205.08333333333,184.18531475246,185.092169268325,24.3376039268523,25.3655337364492
104211000,1206.14583333333,184.31786074494,185.213007723556,25.9179707073258,26.7495229725363
104303700,1207.21875,184.424893996312,185.307908620056,22.6324520873945,23.1947307030681
104396400,1208.29166666667,184.506495985877,185.377092151253,21.3570519895504,21.8709545896079
104488200,1209.35416666667,184.56465397431,185.422694624063,23.9545562356189,24.1039648914407
104580900,1210.42708333333,184.603695015477,185.448820960265,21.2228407671019,21.0385722467597
104672700,1211.48958333333,184.626626981229,185.458753300873,20.47046412159,19.8984272755724
104765400,1212.5625,184.638327751393,185.457138189213,16.3773946396749,15.4380241080734
104857200,1213.625,184.643659720231,185.449119098657,10.2363679672682,9.26390962874806
104949000,1214.6875,184.648772327744,185.440738423226,7.47191147662992,6.54629341942745
105041700,1215.76041666667,184.661037660599,185.439253328434,11.2592456917057,10.8846696670346
105134400,1216.83333333333,184.689226527614,185.453580771532,12.6041715199684,12.9996464080193
105226200,1217.89583333333,184.742665572815,185.493187750326,16.4261126510374,17.2157187561628
105318900,1218.96875,184.832649954032,185.569086684794,19.8770774154776,20.9046794247741
105411600,1220.04166666667,184.967813877674,185.690016476325,20.8046051427251,21.8607974596013
105503400,1221.10416666667,185.151745450294,185.85965882042,18.5403761057229,19.5757452278912
105596100,1222.17708333333,185.388735947615,186.081966419432,24.9797317693421,25.9243818557256
105687900,1223.23958333333,185.669722911529,186.348106067013,25.7508395126345,26.4427242595736
105780600,1224.3125,185.991677306813,186.654712536985,25.4561049780712,25.8436572409313
105872400,1225.375,186.337917818009,186.985374922262,23.9352440870466,23.9840336624311
105965100,1226.44791666667,186.704502726091,187.335834964373,19.4530108167463,19.0800191401899
106056900,1227.51041666667,187.074708059047,187.689683956774,15.2770010900793,14.8668334398477
106149600,1228.58333333333,187.447493400458,188.045571911476,17.4978416090795,16.6946907758288
106241400,1229.64583333333,187.808811237319,188.389795971098,14.2769152742189,13.2446231223285
106334100,1230.71875,188.160045054921,188.72342516913,11.5366742121699,10.8201733901944
106425900,1231.78125,188.489746481757,189.035376484614,11.1483513824571,11.0711607110309
106518600,1232.85416666667,188.800614774631,189.328028139918,13.6041415993102,14.2505714420167
106610400,1233.91666666667,189.083816740969,189.59293019831,11.55762675851,12.47544765481
106703100,1234.98958333333,189.343066373962,189.833470568628,17.9053442495538,18.8688035941894
106794900,1236.05208333333,189.57255874644,190.04424194077,23.1884418964422,24.2728217094206
106887600,1237.125,189.777090549086,190.229710017828,24.6753389098863,25.6858300106648
106979400,1238.1875,189.954009123502,190.387628206095,23.9509607581792,24.8300259412494
107072100,1239.26041666667,190.10907577874,190.523421232458,24.7905164552742,25.406055900131
107163900,1240.32291666667,190.242403428501,190.637610980618,21.1343391290803,21.6042590267062
107256600,1241.39583333333,190.360612196409,190.736476585087,24.7867796773699,25.0242827611094
107349300,1242.46875,190.467260555517,190.823797544867,24.0358032301989,23.7691183053331
107441100,1243.53125,190.567451230268,190.904895534025,18.9710872751738,18.245295486348
107533800,1244.60416666667,190.670561875763,190.988802428218,13.7846238466385,12.8798878761083
107626500,1245.67708333333,190.784671709888,191.083806770864,11.7762969144513,10.74861730921
107718300,1246.73958333333,190.918890725356,191.199211408897,7.4246821069712,6.64460112327003
107811000,1247.8125,191.087025357541,191.348442982989,10.7712192854538,10.3563564436457
107902800,1248.875,191.295937317309,191.538695025828,15.3492287346911,15.7084221088293
107995500,1249.94791666667,191.556916329914,191.780831820246,18.8354683655566,19.7677772524655
108087300,1251.01041666667,191.867161611471,192.072344965847,17.6157972267707,18.6981913994508
108179100,1252.07291666667,192.225856572893,192.412161959435,21.3500976390351,22.4492815649191
108271800,1253.14583333333,192.629640547896,192.796674302925,20.9593083362311,21.9995565615496
108363600,1254.20833333333,193.060702512442,193.208406312372,24.6632437187405,25.6318381110291
108456300,1255.28125,193.516867644695,193.644786626144,28.2776869116065,29.0007722279692
108549000,1256.35416666667,193.984129260336,194.091996620974,26.7236235356431,27.0042823825468
108640800,1257.41666666667,194.449381894238,194.537140769486,20.7063896322854,20.7643797121106
108733500,1258.48958333333,194.914626055203,194.981843866792,20.9617381715531,20.72621054595
108825300,1259.55208333333,195.364928579373,195.41159415786,16.9940130165088,16.447140728223
108918000,1260.625,195.804043357485,195.829768509023,16.2248141543705,15.3891039082879
109009800,1261.6875,196.219167049152,196.223998717378,15.1425763782777,14.0853941383604
109102500,1262.76041666667,196.614811236999,196.598418770465,13.4015888676477,12.8377011365647
109194300,1263.82291666667,196.980474918563,196.942974731943,9.12161775224127,9.3905375393
109287000,1264.89583333333,197.321375580337,197.262508742784,12.0022574387215,12.5177368650191
109378800,1265.95833333333,197.62999502483,197.549957922635,14.9529036977866,15.8460134248107
109470600,1267.02083333333,197.910007786044,197.808830994109,18.6954646442029,19.7324955176105
109563300,1268.09375,198.165135074162,198.042684718079,23.4579707666131,24.5680063654791
109655100,1269.15625,198.392942812067,198.249539142603,27.4482211180887,28.4672393862044
109747800,1270.22916666667,198.601568072288,198.437160348308,22.6347845807788,23.4655225598787
109839600,1271.29166666667,198.791692413074,198.606674786159,24.1762379791669,24.9219893983221
109931400,1272.35416666667,198.971325594468,198.765921169854,24.8508327614938,25.32070077282
110024100,1273.42708333333,199.149454471359,198.923719339249,24.7315558266804,24.869470349266
110115900,1274.48958333333,199.331445408428,199.085851849692,23.4393070122162,23.2050590596387
110208600,1275.5625,199.531239475419,199.265879112609,20.4928257259854,19.7224566756691
110301300,1276.63541666667,199.758329320338,199.473479657724,11.4812792477551,10.4966640673379
110393100,1277.69791666667,200.02053422141,199.716624959575,10.8910579184723,9.84993191846067
110485800,1278.77083333333,200.330979977027,200.008011382375,10.6148536049345,9.75105663417958
110577600,1279.83333333333,200.687309472481,200.34558252215,12.1541065367254,12.0096374061651
110670300,1280.90625,201.095233260014,200.734609027088,14.2418912980717,14.7152306915851
110764800,1282,201.554930037326,201.175024498642,20.1768976773255,21.1114063730338
110856600,1283.0625,202.035374804087,201.636679761348,18.8462412092926,19.9709550519328
110949300,1284.13541666667,202.54486524112,202.127115103446,19.5236041746869,20.6508763525085
111041100,1285.19791666667,203.064420936126,202.627714915727,24.0934850258004,25.1841567924827
111132900,1286.26041666667,203.590782560653,203.135041859732,27.3810649106914,28.305599562999
111225600,1287.33333333333,204.122025082946,203.646996770566,26.6373175907887,27.3356196493822
111317400,1288.39583333333,204.641627897525,204.147452683343,27.7323247280233,28.0639415799718
111410100,1289.46875,205.15419130968,204.640656350555,20.8883334577945,20.8531828931934
111501900,1290.53125,205.64475829346,205.112051104822,19.6055335831451,19.4652741025522
111594600,1291.60416666667,206.118330934851,205.566291559273,19.9394466352444,19.4141577876004
111686400,1292.66666666667,206.56167423135,205.990549779466,17.5958241278547,16.6169040413005
111779100,1293.73958333333,206.980107256391,206.389806082449,12.2980560899098,11.2376968669896
111870900,1294.80208333333,207.36314808914,206.753989073872,12.7033235682819,12.0566817135315
111963600,1295.875,207.717180427768,207.089153853056,10.9252181619217,11.274034713509
112056300,1296.94791666667,208.038635948908,207.391960148411,10.7813091541858,11.4012167734912
112148100,1298.01041666667,208.326757157022,207.66186867896,15.8331743755226,16.6423627371145
112240800,1299.08333333333,208.590652760289,207.907668240253,23.0430964014862,24.1191494259133
112333500,1300.15625,208.832318463735,208.13156794956,23.3439948624897,24.4737432918331
112425300,1301.21875,209.055986800218,208.337995910357,26.2363369112624,27.2939113742015
112518000,1302.29166666667,209.273717950152,208.538694675594,24.6252826590212,25.4691904910112
112609800,1303.35416666667,209.490153788835,208.73864937655,23.643998417973,24.3843274912371
112702500,1304.42708333333,209.719629919279,208.951873924254,26.3308788474339,26.8714962383593
112794300,1305.48958333333,209.96816639994,209.184691825267,27.8109137825743,27.8531916157362
112887000,1306.5625,210.250678495668,209.451682640512,21.1016498478924,20.7104059302079
112978800,1307.625,210.5695861986,209.75552696817,18.6547106157149,17.9521401389018
113071500,1308.69791666667,210.935751343438,210.106741320336,12.9824557547806,11.9754323632107
113163300,1309.76041666667,211.342566690756,210.498958522593,10.0113707755929,8.94369771305132
113256000,1310.83333333333,211.79468229197,210.936498413556,10.7231824562311,9.79595587994022
113347800,1311.89583333333,212.277275116687,211.404789327511,15.4823630069959,15.3545512912538
113440500,1312.96875,212.792205472074,211.90539248203,16.0087456966319,16.750727217624
113532300,1314.03125,213.321611836446,212.420717866552,17.676259882615,18.6578547843205
113624100,1315.09375,213.862891860066,212.948025658764,19.9026282142004,21.0353265495545
113716800,1316.16666666667,214.414496081633,213.485639439185,21.213426232193,22.3596800570382
113808600,1317.22916666667,214.95930093554,214.016719521437,24.0168756177573,25.1339925188069
113901300,1318.30208333333,215.501883059058,214.545588513099,30.5869209638863,31.5362121961282
113993100,1319.36458333333,216.025888576157,215.056176081272,27.4024927873484,27.9894370662858
114085800,1320.4375,216.535816176738,215.552737693147,24.8509925536675,25.2269537696263
114178500,1321.51041666667,217.020808930442,216.024571712677,22.6880110216997,22.7571685471056
114270300,1322.57291666667,217.471394346991,216.462355976564,20.7899466413543,20.5514230496863
114363000,1323.64583333333,217.892074851212,216.870370550201,18.9823683993493,18.4532385341077
114455700,1324.71875,218.275284828612,217.241207419136,19.3093795069052,18.3046072384037
114547500,1325.78125,218.616750668641,217.570739489006,12.7590679432925,11.7827621628084
114640200,1326.85416666667,218.924251326049,217.866540905605,9.44802511043123,8.94487742856274
114732000,1327.91666666667,219.19510561779,218.126182653222,10.2005422224496,10.3393099373285
114823800,1328.97916666667,219.437748892084,218.358004164321,13.7336794432926,14.3426555199492
114916500,1330.05208333333,219.661199134099,218.570936516098,16.2696024400312,17.183889511337
115008300,1331.11458333333,219.869391930633,218.769126289035,24.0740523177507,25.1537748721422
115101000,1332.1875,220.07574522719,218.965795559774,26.3653835063952,27.5017496169382
115192800,1333.25,220.286049462277,219.166916793629,24.2603648327218,25.3083345611105
115285500,1334.32291666667,220.514441096023,219.386434068114,24.6087637370815,25.5535047521993
115377300,1335.38541666667,220.765719216592,219.629301136612,27.2272018895719,27.968559530271
115470000,1336.45833333333,221.05255129133,219.907998453686,25.9566879684067,26.4270540900775
115561800,1337.52083333333,221.374494917381,220.222218045818,28.1771196122668,28.2620658913326
115654500,1338.59375,221.739925465075,220.580161107867,22.4029696333993,21.9081848955718
115746300,1339.65625,222.140682233496,220.973793765331,15.7875343177951,15.052497503473
115838100,1340.71875,222.576513340843,221.402777075312,12.991976849092,12.0923606679019
115930800,1341.79166666667,223.046793959635,221.866416220124,13.124023084344,12.0265939376211
116023500,1342.86458333333,223.541025961264,222.354280175065,10.6200947988013,9.91311632472338
116115300,1343.92708333333,224.047507196976,222.854727662484,14.3987714531932,14.2973965919626
116208000,1345,224.569604776572,223.371013749473,18.1723755650301,18.9283789312391
116299800,1346.0625,225.09082735684,223.886768212628,17.9407941777242,19.016610126745
116391600,1347.125,225.609922022341,224.400689946126,18.0898247199551,19.2332457282427
116484300,1348.19791666667,226.125395232805,224.911249868094,24.4949024738769,25.6595030654014
116577000,1349.27083333333,226.625207306649,225.406472315563,26.4935950826968,27.5872458989967
116668800,1350.33333333333,227.097627209564,225.874678526586,29.4166087310147,30.3761373357053
116760600,1351.39583333333,227.540514301962,226.313694529147,29.0548531621505,29.6603767106741
116853300,1352.46875,227.951064185692,226.720696152893,24.4157744201337,24.7289177118351
116945100,1353.53125,228.315969586384,227.082457228181,21.7484996760256,21.9287894712887
117037800,1354.60416666667,228.639248973609,227.402944989214,24.2819697500473,24.0736828637877
117129600,1355.66666666667,228.914512215088,227.675830686346,19.4633751062194,18.7380645407037
117222300,1356.73958333333,229.150342151882,227.90965384507,16.7482602359777,15.7288577889349
117314100,1357.80208333333,229.348247277841,228.105961071109,13.0862237576601,12.0680754571973
117406800,1358.875,229.520482250693,228.276971158717,9.99865347295309,9.66173478870114
117498600,1359.9375,229.673236727445,228.428890402442,8.51129756845084,8.74844866519082
117591300,1361.01041666667,229.819653003363,228.57483589721,15.1123796303932,15.5430601473334
117683100,1362.07291666667,229.966825094555,228.721901594299,20.4965558398413,21.4772219251611
117775800,1363.14583333333,230.127207081822,228.882530626634,23.2135864362833,24.3537460277925
117867600,1364.20833333333,230.306231641836,229.062143433085,26.1306604428234,27.2923515363128
117959400,1365.27083333333,230.512496059701,229.26933267097,25.9123526327531,26.968703944687
118052100,1366.34375,230.753769268951,229.511878524783,23.7816640634758,24.7331175899647
118143900,1367.40625,231.028392310072,229.788097437743,29.273871917455,30.0947058192337
118236600,1368.47916666667,231.342383831868,230.104042319475,29.2413855947392,29.608513146818
118328400,1369.54166666667,231.688062776545,230.451999366215,25.7766834614843,25.7827857044612
118420200,1370.60416666667,232.0649784549,230.831542031861,21.682172863049,21.2695635689977
118512900,1371.67708333333,232.472675996321,231.242254402843,17.1445037338016,16.3833563264002
118604700,1372.73958333333,232.897947153809,231.670878244788,11.7669362524381,10.8347509948217
118697400,1373.8125,233.343368726176,232.120065016824,14.0463452007078,12.9356540989584
118790100,1374.88541666667,233.798789135476,232.579641209124,14.1409945864282,13.5242857056606
118881900,1375.94791666667,234.253350960131,233.03871240755,14.2398216664208,14.4568885507764
118974600,1377.02083333333,234.709109859347,233.499431584861,16.1290085775489,16.9295215391912
119066400,1378.08333333333,235.149735588234,233.945380267608,18.9681048791947,20.0169137910619
119159100,1379.15625,235.575448629232,234.376889881042,19.4861908745896,20.6586380903583
119250900,1380.21875,235.968988534538,234.776590808591,24.3791701301966,25.5571999550624
119343600,1381.29166666667,236.328860179692,235.143107044361,30.3608986048395,31.4657775479495
119435400,1382.35416666667,236.639986922507,235.461224468099,29.5541486634356,30.4428668424074
119528100,1383.42708333333,236.902779372154,235.731474777134,26.7986743057018,27.4407938863663
119620800,1384.5,237.112146067096,235.948675934455,26.241617383367,26.6380105588865
119712600,1385.5625,237.269610103991,236.114242342728,22.5691681233043,22.654586731925
119805300,1386.63541666667,237.385283276945,236.238416835904,24.0592079052396,23.8918052754184
119898000,1387.70833333333,237.467405719535,236.329336514141,21.8131098303291,21.0264225623577
119989800,1388.77083333333,237.526814795404,236.397729570513,15.5821233613612,14.4753011833736
120082500,1389.84375,237.575915062215,236.456163370208,9.92283535684341,8.93102889003652
120174300,1390.90625,237.62405182315,236.513794357008,10.1305650414867,9.54200728929139
120266100,1391.96875,237.680837760907,236.580321422391,11.1998377242319,11.4903478837976
120358800,1393.04166666667,237.754982432589,236.664554174294,14.6778350322644,15.1986737186
120450600,1394.10416666667,237.851677427328,236.771493673134,22.5602378483908,23.5248426859723
120543300,1395.17708333333,237.978047603871,236.908475617705,25.6162548047496,26.7930329071113
120635100,1396.23958333333,238.135146154849,237.076360084463,24.2830481301628,25.4459985404077
120727800,1397.3125,238.327797773434,237.280199088228,25.9839311386859,27.1044973793544
120819600,1398.375,238.552200779219,237.515991781081,27.3057335940746,28.2500953671826
120912300,1399.44791666667,238.8110560324,237.786680496452,28.7889663483256,29.5837887787348
121005000,1400.52083333333,239.099258699399,238.087068246821,30.6191344094621,30.9997071198844
121096800,1401.58333333333,239.40956602696,238.409805420849,26.5771725116968,26.4733611181725
121189500,1402.65625,239.743274994754,238.756448093826,18.6899637787474,18.2522993202596
121281300,1403.71875,240.088615141551,239.114988762466,17.6861688685857,17.0754161962255
121374000,1404.79166666667,240.446417230322,239.486530474682,14.5417365378272,13.5078274381418
121466700,1405.86458333333,240.806617080558,239.860894306264,12.695676323354,11.5762617325572
121558500,1406.92708333333,241.15804738537,240.226780299952,13.9624119535964,13.3593051575225
121650300,1407.98958333333,241.495405600776,240.579029065664,16.3187978218119,16.6287875119891
121743000,1409.0625,241.811537823998,240.91064064657,16.2716360862768,17.2279663195586
121834800,1410.125,242.089342339715,241.204203724676,16.9171080986782,17.9376263295103
121927500,1411.19791666667,242.323565493271,241.454749590438,23.1273444041681,24.292882943339
122019300,1412.26041666667,242.501403154767,241.649116508966,26.0999684332577,27.2953011011335
122111100,1413.32291666667,242.621505685207,241.786056727756,30.1312226119556,31.2475065418424
122203800,1414.39583333333,242.685936613004,241.867740793653,31.1485483512256,32.0355297165469
122296500,1415.46875,242.700478700832,241.899727586816,26.1865053196398,26.7621405723918
122388300,1416.53125,242.676594960035,241.893260280636,25.518444286349,26.0369597209317
122480100,1417.59375,242.626922326592,241.861112203906,26.4593717048683,26.5506746497519
122572800,1418.66666666667,242.562768705187,241.814746383877,23.7379156931882,23.4116233010029
122664600,1419.72916666667,242.496110527826,241.765786817216,20.2059134277915,19.4100259228914
122757300,1420.80208333333,242.434867818241,241.722501129668,16.0195781928844,14.9034959394149
122850000,1421.875,242.387442922862,241.693124720348,9.6465767241623,8.80089352045289
122941800,1422.9375,242.360370282912,241.684025696088,7.96947445358674,7.31563439649776
123033600,1424,242.358110544336,241.699853423271,13.4922953981178,13.5437056263134
123126300,1425.07291666667,242.384874456049,241.745015560226,17.8404093217352,18.5216276163305
123218100,1426.13541666667,242.442680078256,241.821193919468,22.1718038243259,23.224115125018
123310800,1427.20833333333,242.533834880821,241.931080047215,25.7425225872045,26.9288505284055
123402600,1428.27083333333,242.656328165374,242.072324411205,25.9839291149215,27.1478594280135
123495300,1429.34375,242.810978675687,242.246138714442,24.5090282700359,25.6466554041218
123588000,1430.41666666667,242.993962080557,242.448540411106,30.2783839637217,31.2768830927939
123679800,1431.47916666667,243.199387672148,242.673469199534,31.50394732875,32.2146577666643
123772500,1432.55208333333,243.426719945429,242.920793127598,28.7272377779814,29.0426233101404
123864300,1433.61458333333,243.666274255588,243.180458779033,26.1301887886874,26.0930109014631
123957000,1434.6875,243.916525148162,243.451353316475,19.888742875809,19.3917926231631
124048800,1435.75,244.165346268456,243.72096568646,16.2541428855571,15.6912036540042
124141500,1436.82291666667,244.408789296764,243.985767701311,16.580054921179,15.5685213061318
124233300,1437.88541666667,244.631773982809,244.230268993597,14.8470549963718,13.7630893926881
124326000,1438.95833333333,244.826778268367,244.447360211232,13.1738811130095,12.8646075931277
124417800,1440.02083333333,244.97794501412,244.620726041625,14.1974255346246,14.5416592604793
124510500,1441.09375,245.077690091981,244.743163217139,17.8734892076121,18.800044941304
124602300,1442.15625,245.117774390026,244.80591613819,17.1468354665769,18.2264927097812
124694100,1443.21875,245.099096370884,244.810015254939,23.6955200632896,24.8494608740513
124786800,1444.29166666667,245.026469849691,244.760413684927,29.854960524351,31.0578904220929
124878600,1445.35416666667,244.911686639798,244.668387435917,30.6150951070454,31.6826884062137
124971300,1446.42708333333,244.765159034883,244.544747996072,29.0148238156676,29.9357735393403
125064000,1447.5,244.600495063285,244.402854210134,28.2600091489759,28.883367179311
125155800,1448.5625,244.430616394932,244.255399188667,25.5325945352063,25.9989900851761
125248500,1449.63541666667,244.261547452666,244.108848298,27.3656559316399,27.4962932483796
125340300,1450.69791666667,244.104161711882,243.97364522158,25.9856871058487,25.5789725042865
125433000,1451.77083333333,243.961726798777,243.853504140985,18.6476878899753,17.7037862435969
125524800,1452.83333333333,243.842239171358,243.756003363287,13.0360875336158,11.9436499316795
125617500,1453.90625,243.7477385779,243.683632077474,10.8367924428707,9.84618935411458
125709300,1454.96875,243.683468969776,243.641226168398,8.91085133026539,8.45317018514101
125802000,1456.04166666667,243.650580149643,243.630389487129,13.460698847054,13.5543658006556
125893800,1457.10416666667,243.65091718271,243.652566662388,20.2684275296189,20.9320725369533
125985600,1458.16666666667,243.68393575887,243.707456672596,24.7403555958172,25.8640935565179
126078300,1459.23958333333,243.749071959707,243.794740325802,23.3545198497606,24.5658693512679
126170100,1460.30208333333,243.842485717067,243.910175918105,26.5886051682972,27.7875224347015
126262800,1461.375,243.962279945722,244.052324776522,27.0846603661077,28.2147105290786
126354600,1462.4375,244.101437232669,244.213759330507,30.2848104541948,31.2782986931579
126446400,1463.5,244.255341552321,244.390101080696,33.2974253243796,34.0137240221628
126539100,1464.57291666667,244.418781975575,244.576378885987,29.8218115194751,30.0273771381269
126630900,1465.63541666667,244.580291857022,244.760695852111,22.8473238503376,22.8306995813642
126723600,1466.70833333333,244.732948606276,244.936581592281,21.2627632246017,20.9027595367304
126816300,1467.78125,244.863358493897,245.090410547122,18.0286210132112,17.329656028438
126908100,1468.84375,244.958163657628,245.208565739564,15.6007086198425,14.5430561209713
127000800,1469.91666666667,245.007563732697,245.281650951356,14.9628318033971,13.8746776747664
127092600,1470.97916666667,245.002296626085,245.299867985818,15.4988959387781,15.3262048188702
127185300,1472.05208333333,244.939211637674,245.260434625514,12.9970173580098,13.6042257296571
127277100,1473.11458333333,244.822573149206,245.167065274338,16.1551656556418,17.0024719444368
127369800,1474.1875,244.658291432593,245.026049375003,20.5023355942187,21.5598178058919
127461600,1475.25,244.460558688189,244.851073777067,25.4568017304707,26.6478211681124
127554300,1476.32291666667,244.237349296897,244.650526930839,29.9033830265833,31.1163630388891
127646100,1477.38541666667,244.0038822113,244.439173899124,32.8161574246869,33.8733503969622
127738800,1478.45833333333,243.765124629614,244.222414318507,27.585412554881,28.4563052724932
127830600,1479.52083333333,243.533653221926,244.012403209537,28.1165035511735,28.8508704407432
127923300,1480.59375,243.311755397627,243.811858857771,28.9585475631377,29.4101789230509
128015100,1481.65625,243.109596416391,243.630544862764,27.3617824359811,27.3648280823685
128106900,1482.71875,242.930107369016,243.471616850265,24.7473349571224,24.3476526129919
128199600,1483.79166666667,242.776502416523,243.338505693757,19.6487201667612,18.6803780976373
128292300,1484.86458333333,242.654635119751,243.236885276728,10.832645813812,9.70851569810743
128384100,1485.92708333333,242.568198880913,243.170282355119,9.59456359300566,8.51906983480786
128476800,1487,242.517282931279,243.139204500491,11.7674988085261,11.1616358635392
128568600,1488.0625,242.503205822983,243.144615488195,16.1492175088712,16.4464716467966
128661300,1489.13541666667,242.524445482195,243.185405683658,19.5708559701517,20.359942148859
128753100,1490.19791666667,242.577800165022,243.258021420184,25.7443140501875,26.8665724268832
128844900,1491.26041666667,242.659090396552,243.358497261994,24.3525635544037,25.5768774839216
128937600,1492.33333333333,242.763870903364,243.482594239819,25.2782515296351,26.4920692950344
129029400,1493.39583333333,242.883203751385,243.621013039382,30.1835294411564,31.3438128475469
129122100,1494.46875,243.011046748403,243.768093053993,33.2683793676111,34.2016459919446
129213900,1495.53125,243.135178038808,243.911238109917,31.3246437970621,31.9957246866873
129306600,1496.60416666667,243.246751364407,244.041962826014,30.2338301783716,30.4782261613648
129398400,1497.66666666667,243.331616224663,244.145718706773,23.0843241947394,23.0020084197584
129491100,1498.73958333333,243.379703595506,244.212763899153,20.2953103703516,20.0142671633183
129583800,1499.8125,243.380504373128,244.23234414183,20.3183837788368,19.635605250058
129675600,1500.875,243.329459175769,244.199651925284,17.3560755451348,16.2109790552728
129768300,1501.94791666667,243.225488458761,244.113898204568,12.4823878573561,11.5060711566194
129860100,1503.01041666667,243.075365858586,243.981443453128,14.0725641422146,13.8887149564305
129952800,1504.08333333333,242.884432278406,243.807930173755,14.541127904803,15.1777099622469
130044600,1505.14583333333,242.666203929202,243.606508554847,15.9043429683604,16.8057194961111
130137300,1506.21875,242.426485320885,243.383298809189,21.3208598506609,22.3347385126268
130229100,1507.28125,242.179168769319,243.151869327721,29.6932653082257,30.8985333714304
130321800,1508.35416666667,241.927761348026,242.916041882125,29.9347206686577,31.1350798124207
130413600,1509.41666666667,241.684503074143,242.687761031664,31.4549939424716,32.5374426988147
130505400,1510.47916666667,241.453615049668,242.471410928281,29.2627437428556,30.1453694862797
130598100,1511.55208333333,241.239404607412,242.271446753145,28.2974482325376,29.0084237359284
130690800,1512.625,241.050385915165,242.09625225709,30.3490530881914,30.8409929128477
130782600,1513.6875,240.893755876978,241.952912905936,30.0902566155611,30.0047276544007
130875300,1514.76041666667,240.771614748308,241.843809217866,22.2380123849438,21.6869134642529
130968000,1515.83333333333,240.689816647419,241.774685450632,17.5645028921213,16.6547235486511
131060700,1516.90625,240.650943827196,241.748147672593,12.0749146238073,10.9508364430618
131152500,1517.96875,240.655291583423,241.764399557853,9.59487775727936,8.58454376245945
131245200,1519.04166666667,240.701213496302,241.822049146067,11.7194217590783,11.1168356976997
131337000,1520.10416666667,240.783862270072,241.916037972755,19.2234014896684,19.5063581708562
131429700,1521.17708333333,240.898797759184,242.042159361411,21.4492549412951,22.4043331571656
131521500,1522.23958333333,241.036103943176,242.190284675831,23.6035560711741,24.7632650323827
131614200,1523.3125,241.189274828739,242.35411821398,25.1587736242883,26.3850404807303
131706000,1524.375,241.345103241996,242.520237482171,27.5206669905719,28.7339560552259
131798700,1525.44791666667,241.495377603405,242.680617788243,30.4179790633197,31.5753119781731
131890500,1526.51041666667,241.625650781733,242.820594516447,36.1075114815199,37.0334641932813
131983200,1527.58333333333,241.727268715985,242.931676203367,31.7111126941915,32.2627593086577
132075000,1528.64583333333,241.788911574419,243.002327378244,27.3650272872093,27.6338353994383
132167700,1529.71875,241.805402416671,243.027513681845,24.4804525916017,24.4841836740069
132259500,1530.78125,241.774065615191,243.004359061203,22.0437566074568,21.6510864961886
132352200,1531.85416666667,241.696008249102,242.934104565391,19.2656046242468,18.5458160457324
132444000,1532.91666666667,241.577795296284,242.823145180667,18.3173262505881,17.1597997799089
132536700,1533.98958333333,241.424430912201,242.676616679698,13.4863288769766,12.7161526360001
132628500,1535.05208333333,241.247121327315,242.505589046413,11.8833897224489,11.9362030210549
132721200,1536.125,241.05086405315,242.315184767918,13.204282944073,13.7310942017448
132813900,1537.19791666667,240.84551260561,242.115198811331,19.1213366704293,19.9915584640412
132906600,1538.27083333333,240.638883222379,241.91345510704,22.6423266416529,23.7247603717029
132998400,1539.33333333333,240.440410642532,241.719356806551,30.581125686364,31.7911519655641
133091100,1540.40625,240.253632850841,241.536537469215,32.1231307920041,33.3049027035866
133183800,1541.47916666667,240.088143830585,241.37455638323,29.8849353203816,30.9337412225995
133275600,1542.54166666667,239.952830847859,241.242283958906,29.2886103400275,30.24246346206
133367400,1543.60416666667,239.853342503586,241.145415588717,31.8070959011345,32.4987751543112
133460100,1544.67708333333,239.796041075071,241.090343299057,30.0501508461568,30.4295044135811
133551900,1545.73958333333,239.787288450453,241.083394580109,29.9165959487088,29.8233538256347
133644600,1546.8125,239.82980502038,241.127331810256,22.5508851163263,21.9123610569795
133736400,1547.875,239.922509771767,241.221049623294,14.9418834996066,13.9929291410622
133829100,1548.94791666667,240.063536256874,241.362700832841,11.7965376031398,10.7355922602184
133920900,1550.01041666667,240.243409991301,241.542794314441,12.8056971630402,11.7643594421688
134013600,1551.08333333333,240.456415956451,241.755611451664,12.9382839912932,12.6553063866566
134106300,1552.15625,240.690108383939,241.988691823383,18.8182287080902,19.2145163538361
134198100,1553.21875,240.930493478472,242.228042069147,23.0614557128314,24.0322863205517
134290800,1554.29166666667,241.170589450622,242.466648108767,23.9441625822258,25.1402544179347
134382600,1555.35416666667,241.394526555297,242.688658160533,23.8101759018845,25.0385088075524
134475300,1556.42708333333,241.596240657952,242.887961243331,31.1015586460758,32.3240686099817
134567100,1557.48958333333,241.763072251448,243.051939135475,32.8899375905151,34.0005591223291
134659800,1558.5625,241.891789517453,243.177302212172,34.8116699997401,35.707308463377
134751600,1559.625,241.97638126968,243.258107252294,32.4609036292987,33.0049711139117
134844300,1560.69791666667,242.018098585991,243.295538820364,27.1152182016589,27.3306010752123
134937000,1561.77083333333,242.018393147338,243.291093959774,23.6905058044602,23.775535233449
135028800,1562.83333333333,241.98254664011,243.250119940446,24.9527397795104,24.5519651338825
135121500,1563.90625,241.916059740857,243.178031759996,19.6095217552066,18.6953666853946
135213300,1564.96875,241.827115727512,243.083136491534,15.6924202736166,14.5287671921604
135306000,1566.04166666667,241.721268977509,242.970886714073,12.7286840720622,11.9861890186325
135397800,1567.10416666667,241.607897881637,242.850799703546,12.965887706906,13.1338974189894
135490500,1568.17708333333,241.492353116184,242.728109325747,12.4389443756376,13.0446841607666
135583200,1569.25,241.383689158942,242.611948655718,20.5501418441124,21.3343881795948
135675000,1570.3125,241.291238252878,242.511740605344,26.910140776997,28.0373583900744
135766800,1571.375,241.222826765923,242.435250401782,30.4811838202634,31.7095489932574
135859500,1572.44791666667,241.187719313124,242.391665490487,31.397988898843,32.5856689925187
135951300,1573.51041666667,241.195992351338,242.391227244979,31.2822896739636,32.3281738224859
136044000,1574.58333333333,241.256146691634,242.442257451585,29.1523737159152,30.0908912024195
136136700,1575.65625,241.374095913527,242.550736582602,34.1079627665604,34.8325193530648
136228500,1576.71875,241.549561061796,242.716458047073,32.4341563033891,32.6933924356318
136320300,1577.78125,241.780432915492,242.937193399975,27.4736443386251,27.2712596166019
136413000,1578.85416666667,242.06229990797,243.208396142341,21.1657202701383,20.5897482602474
136504800,1579.91666666667,242.378994955038,243.514080701029,16.0229098074541,15.0811715547592
136597500,1580.98958333333,242.724155232182,243.84764904355,10.7985272369404,9.71036174618143
136689300,1582.05208333333,243.078360679069,244.189894539485,13.4811897178454,12.4169760601216
136782000,1583.125,243.436316642533,244.5352834153,16.3060329532901,16.1140388174313
136873800,1584.1875,243.780121329411,244.866160030246,19.6570333230973,20.2863644483115
136966500,1585.26041666667,244.10682686879,245.179331528476,21.3363947553973,22.3641959696334
137058300,1586.32291666667,244.402128528742,245.460770672463,24.8579059122027,26.0327882289465
137151000,1587.39583333333,244.665636823998,245.709837139906,25.4723600507598,26.7045737793398
137242800,1588.45833333333,244.888254494383,245.917740300541,31.6290765426216,32.8529231314929
137335500,1589.53125,245.072613202477,246.086854052486,36.3354843692481,37.4237612084678
137427300,1590.59375,245.215645645189,246.214440000821,34.9213845629998,35.7315389503226
137520000,1591.66666666667,245.322664000629,246.305541521926,29.9623568699513,30.5204152732409
137611800,1592.72916666667,245.395619878578,246.362452188373,28.8833842899961,29.1631079646653
137704500,1593.80208333333,245.441150265515,246.391526064223,24.8240491183906,24.8076546202226
137796300,1594.86458333333,245.464255295668,246.398112261507,24.7407890092801,24.3426617397537
137888100,1595.92708333333,245.471871967001,246.389016608678,21.0115168102014,20.044506920828
137980800,1597,245.470847767355,246.370946348928,15.2178684422961,14.0801431399587
138072600,1598.0625,245.468797959651,246.351872394917,9.92245705442359,9.33075369407494
138165300,1599.13541666667,245.474304453007,246.340065558178,12.1249193432162,12.1203145351882
138257100,1600.19791666667,245.496916234165,246.345429123189,15.3722961051882,15.9809295222378
138348900,1601.26041666667,245.547355397336,246.378527952942,21.0083999080614,21.8498587286267
138441600,1602.33333333333,245.638122477928,246.451689412292,28.5211197032088,29.6486754524068
138534300,1603.40625,245.780102175583,246.575948736014,32.5067561943446,33.7349146634473
138627000,1604.47916666667,245.982118421735,246.760091523164,29.7856810267944,30.9503610635835
138718800,1605.54166666667,246.245598396664,247.005666434947,31.508184772014,32.6028976163256
138810600,1606.60416666667,246.57068048852,247.312577121785,32.4087301848764,33.3148057055946
138903300,1607.67708333333,246.954123095933,247.67733948548,34.0557991584442,34.7207377766366
138995100,1608.73958333333,247.376947480639,248.081290138548,33.2428601444261,33.4848873609985
139087800,1609.8125,247.833657342809,248.518532560368,27.6811430167519,27.3893912614161
139179600,1610.875,248.301706238826,248.966886224813,18.432549879897,17.8354437259338
139272300,1611.94791666667,248.777624067017,249.422497300978,16.6678295098951,15.8464199761839
139364100,1613.01041666667,249.241384366087,249.865746831588,13.5938307950528,12.4575278223876
139456800,1614.08333333333,249.692913092386,250.296180030202,13.1887271991728,12.2636098758325
139548600,1615.14583333333,250.116014740564,250.698038427866,16.2723798617206,16.1722139332583
139641300,1616.21875,250.513025235698,251.073274736127,21.2824647854016,21.9566669258536
139733100,1617.28125,250.871915376923,251.410320250633,21.4495788665196,22.5525610119382
139825800,1618.35416666667,251.197000098073,251.713103723085,23.3427687760021,24.5006329363772
139917600,1619.41666666667,251.480958716156,251.974781673448,29.1506007992446,30.3732425070259
140009400,1620.47916666667,251.727753526154,252.199145807741,33.5182179843738,34.723238864091
140102100,1621.55208333333,251.941386189924,252.390020737191,35.7952856222174,36.8596986648301
140193900,1622.61458333333,252.121071426141,252.547106027369,35.9577444950462,36.7491171701811
140286600,1623.6875,252.274769617288,252.677960086372,29.3851710472284,29.8859627207022
140378400,1624.75,252.404715982044,252.785299925146,28.396227726262,28.763969659683
140471100,1625.82291666667,252.519551552268,252.877359836769,28.1065954342018,28.0514126279376
140562900,1626.88541666667,252.62397357251,252.95931320229,24.7999810148831,24.2432012984264
140655600,1627.95833333333,252.72824320844,253.041012093742,18.8543190112586,17.8578011214439
140747400,1629.02083333333,252.839949182601,253.130509488646,14.8736466950694,13.7426310279037
140840100,1630.09375,252.972732305178,253.241027603833,10.4177642947383,10.026910179883
140931900,1631.15625,253.136727397638,253.383134647608,10.5205407360705,10.5245301534263
141024600,1632.22916666667,253.348352328148,253.572797701414,17.3073444839859,17.788484070276
141116400,1633.29166666667,253.61481910273,253.817607404329,24.7249577987876,25.6478385250333
141209100,1634.36458333333,253.948514226623,254.12945291018,28.6865275507299,29.8588888396093
141300900,1635.42708333333,254.343769410801,254.503005387023,32.0573082271637,33.2827179090528
141392700,1636.48958333333,254.797703505948,254.93509057688,31.1466634257754,32.2942375155521
141485400,1637.5625,255.304492239259,255.419603395593,30.9802883118638,32.0725429556677
141577200,1638.625,255.840600112101,255.933401785856,35.1791797763581,36.1051900744915
141669900,1639.69791666667,256.402398579255,256.472405638658,36.2519359693343,36.8191146275462
141761700,1640.76041666667,256.966296521041,257.013472237738,31.2259578071424,31.3723300786812
141853500,1641.82291666667,257.526943988099,257.551049840179,26.8794613026991,26.6487983673274
141946200,1642.89583333333,258.080718577079,258.08131359408,19.2348547963025,18.6100619397421
142038900,1643.96875,258.61451309347,258.591414786126,15.6182146855828,14.8092143266652
142130700,1645.03125,259.117310598683,259.07060593654,15.1618164111046,14.0275245510578
142223400,1646.10416666667,259.593987915299,259.523341370543,15.7231216472556,14.9205535064259
142315200,1647.16666666667,260.031561033278,259.937144960134,16.6415561542545,16.8475818696694
142407900,1648.23958333333,260.436122762031,260.317689892647,19.5164473734685,20.2510405493178
142499700,1649.30208333333,260.798726052211,260.656542936839,22.6292758596505,23.7049716028375
142592400,1650.375,261.126792094607,260.960707386162,24.0777108719201,25.2495170656055
142684200,1651.4375,261.415611924762,261.225984142749,30.3006683507738,31.5176675704546
142776900,1652.51041666667,261.673791580598,261.460562465693,37.0685144004727,38.2567572007674
142868700,1653.57291666667,261.900345988257,261.663956597514,36.0597174604648,37.0520383917937
142960500,1654.63541666667,262.10299139675,261.843690347941,33.7140853311805,34.5129498615016
143053200,1655.70833333333,262.289649968394,262.007500486245,31.2749292240855,31.8010501302494
143145000,1656.77083333333,262.464290880466,262.159831244053,29.1398369713845,29.4513799364702
143237700,1657.84375,262.639767496196,262.313124923426,28.6497779207136,28.5911317685508
143329500,1658.90625,262.823980579332,262.475729982649,26.2411994314136,25.6053023986024
143422200,1659.97916666667,263.033929061412,262.664223816469,17.5690159936484,16.4787670962535
143514900,1661.05208333333,263.282400895899,262.891588415741,11.6452555561322,10.5354180026954
143606700,1662.11458333333,263.579738500214,263.168321060999,10.4889903280383,9.9345635102163
143699400,1663.1875,263.94151668128,263.509522901552,12.4915629136135,12.5815346393372
143792100,1664.26041666667,264.368741465176,263.916319275851,18.0716039937526,18.6162778268426
143884800,1665.33333333333,264.857957546996,264.385172921307,26.8151127294007,27.75508064547
143976600,1666.39583333333,265.394283135945,264.90133502806,31.0677327170856,32.2683666299144
144068400,1667.45833333333,265.969695361645,265.456546251797,30.1778006743146,31.3965917504858
144161100,1668.53125,266.576831684064,266.043230506425,31.6666668107639,32.8344820764004
144253800,1669.60416666667,267.197362039879,266.643259978407,33.759300515437,34.8225232390811
144345600,1670.66666666667,267.814056517098,267.239621726971,35.8490984223586,36.7231710268759
144437400,1671.72916666667,268.423674487023,267.828900769599,37.4972333319421,38.0327550284377
144530100,1672.80208333333,269.024120422497,268.408831334927,31.3429547046362,31.3716317950956
144622800,1673.875,269.60243287198,268.966683764378,23.8966802809173,23.6591056728079
144714600,1674.9375,270.147415863325,269.491494006265,20.4238310565375,19.9010875769432
144807300,1676.01041666667,270.664675775468,269.988509445945,17.5171907438223,16.6109598367175
144899100,1677.07291666667,271.140126247714,270.444074940427,14.425781730967,13.2805438328321
144991800,1678.14583333333,271.5801702172,270.864243599228,15.7224657757421,15.0002277935731
145083600,1679.20833333333,271.974740503771,271.23937430517,18.5272955781721,18.8530401314121
145176300,1680.28125,272.331551554559,271.576840331247,18.7714227348775,19.6570368976114
145268100,1681.34375,272.645202847665,271.871654347638,21.4475745478141,22.4956899951307
145359900,1682.40625,272.922377976334,272.130345048665,27.3701157158229,28.5239962454682
145452600,1683.47916666667,273.169797730266,272.359488444261,32.4488517151794,33.6679763456742
145544400,1684.54166666667,273.388606009956,272.560610240771,37.0666476917592,38.2373163257702
145637100,1685.61458333333,273.590713864225,272.745297336729,37.5566810868043,38.5089463899298
145728900,1686.67708333333,273.781533652044,272.91931720619,32.4866558953959,33.2322722377076
145821600,1687.75,273.976351257749,273.097635656561,31.2956968530839,31.8786491277455
145913400,1688.8125,274.184778353367,273.290183087355,32.3461236891736,32.6065276629975
146005200,1689.875,274.423208539445,273.513174665803,28.8230242016838,28.611333528568
146097900,1690.94791666667,274.708759253976,273.783549819903,24.4027782063602,23.7313824428724
146189700,1692.01041666667,275.047163557765,274.107288374804,17.5569174580033,16.4515546259911
146282400,1693.08333333333,275.451101309562,274.496725482337,10.3748798499837,9.33864646144334
146374200,1694.14583333333,275.912196235619,274.94371163317,9.12732412483801,8.50469253996233
146466900,1695.21875,276.432953112097,275.450430545443,14.6923208058716,14.6626818286276
146558700,1696.28125,276.992823476147,275.996578824729,21.4995101733508,22.1654196491628
146650500,1697.34375,277.584569801184,276.57477090308,26.561720262589,27.5751431599312
146743200,1698.41666666667,278.202277249348,277.178964031545,31.3841574822998,32.5832109692326
146835900,1699.48958333333,278.82899803187,277.792356005001,30.8813619201302,32.0868384591676
146927700,1700.55208333333,279.448720626677,278.399079145537,31.258371121242,32.424234128325
147020400,1701.625,280.064859148069,279.002313004095,36.6416269003815,37.7100011188509
147112200,1702.6875,280.657687223431,279.582603447172,38.3364062230677,39.1201021195549
147204900,1703.76041666667,281.231610538536,280.144133411445,35.6435066624618,36.0980686571624
147296700,1704.82291666667,281.768922863255,280.66946113841,31.1245900811098,31.1681971918782
147389400,1705.89583333333,282.274191292718,281.162943858289,23.9391175728928,23.6606937179404
147481200,1706.95833333333,282.732659671502,281.610079803888,19.8752395706607,19.374961878658
147573900,1708.03125,283.149649269757,282.015994103138,19.4483611356247,18.5322057016243
147665700,1709.09375,283.515152961155,282.370919621262,16.2595585430215,15.1451418616961
147758400,1710.16666666667,283.836432655732,282.681934181124,14.4967483041926,14.0494967691923
147850200,1711.22916666667,284.109481136759,282.945249837907,17.2911524209155,17.6784400882747
147942900,1712.30208333333,284.344047989968,283.170441604058,19.6792646278593,20.5632982235345
148034700,1713.36458333333,284.541902480911,283.359472411327,21.8357078006183,22.9037775500871
148127400,1714.4375,284.715225215891,283.524356992029,28.7398954621459,29.8818093707179
148219200,1715.5,284.870673015549,283.67191835345,36.3308753267538,37.542893157566
148311900,1716.57291666667,285.023285227521,283.817038621729,36.9962220972294,38.1188959953483
148403700,1717.63541666667,285.183563412006,283.97035701793,36.071232488794,37.0192242868315
148496400,1718.70833333333,285.369271624635,284.149487536194,33.9111399424427,34.6549635511978
148588200,1719.77083333333,285.590837470982,284.364966843435,32.0369904442175,32.5796610695255
148680000,1720.83333333333,285.86150807719,284.629953874581,33.3529170411645,33.6039645279406
148772700,1721.90625,286.192086533253,284.955178555551,30.5881828178738,30.2620911793652
148864500,1722.96875,286.577999776189,285.336151357441,22.1974157368786,21.4052529199466
148957200,1724.04166666667,287.023207144037,285.776719799461,14.9991631301756,13.9236693082454
149049000,1725.10416666667,287.511361860422,286.260619483058,10.925472210571,9.85980265151625
149141700,1726.17708333333,288.041835710391,286.787137818528,10.3372803305178,9.83501874764051
149233500,1727.23958333333,288.593486436214,287.335213816409,15.1038253701436,15.1339149752161
149325300,1728.30208333333,289.160808382901,287.899309812081,24.1060506056447,24.7934937334985
149418000,1729.375,289.739630096236,288.47523820504,28.5888968802027,29.6829281569675
149510700,1730.44791666667,290.315119252236,289.048211554323,29.7288831436632,30.9360583228095
149602500,1731.51041666667,290.873113836654,289.604098511801,31.3435138665634,32.5505209491184
149695200,1732.58333333333,291.416162004093,290.1454176941,33.8568712285788,35.0038881773865
149787900,1733.65625,291.930449580673,290.658388824484,37.4847206453784,38.5215987433567
149879700,1734.71875,292.403540957376,291.130594139132,40.3782455262444,41.1216812439314
149972400,1735.79166666667,292.837377761626,291.56396717407,35.436429163234,35.7760336266521
150064200,1736.85416666667,293.217460619948,291.944024780175,28.6675941756443,28.7093954301098
150156900,1737.92708333333,293.54699530692,292.273977591434,25.2190756735129,25.0100284683126
150248700,1738.98958333333,293.817963682009,292.54580095235,21.5570984093681,20.9537245500293
150341400,1740.0625,294.037109669527,292.766253176662,18.5002311522898,17.5225896139085
150434100,1741.13541666667,294.206129659947,292.937018646998,16.6843970495753,15.6054665344044
150525900,1742.19791666667,294.33149943678,293.064541431744,15.6481517560722,15.4274889619683
150618600,1743.27083333333,294.425482578922,293.16111635922,16.1278267368737,16.7214052979857
150711300,1744.34375,294.498327253024,293.236959584897,18.6363238921012,19.4864620382415
150803100,1745.40625,294.562367410048,293.304356734335,24.9434516806661,25.9919338339744
150895800,1746.47916666667,294.632533612572,293.378291889499,30.5994055569563,31.7713626912662
150987600,1747.54166666667,294.721148148217,293.471004119483,37.2799872533807,38.4842881816332
151079400,1748.60416666667,294.841659439877,293.595969243889,38.4886983980834,39.5727911827673
151172100,1749.67708333333,295.006710295655,293.765876743502,34.765578083699,35.6690289367658
151263900,1750.73958333333,295.220628765448,293.984963210174,34.1562488507572,34.9380442358068
151356600,1751.8125,295.490918873004,294.260841453547,35.4539175330044,35.9470340700937
151448400,1752.875,295.811192297702,294.587025636707,33.4225126485484,33.5444059282856
151540200,1753.9375,296.178957451509,294.961089367936,29.7488904765292,29.380569755234
151632900,1755.01041666667,296.590959262328,295.379858236515,21.8172176866717,20.9619054799154
151725600,1756.08333333333,297.034749578353,295.830836839775,13.0061921195187,11.9184103085542
151817400,1757.14583333333,297.496197055397,296.299828981317,10.1854052252546,9.09719366607852
151910100,1758.21875,297.974987213381,296.786677966093,13.0024972085656,12.4412277308193
152001900,1759.28125,298.452830915804,297.272946723549,17.7140358648433,17.9682156472197
152094600,1760.35416666667,298.930135287396,297.759215090398,24.3492067026449,25.1500562708735
152186400,1761.41666666667,299.388705860091,298.227120690385,29.3977928394829,30.5137830120125
152278200,1762.47916666667,299.824086058635,298.672295889898,30.1367294656342,31.3454724489673
152370900,1763.55208333333,300.230601363454,299.089170094154,30.7664540759038,31.9696650639545
152462700,1764.61458333333,300.590838607148,299.460125372736,37.0440301597077,38.189729728961
152555400,1765.6875,300.90291552429,299.783479561642,39.8340542993177,40.7968415000903
152648100,1766.76041666667,301.155875652203,300.048155368294,39.2715982593307,39.9459402823398
152739900,1767.82291666667,301.344102090758,300.248390194424,35.3383492182819,35.6546502405495
152832600,1768.89583333333,301.471368040292,300.38816036507,28.4069641257497,28.4006777922781
152924400,1769.95833333333,301.539756099029,300.469270302103,24.9637865837673,24.7805559901842
153017100,1771.03125,301.559311397967,300.501978835531,23.9856500241441,23.3419698543668
153108900,1772.09375,301.541199383069,300.497164118457,19.0650625935043,17.9805546349597
153201600,1773.16666666667,301.498428466074,300.46806844584,14.7954336682984,13.8268969861641
153293400,1774.22916666667,301.445544743802,300.428952264478,14.6703936560905,14.5397259296337
153386100,1775.30208333333,301.395149561915,300.392673310556,16.7985159256255,17.4338942119524
153478800,1776.375,301.360680784013,300.372529094926,18.5496431950562,19.437909650856
153570600,1777.4375,301.353682083679,300.379922387699,26.5989086861854,27.6223654733769
153663300,1778.51041666667,301.383681230762,300.424672245097,34.3865179519503,35.5713504037002
153755100,1779.57291666667,301.457127735216,300.512958187854,37.3524543964315,38.5347529275838
153847800,1780.64583333333,301.579502340449,300.650574615518,37.4256678881026,38.4924052575273
153939600,1781.70833333333,301.749163628025,300.835610160962,35.8917408760912,36.7821913685394
154032300,1782.78125,301.967107249357,301.069389159259,34.6319765438141,35.3800653909614
154124100,1783.84375,302.224349509579,301.342645824379,37.303235663638,37.7788389422532
154215900,1784.90625,302.516396605956,301.651060530895,35.1198475951831,35.1139993767435
154308600,1785.97916666667,302.839139761417,301.990708868458,27.4287110370061,26.9415185415906
154401300,1787.05208333333,303.181837499241,302.3507060059,19.7578859714262,18.9305802268557
154493100,1788.11458333333,303.532756048237,302.719156629558,13.7226186940396,12.6435309951919
154586700,1789.19791666667,303.893794933111,303.098491939903,10.3163081006336,9.26926147410271
154678500,1790.26041666667,304.24221197136,303.465273647969,13.8146228842682,13.2907209859664
154770300,1791.32291666667,304.575496527449,303.817343452937,20.7961913720471,21.1392050017267
154863000,1792.39583333333,304.88612592265,304.147368670241,25.9704520990643,26.9041038672921
154954800,1793.45833333333,305.156777769486,304.437641938523,27.9547146289336,29.1009590764308
155047500,1794.53125,305.381142741339,304.682218329018,30.6490487113421,31.8510791103092
155139300,1795.59375,305.544558223379,304.866007697116,32.8990924136647,34.0901431629862
155232000,1796.66666666667,305.642864516045,304.985198320065,38.3759027265298,39.5011459688717
155323800,1797.72916666667,305.671776990255,305.035036659432,42.2636278953863,43.1758076870166
155416500,1798.80208333333,305.635457735505,305.020025605186,38.9753009598464,39.543696537018
155509200,1799.875,305.542590605591,304.94857885166,33.0007325982669,33.3016301182365
155601000,1800.9375,305.407984499175,304.835242375342,29.6811161546994,29.7130653079742
155692800,1802,305.245686202399,304.694232872366,26.2018040109847,25.9169967334449
155785500,1803.07291666667,305.06857566354,304.538616099282,23.6537224200531,22.9465465386539
155877300,1804.13541666667,304.893640415734,304.384951899215,19.5183004048681,18.4027986211218
155970000,1805.20833333333,304.729518245374,304.242294856046,14.7264233233068,13.9502662717849
156061800,1806.27083333333,304.589578197869,304.123605186317,12.9258451962544,13.0426056548841
156153600,1807.33333333333,304.480498321503,304.035784462202,15.8601256466908,16.4415226630079
156246300,1808.40625,304.408266827683,303.98505126998,21.3457403289865,22.2263980586748
156338100,1809.46875,304.378747488272,303.976878946492,28.3214197042121,29.3890533942108
156430800,1810.54166666667,304.393600354827,304.013377266666,36.0284708874914,37.2173348191023
156522600,1811.60416666667,304.452471478209,304.093804246939,38.822835733514,39.9771480452037
156615300,1812.67708333333,304.554328238848,304.217581789272,36.054044148802,37.0824425429714
156707100,1813.73958333333,304.693301659922,304.378443843533,36.3409492863171,37.2563117270885
156799800,1814.8125,304.866869077684,304.574322593029,37.8132136402378,38.5128753708684
156891600,1815.875,305.065597255646,304.795372025319,37.6547163000869,38.0337815947438
156984300,1816.94791666667,305.286606465752,305.039167178398,34.9035427995679,34.8299838933151
157077000,1818.02083333333,305.520651668984,305.296259811214,26.8295788913485,26.2587684351865
157168800,1819.08333333333,305.757237516991,305.555938048143,17.4384190772286,16.5986396476913
157261500,1820.15625,305.991794347393,305.814092526503,13.8090204744931,12.7820714287698
157353300,1821.21875,306.20922590035,306.055171140252,12.8745422688028,11.8466700008235
157446000,1822.29166666667,306.401471183032,306.271570026269,15.1610519887484,14.8790357813742
157537800,1823.35416666667,306.551385430439,306.44565438766,21.2007660087846,21.6817690959074
157630500,1824.42708333333,306.648349946473,306.567237574104,27.1105489161055,28.0932721857284
