elapsed_seconds,elapsed_days,earth_ssb_error_km,earth_heliocentric_error_km,saturn_ssb_error_km,saturn_heliocentric_error_km
91800,1.0625,0.00303161139471758,0.00303170222594935,5.45915033569285e-07,7.74449312771577e-07
184500,2.13541666666667,0.0119949611158883,0.011995504645657,3.28684375435456e-07,1.07290013618451e-06
276300,3.19791666666667,0.0262681212063212,0.0262696464872758,2.69108980530378e-06,8.50121354808601e-07
369000,4.27083333333333,0.0451453714059304,0.0451485651734172,2.47248890387318e-06,2.02154481954092e-06
460800,5.33333333333333,0.0664450160869458,0.0664505219816832,3.68896807525917e-06,3.05053686513667e-06
552600,6.39583333333333,0.0877402267968163,0.0877487162054376,4.2444674440219e-06,5.20483535286324e-06
645300,7.46875,0.106202970353209,0.106215078373769,6.50131861443114e-06,6.5296207750448e-06
737100,8.53125,0.118711063714908,0.118727248649937,8.33861759650793e-06,8.47356154238316e-06
829800,9.60416666666667,0.123662164291728,0.123682851236015,1.00927864299777e-05,1.12465453141699e-05
921600,10.6666666666667,0.120619583356445,0.120644720130638,1.2650925729073e-05,1.34947060342199e-05
1013400,11.7291666666667,0.111023284487263,0.111052197907875,1.45341868150331e-05,1.6714720195787e-05
1106100,12.8020833333333,0.0976022965807618,0.0976330180947818,1.74557345701089e-05,1.96158484302319e-05
1197900,13.8645833333333,0.0844447473709755,0.0844730314693721,2.01776355581843e-05,2.34744257914605e-05
1290600,14.9375,0.074935406520371,0.0749546861807095,2.37573416555676e-05,2.65149110957595e-05
1382400,16,0.0709146790416265,0.0709194778266557,2.77596586790731e-05,3.01199683898213e-05
1474200,17.0625,0.0713045147002475,0.0712940011890571,3.20845857701931e-05,3.34419747504682e-05
1566900,18.1354166666667,0.0743336296090418,0.0743111084516377,3.70894930934953e-05,3.68689225732929e-05
1658700,19.1979166666667,0.0793436942230531,0.0793140740525588,4.23780939666205e-05,4.04723380129404e-05
1751400,20.2708333333333,0.0875552021531643,0.0875224683317414,4.96065649603426e-05,4.27481885966857e-05
1843200,21.3333333333333,0.101071344014967,0.101037064558864,5.42470360223101e-05,4.79823291457953e-05
1935000,22.3958333333333,0.122549985181448,0.122512577275225,6.08279257868345e-05,5.18011235814872e-05
2027700,23.46875,0.15458320419204,0.154539050750869,6.76459000139424e-05,5.58405971309493e-05
2119500,24.53125,0.197915606890406,0.197861028579404,7.26949978124171e-05,6.23090031005162e-05
2212200,25.6041666666667,0.253612572581711,0.25354456743611,7.94591708588398e-05,6.74293744191881e-05
2304000,26.6666666666667,0.319568430544446,0.319485271232947,8.66052735685947e-05,7.24856146977583e-05
2396700,27.7395833333333,0.394896633925602,0.394797076068004,9.34878498791552e-05,7.83271082643381e-05
2488500,28.8020833333333,0.475158672762539,0.475042294628562,0.000101509171937083,8.35290364201552e-05
2581200,29.875,0.558549274701637,0.558415639154118,0.000109827807315416,8.89285577834497e-05
2673000,30.9375,0.640313807987924,0.640163027448919,0.000116098766526571,9.70617317383004e-05
2764800,32,0.718910305030083,0.718742513680742,0.000125223332808895,0.000102410899402771
2857500,33.0729166666667,0.793936770297993,0.793752104498186,0.000133368282903329,0.000109546050787238
2949300,34.1354166666667,0.864363268525179,0.864162365547128,0.000142729652568866,0.000115912511065583
3042000,35.2083333333333,0.933586596592939,0.933369953731073,0.000152357259787128,0.000122795210924485
3133800,36.2708333333333,1.00349140373383,1.00325984725926,0.0001614524330066,0.000130247879380812
3226500,37.34375,1.07930074176804,1.07905478537347,0.000171598037902356,0.000137359697112642
3318300,38.40625,1.16302637099674,1.16276654286673,0.000182451274798088,0.000144087199516211
3410100,39.46875,1.25762656304353,1.25735291810282,0.000192793586706006,0.000152013077468221
3502800,40.5416666666667,1.36466616634942,1.36437813492531,0.000202642463694565,0.000160991548980574
3594600,41.6041666666667,1.48064688162965,1.48034382523121,0.000213259709496618,0.000169443487488627
3687300,42.6770833333333,1.60489322743515,1.60457392591735,0.000223704896994866,0.000178600548175107
3779100,43.7395833333333,1.73131911290744,1.73098261420871,0.00023547740595095,0.00018690978975106
3871800,44.8125,1.85873412028404,1.85837921138132,0.000248073343682,0.000195164824924268
3963600,45.875,1.981795225636,1.98142128399109,0.000259771770031746,0.000204316897167874
4055400,46.9375,2.10013092824732,2.09973741882868,0.000272405810231174,0.000213301585698661
4148100,48.0104166666667,2.21467605647313,2.21426260647872,0.000284483782953005,0.000223364898583989
4239900,49.0729166666667,2.32452586867846,2.32409282103872,0.000297070213182421,0.000233148424963383
4332600,50.1458333333333,2.4344550170212,2.43400263696814,0.000311247820291202,0.000242050693696326
4424400,51.2083333333333,2.54579992810004,2.54532909989139,0.000324125023588451,0.00025280738878447
4516200,52.2708333333333,2.66343142128768,2.66294296576931,0.000338204585279527,0.000262658779624544
4608900,53.34375,2.79222728680013,2.79172180329669,0.000352101400389591,0.000273409930610452
4700700,54.40625,2.93244572102597,2.93192401008901,0.000366000046088067,0.000284494317615207
4793400,55.4791666666667,3.08827491007336,3.08773727715957,0.000381136690561642,0.000294732146466181
4885200,56.5416666666667,3.25648850017916,3.25593491496285,0.000396062786539825,0.000305801945504012
4977000,57.6041666666667,3.43673634794519,3.43616641512401,0.000410880190149212,0.000317130173120719
5069700,58.6770833333333,3.62784909773413,3.62726206539939,0.000424351860821484,0.000330558928908015
5161500,59.7395833333333,3.82233884539003,3.82173391067085,0.000439960919623792,0.000342332017768039
5255100,60.8229166666667,4.02214516713356,4.02152088804378,0.000457671576836205,0.000352922394956349
5347800,61.8958333333333,4.21848335472143,4.21783912686566,0.00047413330376693,0.000364914738939143
5439600,62.9583333333333,4.40979661900769,4.40913226387617,0.00048938501725961,0.000378074051640312
5532300,64.03125,4.59995936749222,4.59927460363793,0.000506531802382172,0.000390369603589405
5624100,65.09375,4.78709476968404,4.78638999635154,0.000523838814577273,0.000402539492648069
5715900,66.15625,4.97617038543997,4.97544616849655,0.000540240345119938,0.000416408031381085
5808600,67.2291666666667,5.17286838548491,5.17212543430131,0.000559085139636598,0.000428320774507773
5900400,68.2916666666667,5.37691471876473,5.3761540326313,0.000576993624583588,0.000441449897431079
5993100,69.3645833333333,5.59486267778553,5.59408466744161,0.000595061062481425,0.000455354238415386
6084900,70.4270833333333,5.82341548051169,5.82262081409523,0.000613693077770099,0.000468610679267233
6177600,71.5,6.06623028748979,6.06541869200938,0.000633116157696878,0.000482009591832475
6269400,72.5625,6.3162673876727,6.31543875354511,0.000652075446797679,0.000495849417794894
6362100,73.6354166666667,6.57509825316152,6.57425173429183,0.000670813065029181,0.000510652610844745
6453900,74.6979166666667,6.83413782734714,6.83327281915836,0.000690442992949526,0.000524933413983237
6545700,75.7604166666667,7.09274708615226,7.09186289431494,0.000709874104537876,0.000540042735771945
6638400,76.8333333333333,7.35122879922669,7.35032487228389,0.000730340477191666,0.000554700408033163
6730200,77.8958333333333,7.60365032552278,7.60272667608355,0.0007503477547,0.000569955377594102
6822900,78.96875,7.85546937036769,7.85452601930669,0.000771108977815792,0.000585014968058043
6914700,80.03125,8.10361577993467,8.10265356509029,0.000792693877380753,0.000599824226977851
7006500,81.09375,8.35337000203423,8.35239000597591,0.000813897398389555,0.000615248607289227
7099200,82.1666666666667,8.61065239069065,8.60965579938441,0.000835824236817143,0.000630907479096756
7191900,83.2395833333333,8.87652396993462,8.87551217183177,0.000858201152884328,0.00064670577680705
7283700,84.3020833333333,9.15112458572183,9.15009911471129,0.000878720431288192,0.00066436138158856
7375500,85.3645833333333,9.43869528047459,9.43765729997238,0.000901873513512632,0.000679853539629806
7468200,86.4375,9.74250955723927,9.74145972066904,0.000923488153159243,0.000697637413449824
7560000,87.5,10.0553922562919,10.0543310550169,0.000946215342276884,0.000714611935680285
7652700,88.5729166666667,10.3808661781177,10.3797935043343,0.000969393380004379,0.000731923936063788
7744500,89.6354166666667,10.7092529493557,10.7081686410345,0.000993758249848388,0.000748052823613272
7837200,90.7083333333333,11.0435151395091,11.0424187330301,0.0010184784803108,0.000764744359183606
7929000,91.7708333333333,11.374390949818,11.3732823876628,0.00104316139585107,0.000781308965841908
8021700,92.84375,11.7068366459262,11.7057158323637,0.00106812584397633,0.000798787470391632
8113500,93.90625,12.0344701304216,12.0333376802591,0.00109196228146049,0.000817396915820012
8205300,94.96875,12.3621511181627,12.3610079797091,0.00111641721413089,0.000835670250214556
8298000,96.0416666666667,12.6959510849516,12.6947985698973,0.0011416539815676,0.000854146109116514
8389800,97.1041666666667,13.0327895673058,13.031629389462,0.00116686861030329,0.000872644395670891
8482500,98.1770833333333,13.3825462053248,13.3813799649163,0.00119263725471538,0.000891592621105606
8574300,99.2395833333333,13.7408091001415,13.7396384528438,0.00121770498516231,0.00091139518337375
8667000,100.3125,14.1156657275461,14.1144918893182,0.00124501155629597,0.000929825798535093
8758800,101.375,14.499377340595,14.4982011800207,0.00127171776500251,0.000948819708443286
8850600,102.4375,14.8936984070256,14.8925203677897,0.00129775395108827,0.00096902684132285
8943300,103.510416666667,15.2998003634061,15.2986205270178,0.00132531252703164,0.000988461476127763
9035100,104.572916666667,15.7065257177528,15.7053440048439,0.00135308359800788,0.00100790505575659
9127800,105.645833333333,16.1186701839676,16.1174864559131,0.00138043699724545,0.00102859829499053
9219600,106.708333333333,16.5257552619641,16.524569579013,0.0014083847479022,0.00104846779087386
9312300,107.78125,16.9343298885197,16.9331426006019,0.00143599605798919,0.00106985903970103
9404100,108.84375,17.3363260147637,17.3351379436608,0.00146427858894327,0.00109067228400577
9495900,109.90625,17.7368741265195,17.7356865160839,0.0014935260543483,0.00111071535188399
9588600,110.979166666667,18.1421550596702,18.1409696697798,0.00152251671205041,0.00113233838518698
9680400,112.041666666667,18.5472569108947,18.5460757551084,0.0015531969497026,0.00115202100242704
9773100,113.114583333333,18.9632883470867,18.9621137081781,0.001582291951304,0.00117446210278579
9864900,114.177083333333,19.3848586084547,19.3836926036404,0.00161108459135051,0.00119730649694778
9957600,115.25,19.8219487590335,19.8207934356046,0.00164095615950266,0.00121977711611728
10049400,116.3125,20.2663916918526,20.2652484908742,0.0016720081046855,0.0012410860096319
10141200,117.375,20.7212372334354,20.7201072421995,0.00170286123722489,0.00126304034057445
10233900,118.447916666667,21.188699020189,21.1875830809551,0.00173401889066295,0.00128595371635891
10325700,119.510416666667,21.6566153345358,21.6555137716668,0.00176684361998385,0.00130693445052451
10418400,120.583333333333,22.1310124758063,22.1299257844986,0.00179820719966948,0.00133038126086083
10510200,121.645833333333,22.6002363593711,22.5991649655819,0.00183084685099758,0.00135246403482614
10602000,122.708333333333,23.0676497970942,23.0665945842827,0.00186287654124284,0.00137580775923699
10694700,123.78125,23.538006230117,23.5369687832009,0.00189563393210109,0.00139937640084209
10786500,124.84375,24.0037497351053,24.0027317872335,0.00192797527721143,0.00142321510488101
10879200,125.916666666667,24.4766567065983,24.4756607472101,0.00196118823192452,0.0014472351585816
10971000,126.979166666667,24.9506355410801,24.9496639515645,0.00199419586448865,0.00147137881964451
11062800,128.041666666667,25.4331799270684,25.4322353059253,0.00202828475854869,0.00149516282488477
11155500,129.114583333333,25.9313917419064,25.9304768456532,0.00206302113614076,0.00151928623278515
11247300,130.177083333333,26.4366878829476,26.4358045432669,0.00209761255101553,0.00154342081714735
11340000,131.25,26.9587453157651,26.9578955430294,0.00213283196901511,0.00156790504193092
11431800,132.3125,27.4859408164608,27.4851255351885,0.00216784975309534,0.001592791373025
11523600,133.375,28.0208401421233,28.0200602049342,0.00220342276975507,0.00161745177058523
11616300,134.447916666667,28.5657594516392,28.5650158178505,0.00223867240620202,0.00164345700749456
11708100,135.510416666667,29.1070698127918,29.1063626251665,0.00227411597572347,0.00166909532670775
11800800,136.583333333333,29.6527739948768,29.6521043486262,0.00231045025440485,0.00169497889651183
11892600,137.645833333333,30.190596295788,30.1899647904582,0.00234666669637995,0.00172079604349382
11985300,138.71875,30.7305767499807,30.7299851524791,0.002383792781866,0.00174683849508976
12077100,139.78125,31.2629978452597,31.2624476869528,0.00242036330897476,0.00177337845523363
12169800,140.854166666667,31.8002186926764,31.7997128116691,0.00245707005544442,0.00180079502754154
12261600,141.916666666667,32.3344646335846,32.3340053190763,0.00249472175644869,0.00182714962513251
12353400,142.979166666667,32.8737996546522,32.8733896715192,0.00253212852964995,0.00185445984163847
12446100,144.052083333333,33.4260718440696,33.4257144187149,0.00256991281633916,0.00188242437885353
12537900,145.114583333333,33.9820360901739,33.9817331969439,0.00260768590440425,0.00191020983053312
12630600,146.1875,34.5527228867446,34.5524771295968,0.00264641834190729,0.00193809990382407
12722400,147.25,35.1257764138425,35.1255887651421,0.00268446864521543,0.00196658084690641
12815100,148.322916666667,35.7100137778665,35.7098859624971,0.00272321546987825,0.00199556394440021
12906900,149.385416666667,36.2911385659358,36.2910710948614,0.00276220967800262,0.00202425855838908
12998700,150.447916666667,36.8719755930851,36.8719693412065,0.0028010437289083,0.0020535637979225
13091400,151.520833333333,37.4560658038829,37.4561225252694,0.00284063314356964,0.00208285938007712
13184100,152.59375,38.0367129695377,38.0368344863017,0.0028808031652107,0.00211247942003829
13275900,153.65625,38.6086881400451,38.6088758125421,0.00292099731504973,0.00214172562702094
13368600,154.729166666667,39.1848159614681,39.185072925608,0.00296243812573378,0.00217080923387094
13460400,155.791666666667,39.7563919323062,39.7567205404983,0.00300303792618859,0.00220051567041292
13553100,156.864583333333,40.3375482036469,40.3379524737597,0.0030451158800649,0.00223021529289183
13644900,157.927083333333,40.9197483177735,40.9202306455693,0.00308669105998668,0.00226032333283879
13737600,159,41.5165435467191,41.5171075516783,0.00312863472321156,0.00229102343324597
13829400,160.0625,42.1174407242957,42.1180881650886,0.00317100026372793,0.00232106050081041
13922100,161.135416666667,42.7341138906465,42.7348478119739,0.00321340856116743,0.00235230092085987
14013900,162.197916666667,43.3532986013642,43.3541198454871,0.00325580646366635,0.00238361586176326
14105700,163.260416666667,43.9786963875629,43.979606122665,0.00329883573405877,0.00241438440071703
14198400,164.333333333333,44.6136554299123,44.6146555989792,0.00334244312389562,0.00244602211049579
14290200,165.395833333333,45.2428833088055,45.2439740243355,0.0033857084376587,0.00247785548624255
14382900,166.46875,45.8761076627736,45.8772907668758,0.00342960698417748,0.00250996500625975
14474700,167.53125,46.499290452501,46.5005663842602,0.00347337554845505,0.00254212432895969
14567400,168.604166666667,47.1240559026571,47.1254273314404,0.00351805714348574,0.00257443341473002
14659200,169.666666666667,47.7389554982028,47.7404236775647,0.00356295253364035,0.00260637159375491
14751900,170.739583333333,48.3578837450879,48.3594522346534,0.00360880494054113,0.00263859275061102
14843700,171.802083333333,48.9713768254814,48.9730474855683,0.00365406852479684,0.00267111700652587
14936400,172.875,49.5942024151506,49.5959791503153,0.00370053615495309,0.0027038400708884
15028200,173.9375,50.2164581514098,50.2183426228519,0.00374577177810092,0.00273733989803166
15120000,175,50.8452836179231,50.8472781603019,0.00379218865503813,0.00277054127527412
15212700,176.072916666667,51.4866973652554,51.488804955328,0.00383885276178422,0.00280442227634367
15304500,177.135416666667,52.126686640189,52.1289076316445,0.00388565225058506,0.00283792935454581
15397200,178.208333333333,52.7752561063813,52.7775927541439,0.00393302045999033,0.00287214565599824
15489000,179.270833333333,53.4169219770734,53.4193741776607,0.00398056884242961,0.00290598341336988
15581700,180.34375,54.0615879843193,54.0641579614517,0.00402848696092321,0.00294050933327144
15673500,181.40625,54.6948755083589,54.6975634923298,0.0040763048443677,0.00297499417867412
15765300,182.46875,55.3223393396752,55.3251470457604,0.00412405509177798,0.00300985611254146
15858000,183.541666666667,55.9505574575426,55.9534882351389,0.00417245803109359,0.00304552060370865
15949800,184.604166666667,56.568954555232,56.5720097846232,0.00422116345539183,0.00308044910071518
16042500,185.677083333333,57.1921133503236,57.1952970955133,0.00427060222935716,0.00311586838252758
16134300,186.739583333333,57.8107179833137,57.8140319336311,0.00431952255823907,0.00315173091391159
16227000,187.8125,58.4395811773633,58.4430294809059,0.00436941928213647,0.0031877143199946
16318800,188.875,59.0685432396968,59.0721272153511,0.00441930669666216,0.00322353190692
16411500,189.947916666667,59.7110472944859,59.7147705135002,0.00446978483730914,0.00325998940051164
16503300,191.010416666667,60.3545629047207,60.3584257753679,0.0045196616599903,0.00329691949301342
16595100,192.072916666667,61.0040903833684,61.0080942518167,0.0045700324490323,0.00333356097761557
16687800,193.145833333333,61.6638912977606,61.6680385044213,0.00462148128184084,0.00337054360244653
16779600,194.208333333333,62.3183746037497,62.3226645031022,0.00467313450003548,0.00340704919687437
16872300,195.28125,62.9774254508248,62.9818600957591,0.00472568359912626,0.00344371698592158
16964100,196.34375,63.6257273204972,63.6303060632344,0.00477760054310662,0.00348074311749453
17056800,197.416666666667,64.2743171343398,64.2790424431873,0.00482952473389929,0.00351906238146694
17148600,198.479166666667,64.9101437990028,64.9150155838507,0.00488172833766129,0.00355660831252392
17240400,199.541666666667,65.540370153626,65.5453901243059,0.00493413221663105,0.0035945838499874
17333100,200.614583333333,66.173057590564,66.1782291926339,0.00498688562125342,0.00363347826979039
17424900,201.677083333333,66.7985069358926,66.8038307901178,0.00503937496428955,0.00367213705832162
17517600,202.75,67.4315950890907,67.4370747070386,0.00509321825200732,0.00371086311868108
17609400,203.8125,68.0619326569723,68.067568290629,0.00514679397180199,0.00374958583014879
17702100,204.885416666667,68.7026186147937,68.7084131748596,0.00520190712025509,0.003787952951318
17793900,205.947916666667,69.340579280518,69.3465321867109,0.00525600844695982,0.00382709214036967
17886600,207.020833333333,69.9864532300361,69.9925666564742,0.00531085330216559,0.00386673644016992
17978400,208.083333333333,70.6250630042191,70.6313357742225,0.00536576027196997,0.00390579526590924
18070200,209.145833333333,71.2598402097708,71.2662726150574,0.00542136319387355,0.0039447861839715
18162900,210.21875,71.894421304818,71.9010153380205,0.00547729105463608,0.00398452362129301
18254700,211.28125,72.5147945859856,72.5215493001468,0.00553278779518809,0.00402428912806822
18347400,212.354166666667,73.1325348127487,73.1394526993698,0.00558898196451649,0.00406483157493517
18439200,213.416666666667,73.7362539065366,73.7433346118224,0.00564449391600198,0.00410544333418321
18531000,214.479166666667,74.333643659078,74.3408886074978,0.00570115157989883,0.00414540978665148
18623700,215.552083333333,74.9329159386035,74.9403283605611,0.00575862952999995,0.0041858715072996
18715500,216.614583333333,75.525198002786,75.5327778493627,0.00581536934258375,0.00422657676102071
18808200,217.6875,76.1247657071076,76.1325160814997,0.00587295023816764,0.0042678632069218
18900000,218.75,76.7220156705631,76.7299360948757,0.00593045716197259,0.00430889556783914
18992700,219.822916666667,77.3297614636705,77.337854432687,0.00598879811295268,0.00435019508644069
19084500,220.885416666667,77.9361342403808,77.9443985266618,0.00604683758849762,0.00439150171291517
19176300,221.947916666667,78.5457859242748,78.5542215759677,0.00610525791447286,0.0044329073408205
19269000,223.020833333333,79.1625161545536,79.1711246329026,0.00616507165623144,0.00447420047938122
19360800,224.083333333333,79.771556085699,79.7803353174176,0.00622452667350159,0.00451534850848124
19453500,225.15625,80.3819383553188,80.3908895779626,0.00628472781958618,0.00455735679366488
19545300,226.21875,80.9794175968861,80.9885387434094,0.00634447912579486,0.00459903030475997
19638000,227.291666666667,81.5742694564858,81.5835620312476,0.00640549766146903,0.00464081690773575
19729800,228.354166666667,82.1548057113299,82.1642680371368,0.00646548484781251,0.00468305902077212
19821600,229.416666666667,82.7280128969274,82.7376451211582,0.00652622876126807,0.00472500819548963
19914300,230.489583333333,83.3016309957057,83.3114350370806,0.00658794569783583,0.00476720666786186
20006100,231.552083333333,83.867201006969,83.8771755686483,0.00664960632740958,0.00480908563989261
20098800,232.625,84.4383109489974,84.4484576808891,0.00671089871037856,0.00485259683766156
20190600,233.6875,85.0054947929019,85.0158118308019,0.00677314907062657,0.00489484231794549
20283300,234.760416666667,85.5802562401571,85.5907448359189,0.00683601945037766,0.00493766823313004
20375100,235.822916666667,86.1504821797158,86.161139869249,0.00689856839325822,0.00498035488559488
20467800,236.895833333333,86.7252657999222,86.7360930720065,0.00696136070794178,0.00502410819676896
20559600,237.958333333333,87.2907180484324,87.3017120347656,0.00702430396946357,0.00506708232726087
20652300,239.03125,87.8550375479238,87.8661987615138,0.0070884619669401,0.00511031264012008
20744100,240.09375,88.4048221838792,88.4161479095338,0.00715173384848933,0.00515382218280051
20835900,241.15625,88.9439906262657,88.9554797067945,0.00721526443048095,0.0051974038826416
20928600,242.229166666667,89.4771545332982,89.4888074597308,0.00728013664848825,0.00524100797810011
21021300,243.302083333333,89.9996459693275,90.0114619801485,0.00734488135510611,0.00528530388912757
21113100,244.364583333333,90.5082667982156,90.520243523047,0.00740887091533643,0.00532951789454405
21205800,245.4375,91.0154969892231,91.0276349613009,0.0074740171235239,0.00537405464125871
21303000,246.5625,91.5435929594195,91.5558990937769,0.00754319045873459,0.00542032424154904
21391200,247.583333333333,92.0220436446802,92.0345012932466,0.00760609513002082,0.00546245072373134
21487500,248.697916666667,92.5457767469099,92.5583983079514,0.00767535823306728,0.00550846229399617
21573900,249.697916666667,93.0177849557245,93.0305521032774,0.00773806406820704,0.00554944687608973
21662100,250.71875,93.5015390691343,93.5144532040648,0.00780132470413146,0.00559248549005027
21761100,251.864583333333,94.0453363155554,94.0584131324732,0.00787219179057583,0.00564145954231318
21852900,252.927083333333,94.5479129752545,94.561138270022,0.00793865653143862,0.00568630672246929
21942900,253.96875,95.0362691654055,95.0496377950153,0.00800431815153834,0.00573022828901023
22036500,255.052083333333,95.5367383521224,95.5502537328667,0.00807257733988056,0.00577639216000858
22122900,256.052083333333,95.9900470192721,96.0036957294329,0.00813540398061075,0.00581939133036638
22219200,257.166666666667,96.4844040744936,96.4981988995541,0.00820729458607477,0.00586587284791018
22312800,258.25,96.9542308267513,96.9681651557843,0.00827632199075337,0.00591226149465081
22404600,259.3125,97.4064531226415,97.4205219037877,0.00834484784979536,0.00595712591533799
22502700,260.447916666667,97.8831756847651,97.8973853345692,0.00841783738907815,0.00600590968444346
22593600,261.5,98.3217452318005,98.3360826692935,0.00848604834570579,0.00605099363582268
22684500,262.552083333333,98.7595868012622,98.7740493021949,0.00855461550207628,0.0060958920369795
22779000,263.645833333333,99.2153851697948,99.2299745993011,0.00862607529319284,0.00614282882494197
22865400,264.645833333333,99.6327386163058,99.6474412127177,0.0086912795539794,0.00618614565863296
22961700,265.760416666667,100.09736610971,100.11219149916,0.00876465733115932,0.00623422657549722
23056200,266.854166666667,100.550368738775,100.565311127814,0.00883704897081685,0.00628133025669665
23144400,267.875,100.967849430628,100.982897850248,0.00890508661619045,0.00632525202796555
23247900,269.072916666667,101.447727198779,101.46289608971,0.008985323668649,0.00637666575907429
23347800,270.229166666667,101.897651351084,101.912932405441,0.00906305213615119,0.00642646157973589
23436000,271.25,102.282548195757,102.297924812296,0.0091318188317222,0.00647055519872184
23536800,272.416666666667,102.707979434656,102.723461128891,0.00921087550934306,0.00652095405339408
23634000,273.541666666667,103.104794076445,103.12037272881,0.00928790297080859,0.00656919452281961
23737500,274.739583333333,103.515610522516,103.531287423271,0.00936883713892926,0.00662191689502997
23833800,275.854166666667,103.890368674412,103.906132147665,0.00944512342468061,0.00667042951313681
23932800,277,104.271689819189,104.287537197197,0.00952415889952426,0.00672019278537861
24039000,278.229166666667,104.679660003509,104.695591493521,0.009609216025247,0.00677337045647375
24127200,279.25,105.019125427172,105.035122066214,0.00967983027703881,0.00681813453034779
24224400,280.375,105.393977878714,105.410041393796,0.00975898298618472,0.0068663675439299
24319800,281.479166666667,105.76122932819,105.777353489966,0.00983635253973663,0.00691472872983309
24417900,282.614583333333,106.13542978147,106.151611184164,0.009916340346821,0.00696426519386094
24507000,283.645833333333,106.469361996534,106.485590893292,0.009989319054258,0.00700903558104867
24597900,284.697916666667,106.801513227905,106.817786091284,0.0100638072722547,0.0070551553480766
24687900,285.739583333333,107.119971848326,107.136283640914,0.0101378529623385,0.00710062224838297
24777000,286.770833333333,107.424251860306,107.440597420522,0.0102117062390928,0.00714579886349023
24869700,287.84375,107.729725338182,107.746100736331,0.0102881961796688,0.00719319997652817
24959700,288.885416666667,108.017180312586,108.033579183471,0.0103626786023337,0.00723933812807908
25047000,289.895833333333,108.28979707707,108.306213344335,0.0104362814764468,0.00728313796489167
25140600,290.979166666667,108.57817261721,108.594601479124,0.0105146582514746,0.00733066828791656
25230600,292.020833333333,108.854120602884,108.87055559928,0.0105902018238516,0.00737667832760372
25335000,293.229166666667,109.174679690672,109.191114561151,0.010678453147543,0.0074300040339081
25431300,294.34375,109.471284106899,109.487712105489,0.0107603403723162,0.00747871977601415
25520400,295.375,109.745547118137,109.761963198787,0.0108360689936665,0.00752438820692765
25607700,296.385416666667,110.012279971159,110.028679350854,0.0109103613315856,0.00756919831800604
25695000,297.395833333333,110.274691328452,110.291069124426,0.0109850069770752,0.00761414338735682
25792200,298.520833333333,110.558696435651,110.575044428454,0.0110682247363024,0.00766436357713669
25885800,299.604166666667,110.821213671754,110.837527097041,0.0111494500504703,0.00771193044606874
25983000,300.729166666667,111.080251977568,111.096523082159,0.01123332190187,0.00776211500092293
26070300,301.739583333333,111.300344229578,111.316571365394,0.0113087607661285,0.00780732402048327
26160300,302.78125,111.515214115131,111.531389613255,0.0113873973462655,0.00785360897044785
26253000,303.854166666667,111.725367139943,111.741482300903,0.011468910230458,0.00790098345669498
26355600,305.041666666667,111.947902496082,111.963941995261,0.0115588383766373,0.00795389412737669
26442900,306.052083333333,112.13197154776,112.147939084772,0.0116358108648146,0.00799880208140069
26535600,307.125,112.325043569242,112.340927051534,0.0117172842927489,0.00804700082222243
26641800,308.354166666667,112.545975180621,112.561752879602,0.0118113572297026,0.00810221008634308
26728200,309.354166666667,112.726450008837,112.742134504694,0.0118887503527211,0.00814625304818993
26815500,310.364583333333,112.909026103805,112.924610260327,0.0119665323406895,0.00819171244808924
26917200,311.541666666667,113.119930259487,113.135390176857,0.0120577037459359,0.00824441591213047
27009900,312.614583333333,113.3075705695,113.32291046524,0.0121414677807318,0.00829202952840967
27103500,313.697916666667,113.489418415573,113.504630660747,0.0122262090211417,0.00834019976733747
27204300,314.864583333333,113.673723258364,113.688790439754,0.0123179922017406,0.00839218747941193
27290700,315.864583333333,113.820800973255,113.83573704624,0.01239624978738,0.00843741888431129
27388800,317,113.975589842936,113.9903688309,0.01248584966893,0.00848828760950875
27486900,318.135416666667,114.119059147693,114.133671645123,0.0125757672435398,0.00853927408852325
27584100,319.260416666667,114.253056349187,114.267494142301,0.0126648888905176,0.00859012648831416
27689400,320.479166666667,114.393274911405,114.407512127616,0.0127624311642374,0.00864442293144069
27782100,321.552083333333,114.515840616003,114.529891560591,0.0128485768419812,0.00869255793302606
27873900,322.614583333333,114.638663797447,114.652521696737,0.0129340986974441,0.00874009733231158
27961200,323.625,114.757700072169,114.771366963962,0.0130157068004991,0.00878532566315986
28049400,324.645833333333,114.879927281903,114.89339426736,0.0130982447838124,0.00883130031464721
28141200,325.708333333333,115.007849151018,115.021101315919,0.0131840367895494,0.00887982655319336
28239300,326.84375,115.142676882925,115.155692281927,0.0132764887394169,0.00893110944806343
28327500,327.864583333333,115.259388268449,115.272184541198,0.0133598784909542,0.00897709106486072
28419300,328.927083333333,115.373446243289,115.386008197167,0.013447009006315,0.00902526393505104
28515600,330.041666666667,115.482390854333,115.49469978761,0.0135387447880383,0.00907584781470446
28606500,331.09375,115.573711882582,115.585774543567,0.0136247540815935,0.00912443892851598
28705500,332.239583333333,115.660288002849,115.672073490219,0.0137196982589322,0.0091762973198556
28796400,333.291666666667,115.729223821589,115.740745892081,0.0138075360359782,0.00922392990417379
28896300,334.447916666667,115.796160487917,115.807382540386,0.0139037499871497,0.00927682808758002
28999800,335.645833333333,115.859867804779,115.870767004871,0.0140031418761997,0.00933196354726102
29097900,336.78125,115.918876566409,115.929458672357,0.0140985195655817,0.00938357304250871
29193300,337.885416666667,115.977677290231,115.987941388707,0.014191407608323,0.00943440632371103
29283300,338.927083333333,116.035415032832,116.045371089045,0.0142797343667494,0.00948157091359108
29370600,339.9375,116.093048319099,116.102698769027,0.0143657555605532,0.00952732463758897
29473200,341.125,116.160630013297,116.169913679415,0.0144670448415875,0.0095817149133791
29565900,342.197916666667,116.218526407171,116.227471952231,0.0145585362494919,0.00963106062892919
29670300,343.40625,116.276235232298,116.284792332512,0.0146625700883702,0.00968614792309844
29759400,344.4375,116.316664880038,116.324883628251,0.0147510720409951,0.0097338440277258
29861100,345.614583333333,116.351339278878,116.359163264968,0.0148521564837435,0.00978847747087394
29956500,346.71875,116.372983573544,116.380427988368,0.0149471914483192,0.0098399374928236
30044700,347.739583333333,116.385186689325,116.392271437519,0.0150360953626657,0.00988663138234554
30143700,348.885416666667,116.392943346207,116.399613790251,0.015136258618283,0.00993910980175123
30233700,349.927083333333,116.397785018637,116.404068917059,0.0152270253241031,0.00998760962232895
30326400,351,116.403801918932,116.40967803863,0.0153203466592288,0.0100377728953102
30419100,352.072916666667,116.413449826689,116.418908983755,0.015414449775846,0.0100876460089111
30508200,353.104166666667,116.427604938997,116.43265549979,0.0155047820442905,0.0101362161250812
30605400,354.229166666667,116.448782580965,116.453379736565,0.0156038412355472,0.0101891237974919
30705300,355.385416666667,116.475509141732,116.479633131678,0.0157065774989148,0.0102430257897923
30792600,356.395833333333,116.500846745924,116.504552082095,0.015796394262182,0.0102903452005252
30888000,357.5,116.527646050789,116.530888863961,0.0158951572189248,0.0103418641036877
30990600,358.6875,116.551711443801,116.554451027964,0.0160017439489709,0.0103973940915857
31092300,359.864583333333,116.567321518783,116.569555869836,0.0161065522235867,0.0104537773755555
31188600,360.979166666667,116.572705577248,116.574454784952,0.0162067233874911,0.0105067328946078
31275000,361.979166666667,116.569660912714,116.570968456554,0.0162974500924972,0.010553713959042
31369500,363.072916666667,116.559176567538,116.559993297211,0.0163959822714734,0.0106059761293063
31464000,364.166666666667,116.543897945595,116.544215221852,0.0164943147898547,0.0106590149033618
31558500,365.260416666667,116.527287340082,116.527096432066,0.0165934837634475,0.0107113652585602
31650300,366.322916666667,116.513084322314,116.512391820605,0.0166905820278371,0.0107620212216457
31753800,367.520833333333,116.502195394325,116.500929100212,0.0167999701566907,0.0108197332144508
31849200,368.625,116.497963004117,116.496161405312,0.0169017049273308,0.0108723847126095
31936500,369.635416666667,116.498253202319,116.495957479671,0.0169944804698729,0.0109211927756496
32031000,370.729166666667,116.500923601097,116.498089309081,0.0170955871055987,0.0109739341285403
32122800,371.791666666667,116.502993749959,116.499633084221,0.0171942949701331,0.0110250896465148
32210100,372.802083333333,116.501758500077,116.497894348716,0.0172882017494722,0.0110741522334555
32314500,374.010416666667,116.493258354445,116.488787812255,0.0174006495781385,0.0111330714876601
32415300,375.177083333333,116.476132448926,116.471070998712,0.0175098686777966,0.0111899199607295
32510700,376.28125,116.45201613507,116.446389455587,0.0176137599326937,0.011243584445512
32597100,377.28125,116.424998930318,116.418854572039,0.0177080296762578,0.0112922917515741
32687100,378.322916666667,116.394040118638,116.387350240794,0.0178063734595619,0.0113432554085943
32775300,379.34375,116.363782024686,116.356551234786,0.0179024818681645,0.0113939870229344
32865300,380.385416666667,116.336040816342,116.328251964137,0.018000999231303,0.0114454142217705
32957100,381.447916666667,116.313794759582,116.305431075655,0.0181016668623129,0.011498131677507
33061500,382.65625,116.298404133396,116.28938122884,0.0182172053944558,0.0115575799308856
33154200,383.729166666667,116.294411871902,116.284800140083,0.0183197144831677,0.0116108587158902
33245100,384.78125,116.298704916485,116.288513967919,0.0184204234522221,0.0116633749726967
33333300,385.802083333333,116.308963661098,116.298209914571,0.0185187227695849,0.0117141701802625
33424200,386.854166666667,116.323308977628,116.311975088591,0.0186205885538335,0.0117666114922962
33521400,387.979166666667,116.339615291002,116.327661275466,0.018729515592112,0.0118229893920219
33617700,389.09375,116.353587494273,116.341019115575,0.0188378293306848,0.0118788965545685
33705000,390.104166666667,116.362467726768,116.349341902634,0.0189359029122611,0.0119302256869659
33802200,391.229166666667,116.367383366617,116.353635519894,0.0190455525845133,0.0119871449626529
33911100,392.489583333333,116.36790765776,116.353460217486,0.0191688036728056,0.012051137423082
34008300,393.614583333333,116.366878517142,116.351803670134,0.019279783732296,0.0121079872080591
34094700,394.614583333333,116.367868275531,116.352233410518,0.0193778109503343,0.0121593225466291
34191900,395.739583333333,116.374480566363,116.358213692891,0.0194888080890628,0.012217078783669
34278300,396.739583333333,116.387408089352,116.370578628764,0.0195874458816503,0.0122687031090851
34382700,397.947916666667,116.413108120885,116.395599365321,0.019707345192264,0.0123308235461589
34474500,399.010416666667,116.44418705838,116.426082797167,0.0198129163605807,0.0123856778280392
34569900,400.114583333333,116.482720331282,116.464000080928,0.0199232169336062,0.0124428876548812
34658100,401.135416666667,116.521314964199,116.502028377925,0.0200256267679902,0.0124956253385205
34763400,402.354166666667,116.567371719813,116.547413059346,0.0201473493301616,0.0125598217627784
34861500,403.489583333333,116.607181406932,116.586600235253,0.0202615395515604,0.0126191725579197
34954200,404.5625,116.640448488857,116.619281629968,0.0203698240654357,0.0126755502953084
35050500,405.677083333333,116.670453295766,116.648680039316,0.020482023605839,0.0127349680173031
35137800,406.6875,116.694835612007,116.672513668698,0.0205848571346367,0.0127878875438832
35235000,407.8125,116.72138542446,116.698453518918,0.0206995016079776,0.0128471399390819
35331300,408.927083333333,116.750525735467,116.726990813502,0.0208131390054117,0.0129065121413076
35423100,409.989583333333,116.784389353641,116.760281057942,0.0209217203592507,0.0129631338743291
35510400,411,116.824807149647,116.800155661691,0.0210254549840535,0.0130168074411908
35597700,412.010416666667,116.875084475824,116.849892968228,0.0211297278820144,0.0130703125827981
35696700,413.15625,116.9450876315,116.919288897172,0.0212478482633086,0.0131317671202888
35783100,414.15625,117.017177518652,116.990854267888,0.0213511492727235,0.0131857212561128
35869500,415.15625,117.098193607084,117.071351621862,0.0214549410316869,0.0132394689717695
35956800,416.166666666667,117.187029103129,117.159669500466,0.02155984847457,0.0132943133717478
36047700,417.21875,117.284255149346,117.256364112971,0.0216697047897027,0.0133510243400566
36140400,418.291666666667,117.38549881192,117.357073760953,0.0217816589278942,0.0134094180318675
36231300,419.34375,117.484611584325,117.455670112092,0.0218918119262092,0.0134667290639519
36324000,420.416666666667,117.584427629833,117.554966656383,0.0220045801006548,0.0135255332526113
36424800,421.583333333333,117.69202162234,117.662003686019,0.0221275222231876,0.0135892585026402
36519300,422.677083333333,117.794121248973,117.763588085065,0.0222426086271352,0.0136499996635558
36605700,423.677083333333,117.89120009196,117.86020203889,0.0223480336415452,0.0137056657622481
36699300,424.760416666667,118.00347530312,117.971980790835,0.0224629365629332,0.0137656575629058
36796500,425.885416666667,118.130723455615,118.098722021945,0.0225817844599759,0.0138289030789638
36889200,426.958333333333,118.263694819503,118.231219069551,0.0226965488600176,0.0138883287042476
36983700,428.052083333333,118.410815219929,118.377866172135,0.0228127672365944,0.01395017605621
37071000,429.0625,118.555699078359,118.522322620979,0.0229205877902177,0.0140073170417397
37164600,430.145833333333,118.718092191281,118.684268365991,0.0230369184605772,0.0140681499983038
37252800,431.166666666667,118.875044662294,118.840809712922,0.023147006746365,0.0141255707674256
37348200,432.270833333333,119.046153555387,119.011485333843,0.0232660091395974,0.0141883078089935
37435500,433.28125,119.201954480219,119.166900083899,0.0233755649824125,0.0142455075177092
37527300,434.34375,119.363903093165,119.328453016554,0.0234905700961715,0.0143064430661931
37625400,435.479166666667,119.535003762219,119.499142391288,0.0236136310681635,0.014371788513071
37713600,436.5,119.688455881139,119.652234992812,0.0237243182579068,0.0144308666357787
37812600,437.645833333333,119.862989991448,119.826377294246,0.0238495612224817,0.0144966571553692
37908900,438.760416666667,120.038542091277,120.001560546346,0.0239714977805145,0.0145609989268785
38000700,439.822916666667,120.214494804064,120.177173489942,0.0240884856278395,0.0146221745643423
38091600,440.875,120.399630238725,120.361984476254,0.0242050947283002,0.0146824707578329
38179800,441.895833333333,120.591246051316,120.553297444401,0.0243173840362946,0.0147422730217724
38271600,442.958333333333,120.803745434396,120.765494669116,0.0244344733554823,0.0148046865523648
38367900,444.072916666667,121.040171370452,121.001618399478,0.0245587225029005,0.0148692048555092
38460600,445.145833333333,121.278793156697,121.239963853927,0.0246781043967285,0.014932381908935
38555100,446.239583333333,121.530249470556,121.491153323696,0.0248004579422354,0.0149959324488718
38652300,447.364583333333,121.79416493063,121.754809999989,0.0249263151730683,0.0150623172787509
38749500,448.489583333333,122.06050364352,122.0209058161,0.0250521768921449,0.0151292296743652
38839500,449.53125,122.307799086216,122.267990556014,0.025168725435382,0.0151915011615098
38928600,450.5625,122.553257744609,122.513254172206,0.0252845719875639,0.0152533182649936
39015000,451.5625,122.793091619085,122.752911989824,0.0253974983203176,0.0153129294651491
39113100,452.697916666667,123.070207895121,123.029844301072,0.0255259557290454,0.0153810655814986
39201300,453.71875,123.326571898248,123.286057713008,0.0256411792348278,0.0154427664989005
39291300,454.760416666667,123.597806517446,123.557153402487,0.025759608022552,0.0155053456413914
39384000,455.833333333333,123.889168374558,123.848387950605,0.0258814233133783,0.0155706542572599
39473100,456.864583333333,124.181218228943,124.140330594431,0.0259990839272402,0.0156331275443989
39561300,457.885416666667,124.481183176831,124.44020403358,0.0261157031631647,0.0156954090881841
39655800,458.979166666667,124.812580068114,124.771518913125,0.0262411376974391,0.0157621114585009
39744000,460,125.128667723894,125.087544856931,0.0263583489273724,0.0158244056785963
39838500,461.09375,125.471563993046,125.430390817141,0.0264845054040922,0.0158912957953859
39926700,462.114583333333,125.793067068688,125.751861695015,0.0266024161147233,0.0159539819566869
40023900,463.239583333333,126.146991198585,126.105767069528,0.0267321601304271,0.0160238064207797
40116600,464.3125,126.483351765947,126.442126388857,0.0268572718248052,0.0160896161543273
40216500,465.46875,126.845136239787,126.803928235121,0.0269916135089311,0.0161613652295984
40303800,466.479166666667,127.162317540437,127.121141112949,0.027109342693851,0.0162242475791674
40399200,467.583333333333,127.512687354698,127.471563343074,0.0272379881379279,0.0162932937967367
40490100,468.635416666667,127.853104195042,127.812047937247,0.0273609221627304,0.0163593898171273
40579200,469.666666666667,128.195690408191,128.154717536451,0.0274821458197696,0.0164239768317417
40671000,470.729166666667,128.560029912368,128.519160474378,0.0276076586084704,0.0164902586268647
40757400,471.729166666667,128.914548954018,128.873792849694,0.0277254693255697,0.0165534575809041
40859100,472.90625,129.346193406902,129.305590076383,0.0278647799368262,0.0166275845393979
40959000,474.0625,129.783584845527,129.743151289178,0.0280018991593674,0.0167008845123107
41049000,475.104166666667,130.186426900164,130.146162563838,0.0281254819673064,0.0167670913120179
41143500,476.197916666667,130.615295324921,130.575224938827,0.0282552750677282,0.0168371872596266
41234400,477.25,131.030795825286,130.990927789441,0.0283808285668597,0.0169040202193648
41328900,478.34375,131.463816312804,131.424175340768,0.0285116247695464,0.0169740001159611
41418900,479.385416666667,131.876574709945,131.837166396857,0.028635926514788,0.0170413959283666
41507100,480.40625,132.282092060788,132.24292785347,0.0287580166187416,0.017107672313225
41600700,481.489583333333,132.715482904786,132.676595802141,0.0288877235952921,0.0171781531238968
41706900,482.71875,133.214571898602,133.17602216126,0.0290364028074036,0.0172574011416688
41801400,483.8125,133.668569429549,133.630340417223,0.0291683659258916,0.0173286698400184
41904000,485,134.174788592292,134.136929147204,0.0293124085800579,0.0174059764581174
41994900,486.052083333333,134.635836633146,134.598322462547,0.0294409175340409,0.0174740167199442
42091200,487.166666666667,135.136625820908,135.099494614745,0.0295763140042504,0.0175473652756942
42179400,488.1875,135.60482088649,135.568055237539,0.0297009303746076,0.0176141746572118
42270300,489.239583333333,136.094443820621,136.058069011456,0.0298294595409349,0.0176833804134328
42365700,490.34375,136.613005346677,136.577055691114,0.0299644268647396,0.01775653465054
42457500,491.40625,137.113707470302,137.078181406899,0.0300946038492431,0.0178270359174719
42550200,492.479166666667,137.618819355934,137.583735904833,0.0302271214801617,0.0178976058288028
42642000,493.541666666667,138.117375852076,138.082746050376,0.0303586628185401,0.0179675239654726
42734700,494.614583333333,138.619176602867,138.58502117329,0.0304917604322798,0.0180382633986321
42826500,495.677083333333,139.115675102622,139.082006391432,0.0306231932223881,0.0181093192593372
42918300,496.739583333333,139.613889266288,139.58072481171,0.0307550470050238,0.0181807734370431
43011000,497.8125,140.121474698908,140.088837610812,0.0308882539637658,0.0182527820671398
43102800,498.875,140.631340867426,140.599243816865,0.0310209468477231,0.018323812533198
43195500,499.947916666667,141.155776783503,141.124242404425,0.0311552331353402,0.0183960214973381
43287300,501.010416666667,141.685883688003,141.654922836583,0.0312880374636367,0.0184680437531476
43380000,502.083333333333,142.232073016046,142.201706364679,0.0314237885054353,0.0185398922023025
43471800,503.145833333333,142.782461571113,142.752697203407,0.0315574473522703,0.0186116879296609
43563600,504.208333333333,143.340003937086,143.310854649511,0.0316909647111733,0.0186842127894232
43656300,505.28125,143.907393069231,143.878877221507,0.0318271583549388,0.0187567149984759
43748100,506.34375,144.470855751869,144.44297950888,0.0319616741279343,0.0188289913366967
43840800,507.416666666667,145.039375180256,145.012157734098,0.0320964973095287,0.018903243892275
43932600,508.479166666667,145.601052963051,145.574501549107,0.0322317477085657,0.0189759380489896
44024400,509.541666666667,146.161914325118,146.136043467043,0.0323671990306985,0.0190484838674621
44117100,510.614583333333,146.729193259243,146.704025256175,0.032504064837824,0.0191222954401676
44208900,511.677083333333,147.294415992355,147.269960011617,0.0326402703545456,0.019195009505924
44301600,512.75,147.871468889088,147.847747913482,0.032778167569063,0.0192684781285333
44393400,513.8125,148.451527663773,148.428549649496,0.0329154282071388,0.0193411810068206
44485200,514.875,149.04164074322,149.019419669607,0.0330527593591387,0.0194140714984044
44577900,515.947916666667,149.648058173075,149.626614353399,0.0331906944004174,0.019488592045279
44669700,517.010416666667,150.25808549438,150.237422541446,0.033327881125013,0.0195628896445365
44762400,518.083333333333,150.88168531221,150.86182097892,0.0334666960827434,0.0196378438060818
44854200,519.145833333333,151.504078910483,151.485014568251,0.0336047026679811,0.0197118150834723
44946900,520.21875,152.134533897651,152.116286218256,0.0337444291084536,0.0197864864734417
45038700,521.28125,152.758176095764,152.740746029442,0.0338830794521689,0.019860604039195
45131400,522.354166666667,153.385291152954,153.368696328921,0.0340234858693196,0.0199355185392576
45223200,523.416666666667,154.002827432282,153.987070179438,0.0341629188644083,0.0200095334402142
45315900,524.489583333333,154.623218517787,154.608318645593,0.0343033170661443,0.0200852078109966
45407700,525.552083333333,155.235873253368,155.221834819508,0.0344434647695596,0.0201594264403376
45499500,526.614583333333,155.849118764332,155.835954625801,0.0345834880385424,0.0202344161984124
45592200,527.6875,156.471694962762,156.459426726697,0.034726046497429,0.0203091190058893
45684000,528.75,157.094017895953,157.082649156188,0.0348661337411074,0.0203846752746435
45776700,529.822916666667,157.730067725041,157.719618532919,0.0350080499351552,0.0204608203721454
45868500,530.885416666667,158.368081221061,158.358552269678,0.0351498583506244,0.0205356677309854
45961200,531.958333333333,159.019817093525,159.011225511622,0.0352928795860359,0.0206115334789848
46053000,533.020833333333,159.670695904876,159.663039271707,0.0354348572310835,0.0206866549989365
46145700,534.09375,160.33076229953,160.324055668936,0.0355786652078461,0.0207625777124299
46237500,535.15625,160.984360691622,160.978600442536,0.0357211331795211,0.0208381048343999
46329300,536.21875,161.635547956014,161.630740058961,0.0358638951409831,0.0209132277721482
46422000,537.291666666667,162.289287688916,162.285448421698,0.0360081774007608,0.0209896307117745
46513800,538.354166666667,162.932785658849,162.929913573938,0.0361517828137362,0.0210649514194632
46606500,539.427083333333,163.579844557818,163.577958175209,0.0362962277176527,0.0211418671321475
46698300,540.489583333333,164.220063871874,164.219163227458,0.0364400763511268,0.0212173965374275
46790100,541.552083333333,164.862398622589,164.862493370315,0.0365841534650725,0.0212933542195352
46882800,542.625,165.515847849587,165.51695704476,0.0367297872283653,0.0213701829132225
46974600,543.6875,166.169802227981,166.17192416647,0.0368745086011331,0.021446577139169
47067300,544.760416666667,166.838212641437,166.841364005756,0.0370212591604649,0.021523124551748
47159100,545.822916666667,167.508043169625,167.51221902948,0.037166730475283,0.0215992085380591
47250900,546.885416666667,168.184534597369,168.189738421496,0.0373119477660181,0.0216758438989563
47343600,547.958333333333,168.87222877474,168.878472914426,0.0374584634540691,0.0217537280075572
47435400,549.020833333333,169.555023741591,169.562299524218,0.0376040533375375,0.0218306354322897
47528100,550.09375,170.243404088243,170.251722823893,0.0377515675765184,0.0219081270609029
47619900,551.15625,170.921511198632,170.930864222036,0.0378977006965642,0.021985059235847
47711700,552.21875,171.594369311507,171.604758805645,0.0380448204678386,0.0220615327200237
47804400,553.291666666667,172.26792627093,172.279365572061,0.038193667819973,0.0221388606784041
47896200,554.354166666667,172.929759694499,172.942242705017,0.0383411107562274,0.0222156138564993
47988900,555.427083333333,173.594619358112,173.608161153083,0.0384899548593357,0.0222934409126297
48080700,556.489583333333,174.252065160283,174.266660444328,0.0386378346612645,0.0223703845645065
48173400,557.5625,174.9176516337,174.933315372672,0.0387877576516812,0.0224479134686122
48265200,558.625,175.580617074634,175.597342503814,0.0389369052138621,0.0225240922277626
48357900,559.697916666667,176.255132473675,176.272932185783,0.0390865320762444,0.0226024968092287
48449700,560.760416666667,176.927946811352,176.946810954847,0.0392358129062481,0.022679380511129
48542400,561.833333333333,177.61078301078,177.630721158193,0.039386385109037,0.0227575438969276
48634200,562.895833333333,178.287961939777,178.308961736385,0.0395364822653513,0.022834259609818
48726900,563.96875,178.969882684255,178.991952182681,0.039687828969343,0.0229121500291627
48818700,565.03125,179.640664602349,179.663791168712,0.0398385456789445,0.0229888361556786
48910500,566.09375,180.305081993047,180.329264016756,0.039988659201214,0.0230663028460356
49003200,567.166666666667,180.968805983945,180.994053105862,0.0401407205524195,0.0231443240013179
49095000,568.229166666667,181.61946603128,181.645768087341,0.0402918440110312,0.0232211879888483
49187700,569.302083333333,182.271490267137,182.298858490122,0.0404445466661611,0.0232991825457825
49279500,570.364583333333,182.914653351669,182.943078525102,0.0405959174539388,0.0233765790251092
49371300,571.427083333333,183.55802780159,183.587510831217,0.0407482024733666,0.0234531458175384
49464000,572.5,184.210481460246,184.241032832353,0.040901543891131,0.0235311628511197
49555800,573.5625,184.861203620281,184.892811890947,0.0410537232631925,0.0236085963430857
49648500,574.635416666667,185.523812318782,185.556485321746,0.0412082864463685,0.0236860823197615
49740300,575.697916666667,186.185123599072,186.218846971757,0.0413609748959359,0.0237634831930756
49833000,576.770833333333,186.856647720322,186.891426335574,0.0415161342288118,0.0238410364178786
49924800,577.833333333333,187.523022036556,187.558839213644,0.04166937349297,0.0239185634473221
50017500,578.90625,188.194457030672,188.231315889493,0.0418250302836091,0.023995867937551
50109300,579.96875,188.85508557726,188.892968859418,0.041979378015888,0.0240724079977472
50201100,581.03125,189.509123843205,189.548024738535,0.0421339618634668,0.0241489291016106
50293800,582.104166666667,190.161472282482,190.201394300092,0.0422903829314175,0.0242263121403616
50385600,583.166666666667,190.799275418949,190.840203450125,0.042445459822196,0.0243029675052133
50478300,584.239583333333,191.43612487159,191.478063737466,0.0426025227437248,0.0243799292474752
50570100,585.302083333333,192.061746814319,192.104682023056,0.0427579421076805,0.0244566690171058
50661900,586.364583333333,192.684956231087,192.728883186487,0.0429145119894128,0.0245323222360324
50754600,587.4375,193.314350513007,193.359273452365,0.0430719588624747,0.0246096561428693
50846400,588.5,193.939445410782,193.985347928437,0.043228570298774,0.0246857499072695
50939100,589.572916666667,194.573024150156,194.619907773167,0.0433872136377761,0.0247624333630277
51030900,590.635416666667,195.2019424618,195.249788648995,0.0435442687489732,0.024838808978541
51122700,591.697916666667,195.830344657754,195.879143494719,0.0437013854538797,0.0249150262594199
51215400,592.770833333333,196.461635305886,196.511385267805,0.0438604537792466,0.0249917887750976
51307200,593.833333333333,197.08071697633,197.131397764312,0.0440188165393897,0.0250672828226935
51399900,594.90625,197.697326446955,197.748936494543,0.0441792031641888,0.0251429112940601
51491700,595.96875,198.298048805186,198.350569150211,0.0443379421547228,0.0252181151430853
51584400,597.041666666667,198.894408842422,198.94783844838,0.0444986891565591,0.0252940650033694
51678000,598.125,199.487106880375,199.541445326039,0.0446612310342779,0.0253705409579297
51770700,599.197916666667,200.066788836422,200.12201840532,0.0448215262314098,0.02544731320078
51862500,600.260416666667,200.636313991295,200.692416943651,0.0449806783833176,0.0255228945114911
51955200,601.333333333333,201.209682551861,201.266657863189,0.045141577748426,0.0255993520515375
52047000,602.395833333333,201.778228566821,201.836057530357,0.045301882192561,0.0256741477006892
52139700,603.46875,202.354828316111,202.41350785638,0.0454640463931108,0.0257495645100986
52231500,604.53125,202.92892905807,202.988438412286,0.0456246956214566,0.0258246713953361
52323300,605.59375,203.505576825563,203.565902514511,0.0457855732919296,0.0258992589337702
52416000,606.666666666667,204.08879853244,204.149933995262,0.0459481714395711,0.0259745539644481
52508700,607.739583333333,204.670416606051,204.732346587859,0.046110951160994,0.0260501504294164
52600500,608.802083333333,205.241909684923,205.304611016719,0.0462730021725964,0.0261241988899551
52693200,609.875,205.811683041723,205.875147633192,0.0464368416897087,0.0261986332452278
52785000,610.9375,206.366569250402,206.430774433305,0.0465993015484272,0.0262727262997339
52878600,612.020833333333,206.921715443359,206.986660422698,0.0467654944390397,0.0263476440486215
52970400,613.083333333333,207.456097410889,207.521753074511,0.0469283207283074,0.0264210647651091
53062200,614.145833333333,207.982070379888,208.04842222949,0.0470916929072976,0.0264943539645657
53154900,615.21875,208.50715613195,208.57419604823,0.0472574704600159,0.0265673835514617
53247600,616.291666666667,209.028937530405,209.09665004796,0.0474228757418033,0.026640959145808
53339400,617.354166666667,209.54467699147,209.613039663432,0.0475870034430847,0.0267139315410376
53432100,618.427083333333,210.065736976701,210.134739281888,0.047753120671307,0.0267872362815974
53523900,619.489583333333,210.581884789734,210.651503023432,0.047917834963658,0.0268596247913985
53616600,620.5625,211.101788107801,211.172010000016,0.0480845239038335,0.0269323635733944
53708400,621.625,211.612929932044,211.683731043252,0.0482498831875714,0.0270044628584235
53800200,622.6875,212.117507035693,212.188868657019,0.0484153529927081,0.0270763923634941
53892900,623.760416666667,212.617583825026,212.689492423969,0.0485830304331074,0.0271487009732751
53984700,624.822916666667,213.101342062942,213.173773535631,0.0487493730986158,0.0272200910304811
54077400,625.895833333333,213.577176468369,213.650117046585,0.0489174549226887,0.0272918283738998
54170100,626.96875,214.040423656605,214.113854362137,0.0490848879881816,0.0273643414428131
54261900,628.03125,214.488088786271,214.561986056143,0.0492522880355837,0.0274345945287492
54354600,629.104166666667,214.931237946718,215.005587111754,0.0494217813367616,0.0275052724210997
54446400,630.166666666667,215.364078862896,215.438856089859,0.0495894581522079,0.027575474083566
54538200,631.229166666667,215.793814232469,215.868999669901,0.0497570656871843,0.0276458334213179
54630900,632.302083333333,216.227100273921,216.30267721905,0.049926858169604,0.0277162898911559
54722700,633.364583333333,216.657144056696,216.733087655153,0.0500954079359579,0.0277858327697835
54815400,634.4375,217.092867212889,217.169159320315,0.0502656300208342,0.0278558606724817
54907200,635.5,217.525056185032,217.601671512476,0.050434438768094,0.0279252740558733
54999900,636.572916666667,217.960291546584,218.037210872535,0.0506056031805776,0.0279947155586214
55091700,637.635416666667,218.387467240115,218.464665287396,0.0507751509226116,0.0280633386928534
55183500,638.697916666667,218.807901302189,218.885355758804,0.050945078701291,0.0281315882585127
55276200,639.770833333333,219.222951198345,219.30064184838,0.0511167454090442,0.0282006254118784
55368000,640.833333333333,219.622781293363,219.700683209119,0.0512868732361391,0.0282687221436086
55460700,641.90625,220.014720969458,220.092813128067,0.051459429269439,0.0283370157677706
55552500,642.96875,220.392063035586,220.470320408919,0.0516308284309919,0.0284039418875018
55645200,644.041666666667,220.764337000813,220.842737436253,0.0518035071924479,0.0284720603730971
55737000,645.104166666667,221.12709608109,221.20561425391,0.0519761081099735,0.0285381179299381
55828800,646.166666666667,221.486729347944,221.565341095887,0.0521478040514202,0.0286048778458969
55921500,647.239583333333,221.848781838827,221.927463361368,0.0523220506117435,0.0286715687127346
56013300,648.302083333333,222.207066216945,222.285792248536,0.0524952495516156,0.0287370378755596
56106000,649.375,222.568057041443,222.646803227128,0.0526695101657486,0.0288038141781938
56197800,650.4375,222.922955395477,223.001697091905,0.052842332898264,0.0288696476289394
56290500,651.510416666667,223.276045125368,223.354757645523,0.0530173803108658,0.028935179222171
56382300,652.572916666667,223.617514937799,223.696174179616,0.053191237300307,0.0290000445457026
56474100,653.635416666667,223.948138502826,224.026720065151,0.0533645475074122,0.0290652796910581
56566800,654.708333333333,224.269009001899,224.347487044202,0.0535407131860253,0.0291300180391694
56658600,655.770833333333,224.573008042653,224.651358292466,0.053715139685921,0.0291940846421036
56751300,656.84375,224.866450266506,224.944645369346,0.053891186354001,0.0292586252507082
56843100,657.90625,225.145171351645,225.223186325646,0.0540662603868979,0.0293220123817359
56934900,658.96875,225.414531801057,225.492339718033,0.0542423467080564,0.0293844208821681
57027600,660.041666666667,225.680055467313,225.757626522952,0.0544197551619458,0.0294477007383963
57120300,661.114583333333,225.942136461653,226.019442500632,0.0545975162503012,0.029510875534594
57212100,662.177083333333,226.200799907055,226.277815736499,0.05477337622163,0.029573477723113
57304800,663.25,226.462698232893,226.539393292009,0.0549519247023823,0.0296357919677051
57396600,664.3125,226.723067428073,226.799417737889,0.0551289485994281,0.0296974326890149
57489300,665.385416666667,226.986012022921,227.061987415333,0.0553077614973059,0.0297595054986627
57581100,666.447916666667,227.244312849017,227.319890949004,0.0554855316766199,0.0298205725571949
57672900,667.510416666667,227.497726780452,227.572881984727,0.0556632374866315,0.0298813662190223
57765600,668.583333333333,227.745694917124,227.820397055648,0.0558433402235348,0.0299422806077138
57857400,669.645833333333,227.98098376577,228.055211202551,0.0560213953239649,0.0300028364393446
57950100,670.71875,228.206857538925,228.280578764677,0.0562023930289852,0.0300626007470467
58041900,671.78125,228.419019267156,228.492211814741,0.0563817264859095,0.0301217117939373
58134600,672.854166666667,228.623159103043,228.695789276318,0.0565627191388182,0.030181738155059
58226400,673.916666666667,228.817894256847,228.889938711433,0.0567418434281864,0.0302408420413856
58319100,674.989583333333,229.010113930069,229.081537643516,0.0569239762700055,0.0302994283020881
58410900,676.052083333333,229.198847953252,229.269628173914,0.0571042370527031,0.0303575578009272
58503600,677.125,229.389688392976,229.459790275887,0.0572859305990475,0.030416505277552
58595400,678.1875,229.57950509582,229.648908036719,0.0574667877025083,0.0304743788410414
58687200,679.25,229.769351433757,229.838028996633,0.0576478576878173,0.0305316570056823
58779900,680.322916666667,229.95908649597,230.027005862399,0.0578315063208282,0.0305886094708719
58871700,681.385416666667,230.142271605679,230.20941524941,0.0580123896361916,0.0306462124114781
58964400,682.458333333333,230.319459602588,230.38579484209,0.0581953359466333,0.0307037858105666
59056200,683.520833333333,230.484512584346,230.550022238942,0.0583781309165339,0.0307594504760186
59148900,684.59375,230.638727600723,230.70337779953,0.0585622448907059,0.030815956847678
59240700,685.65625,230.778321357104,230.842094006328,0.0587443702521854,0.0308723597560797
59333400,686.729166666667,230.906528674327,230.969387231411,0.0589285481052126,0.0309287059066425
59425200,687.791666666667,231.022573580095,231.084498263422,0.059111880659259,0.0309833704227219
59517900,688.864583333333,231.131431257564,231.192383422755,0.0592967520511493,0.0310388287476159
59609700,689.927083333333,231.234158221012,231.294117998271,0.0594805429936589,0.0310934379313374
59701500,690.989583333333,231.334941616531,231.393879910726,0.0596648719876791,0.0311475154256695
59794200,692.0625,231.437266387912,231.495144465941,0.05985093074292,0.0312019937298368
59886000,693.125,231.540557292986,231.597358535301,0.0600360507080613,0.0312553211743401
59978700,694.197916666667,231.646884430168,231.702572344492,0.060223388420763,0.0313083995440047
60070500,695.260416666667,231.752857082559,231.807418290535,0.0604083794487912,0.0313614555670962
60163200,696.333333333333,231.85811045271,231.911510653525,0.0605958108609308,0.0314145685096825
60255000,697.395833333333,231.957638753354,232.009866764842,0.0607829032724891,0.0314658328942738
60346800,698.458333333333,232.049659681704,232.100693065654,0.060969142446472,0.0315179561349545
60439500,699.53125,232.132891362683,232.18269500706,0.0611567634213513,0.031570869398468
60532200,700.604166666667,232.205606434007,232.254155733908,0.0613451759161237,0.0316232633434268
60624000,701.666666666667,232.267982740356,232.315264462442,0.0615322496991743,0.0316746721909729
60715800,702.729166666667,232.322838453822,232.368826367451,0.0617192515584931,0.0317257724894684
60808500,703.802083333333,232.373589922468,232.418244328742,0.0619084489423485,0.0317772819987367
60900300,704.864583333333,232.422444197335,232.465751589479,0.0620963898848958,0.0318278169832415
60993000,705.9375,232.473140832264,232.515062278993,0.0622867203269663,0.0318779861706322
61084800,707,232.526445163762,232.566970192119,0.0624753332847146,0.0319275924328025
61176600,708.0625,232.583273417409,232.62238004753,0.0626639970898985,0.0319776322668526
61269300,709.135416666667,232.643309929513,232.680963845118,0.0628545493259943,0.0320280394636765
61361100,710.197916666667,232.703331988179,232.739528634525,0.0630446926081044,0.0320763744119525
61453800,711.270833333333,232.761679063955,232.796386394277,0.0632356743593051,0.0321263786383756
61545600,712.333333333333,232.814191319365,232.847406635649,0.0634256178245652,0.032175259828308
61638300,713.40625,232.859154293588,232.890845398084,0.0636174305164636,0.0322244644799915
61730100,714.46875,232.893794060592,232.923957560399,0.0638082203253079,0.0322722650145639
61822800,715.541666666667,232.918045980259,232.946647357996,0.0640008763159526,0.0323206571432549
61914600,716.604166666667,232.932038103889,232.959071917522,0.0641921059340454,0.0323681834738307
62007300,717.677083333333,232.937936774368,232.96336582161,0.0643853561041307,0.0324161046036052
62099100,718.739583333333,232.938460225403,232.962277957618,0.0645761947630642,0.0324640107852374
62190900,719.802083333333,232.936966191991,232.959150810102,0.0647680176821269,0.0325112490892776
62283600,720.875,232.936564815307,232.957079225869,0.0649621594644976,0.0325586179139357
62375400,721.9375,232.939601614072,232.958442896945,0.0651556371084839,0.0326044740387474
62468100,723.010416666667,232.947222195014,232.964356855509,0.0653509533656234,0.0326505993980565
62559900,724.072916666667,232.958871288878,232.974301281178,0.0655446785875102,0.0326963069589067
62652600,725.145833333333,232.97298181247,232.986677697998,0.065739635529402,0.0327430369616352
62744400,726.208333333333,232.986567329537,232.998534705529,0.0659330514566533,0.0327892021138053
62836200,727.270833333333,232.996772770395,233.007000986195,0.0661266679474841,0.0328351224139654
62928900,728.34375,233.001028318322,233.009489204219,0.0663226676576494,0.0328813598805451
63020700,729.40625,232.997682823477,233.004381581398,0.0665169273369495,0.0329267077302624
63113400,730.479166666667,232.986503863653,232.991409873625,0.0667140402722886,0.032971927752501
63205200,731.541666666667,232.969005540901,232.972121831111,0.0669086158652687,0.033017307785911
63297900,732.614583333333,232.947372899832,232.948666755018,0.0671061399921341,0.0330621755725239
63389700,733.677083333333,232.925210791355,232.924684950253,0.0673017263090945,0.0331070914888035
63481500,734.739583333333,232.90554020755,232.90318072772,0.0674977954376455,0.0331513204715002
63574200,735.8125,232.890918786465,232.886695246469,0.0676960149424803,0.0331958126439829
63666000,736.875,232.883285887034,232.877206333339,0.0678927235586548,0.0332393619159039
63758700,737.947916666667,232.882851720919,232.87489036517,0.0680914594547096,0.0332837771575569
63850500,739.010416666667,232.888656095063,232.878826065152,0.0682884161005313,0.0333277732246638
63943200,740.083333333333,232.898698803883,232.886978651767,0.0684874216685395,0.0333721410140374
64035000,741.145833333333,232.909970513442,232.896376822669,0.0686847580986661,0.033416002414136
64127700,742.21875,232.919620021214,232.904133262862,0.0688845426765995,0.0334601299201015
64219500,743.28125,232.924759454372,232.907396699638,0.0690830324861307,0.03350305599714
64311300,744.34375,232.923647459971,232.904406649492,0.0692817516512264,0.0335460556447249
64404000,745.416666666667,232.915524721104,232.894384254492,0.0694825350179173,0.0335894014853654
64495800,746.479166666667,232.901280187054,232.878254252385,0.069680972208929,0.033632810268114
64588500,747.552083333333,232.882686444198,232.85775153519,0.0698819903579902,0.0336761911527335
64680300,748.614583333333,232.863060818069,232.83623044032,0.0700814671252385,0.0337187856569822
64773000,749.6875,232.845357764734,232.816609060374,0.0702837998926307,0.0337614295955476
64864800,750.75,232.832857471115,232.802206521492,0.0704833413064987,0.0338043506260933
64957500,751.822916666667,232.827272723331,232.794700668875,0.0706856431477915,0.0338471630265762
65049300,752.885416666667,232.829218400068,232.794746263865,0.0708869329697484,0.0338890919207256
65141100,753.947916666667,232.837606091036,232.801238715559,0.0710881221385288,0.0339312252592239
65233800,755.020833333333,232.850350031733,232.812075633458,0.0712916391324043,0.0339734293716043
65325600,756.083333333333,232.864280869648,232.824125801264,0.0714932986013565,0.03401539075283
65418300,757.15625,232.876723386512,232.83467743062,0.0716971651000862,0.0340579954699219
65510100,758.21875,232.885211090935,232.841300328486,0.0718992545219426,0.0341001827876322
65601900,759.28125,232.888841722533,232.843072488578,0.0721012731653632,0.0341423494150098
65694600,760.354166666667,232.887949809831,232.840309791964,0.0723058138708868,0.0341848153536944
65786400,761.416666666667,232.884264954796,232.834777326761,0.0725090848986593,0.0342263551539554
65879100,762.489583333333,232.880484915522,232.829136242852,0.0727148310459197,0.0342679782489127
65970900,763.552083333333,232.879929209012,232.826742971917,0.0729180559591139,0.0343097697359611
66063600,764.625,232.885800751925,232.830766014833,0.0731242327415784,0.0343513163230153
66155400,765.6875,232.900534989134,232.843678601091,0.0733287645475052,0.0343925944032619
66248100,766.760416666667,232.925945311584,232.867260547142,0.0735349360103526,0.0344344069514696
66339900,767.822916666667,232.961768062817,232.901286107263,0.0737394931333113,0.0344759851861607
66432600,768.895833333333,233.007635854584,232.945355205519,0.073946543106589,0.0345173511274259
66524400,769.958333333333,233.06052100551,232.996477092906,0.0741523953331221,0.0345584094794082
66617100,771.03125,233.118592885705,233.052787407971,0.0743603228445296,0.0345997834223591
66708900,772.09375,233.177712525288,233.110181885358,0.0745665741017115,0.0346410020447787
66801600,773.166666666667,233.236376289544,233.167123416801,0.074774651580846,0.034683225800111
66893400,774.229166666667,233.291718759222,233.220778984313,0.0749818802603567,0.034723827530916
66985200,775.291666666667,233.343875756937,233.271266991364,0.075188516114216,0.0347652516233561
67077900,776.364583333333,233.394293290818,233.320016865397,0.0753979024781144,0.0348065303811768
67169700,777.427083333333,233.444220966959,233.368310330198,0.0756052169650011,0.0348482258441408
67262400,778.5,233.497703976193,233.420160995973,0.0758145771491169,0.0348900843094522
67354200,779.5625,233.556845161069,233.477704595213,0.0760226819750136,0.0349310597736972
67446900,780.635416666667,233.625351677346,233.544618793061,0.0762330296872548,0.034972736196907
67538700,781.697916666667,233.703187147184,233.620900135152,0.0764420196622239,0.0350138252563168
67631400,782.770833333333,233.791662305305,233.707830895373,0.0766531481562384,0.035055060422719
67724100,783.84375,233.888401598955,233.803052640973,0.0768642247459997,0.0350971830923637
67815900,784.90625,233.989715532236,233.90289138851,0.0770741118270413,0.0351378439232749
67908600,785.979166666667,234.09456770848,234.006282323755,0.0772856139987474,0.0351798179970527
68000400,787.041666666667,234.198247707329,234.108543348915,0.0774956200758874,0.035221177271142
68093100,788.114583333333,234.300968916291,234.209859627607,0.0777077126441236,0.0352634390342904
68184900,789.177083333333,234.400184013436,234.3077107164,0.0779180922599774,0.0353051711587683
68277600,790.25,234.498640292161,234.404816663176,0.0781317735888428,0.0353466309548801
68369400,791.3125,234.596417656736,234.501283592095,0.0783424877740095,0.0353886539281386
68461200,792.375,234.697288143686,234.600870692858,0.0785537559611725,0.0354304389594759
68553900,793.447916666667,234.805497512357,234.707812377352,0.0787678181088105,0.0354723563329672
68645700,794.510416666667,234.921935537876,234.823024268916,0.078980169070449,0.0355135705167881
68738400,795.583333333333,235.051221280406,234.95110294046,0.0791947266975752,0.0355554901559262
68831100,796.65625,235.193536590428,235.092244008462,0.0794096775676631,0.0355972415230573
68922900,797.71875,235.347299706086,235.24487816011,0.0796223127520661,0.0356392930991608
69015600,798.791666666667,235.514255063469,235.410728975744,0.0798374202374818,0.0356817274329046
69107400,799.854166666667,235.688891974862,235.584308138235,0.0800505743379366,0.0357241326973353
69200100,800.927083333333,235.871723068582,235.766108065825,0.0802664535718995,0.0357667998178866
69291900,801.989583333333,236.05625462981,235.949655254604,0.0804810073761194,0.0358087250368082
69384600,803.0625,236.243640051148,236.13608370284,0.0806976523437289,0.0358511091882893
69476400,804.125,236.428834136523,236.320366606757,0.0809125201478232,0.0358933343238382
69569100,805.197916666667,236.615421973225,236.506071032685,0.0811294951876939,0.0359362814449956
69660900,806.260416666667,236.801144143701,236.690954773653,0.0813443735089075,0.0359790386192795
69753600,807.333333333333,236.992156935968,236.88115801809,0.0815616706616205,0.0360222043759867
69845400,808.395833333333,237.187761675237,237.075998440337,0.0817780997175767,0.0360644323752824
69937200,809.458333333333,237.392558682745,237.28006915439,0.0819940051088831,0.0361070653725302
70029900,810.53125,237.610581207098,237.497397767485,0.0822125514584455,0.0361504073318409
70121700,811.59375,237.838100174555,237.724269514656,0.0824290907520672,0.0361935891863647
70214400,812.666666666667,238.078606933891,237.964163693412,0.0826481836263731,0.0362367476807227
70306200,813.729166666667,238.325273711603,238.210264820647,0.0828653028155517,0.0362798981997944
70398900,814.802083333333,238.580057578357,238.464519046585,0.083084998677074,0.0363235334622878
70490700,815.864583333333,238.835108782739,238.719086925002,0.0833031192358423,0.0363661313494639
70582500,816.927083333333,239.090528064778,238.974063830894,0.0835210865692051,0.0364097940363801
70675200,818,239.347425678056,239.230556326712,0.0837418583160731,0.0364533799075568
70767000,819.0625,239.600657830952,239.483428641093,0.0839606028633836,0.0364971900711685
70859700,820.135416666667,239.856299722479,239.738749221197,0.0841815129766105,0.0365415245078625
70951500,821.197916666667,240.111534817142,239.993708253725,0.0844011612658279,0.0365849807630149
71043300,822.260416666667,240.371651395953,240.253591209216,0.084620533771526,0.0366297927903037
71136000,823.333333333333,240.642336378905,240.524083922186,0.0848420673526668,0.0366745987755464
71227800,824.395833333333,240.921067120973,240.802667953758,0.0850620279720342,0.0367190809815282
71320500,825.46875,241.215309829237,241.096806952223,0.085284088083719,0.0367646294869197
71412300,826.53125,241.520232998302,241.401671584914,0.0855047433868939,0.0368095781902493
71505000,827.604166666667,241.841446552217,241.722870575152,0.0857283761065686,0.0368544716563183
71596800,828.666666666667,242.171162672278,242.052616170023,0.0859496243702475,0.036899068922958
71689500,829.739583333333,242.513352072173,242.394879383549,0.0861732578236886,0.0369445649495607
71781300,830.802083333333,242.858455852208,242.740099642842,0.0863948439016436,0.0369894759454254
71874000,831.875,243.210412261141,243.092217401639,0.0866193521982994,0.0370344213109624
71965800,832.9375,243.560305864584,243.4423141691,0.0868414995765878,0.0370799760423249
72058500,834.010416666667,243.914087845343,243.796345472405,0.0870670028065189,0.0371254761369112
72150300,835.072916666667,244.265403670432,244.147952408354,0.0872902431216359,0.0371712988828452
72242100,836.135416666667,244.619492287023,244.502376640258,0.0875138833155806,0.0372165380558993
72334800,837.208333333333,244.982566608369,244.865835428423,0.0877395669838808,0.0372624168281117
72427500,838.28125,245.354078324722,245.237777541464,0.0879663332006878,0.0373080141385739
72519300,839.34375,245.732587288879,245.616757700776,0.0881897793566681,0.0373548164323186
72611100,840.40625,246.12279198951,246.007477860974,0.0884145123257401,0.0374010186728571
72703800,841.479166666667,246.528441663932,246.413692117778,0.0886416012268139,0.0374472467269933
72795600,842.541666666667,246.940103606944,246.825955965993,0.0888676372177357,0.0374927884966535
72888300,843.614583333333,247.363316568287,247.249819199401,0.0890951496294352,0.0375401619237138
72980100,844.677083333333,247.786953740398,247.674141970932,0.0893204856927976,0.0375871756010663
73072800,845.75,248.216545681511,248.104468127914,0.0895484280808711,0.0376344314222618
73164600,846.8125,248.641687060859,248.530378283567,0.0897743479909555,0.0376816869765685
73257300,847.885416666667,249.069671752268,248.959181977063,0.0900029590325557,0.0377294206413952
73349100,848.947916666667,249.492361153106,249.382725473869,0.0902296404237189,0.0377765913468699
73441800,850.020833333333,249.91939095478,249.810662019059,0.0904591856049782,0.037824705738936
73533600,851.083333333333,250.344723416459,250.236936843984,0.0906870876768259,0.0378716643225039
73626300,852.15625,250.779526381107,250.672736547802,0.0909169609274562,0.0379199955731996
73718100,853.21875,251.218207723738,251.112449565402,0.0911446082303229,0.0379680930825005
73809900,854.28125,251.667353783044,251.562670862995,0.0913732719957798,0.0380157468915726
73902600,855.354166666667,252.133089324389,252.029535691272,0.0916041110215161,0.0380643344188603
73994400,856.416666666667,252.606771629348,252.504377624984,0.091833482879086,0.0381126266790111
74087100,857.489583333333,253.096834082508,252.995651320509,0.0920650525454836,0.0381613659525897
74178900,858.552083333333,253.591814226698,253.491869528027,0.0922941315777648,0.0382096881672453
74270700,859.614583333333,254.093750156399,253.995080737577,0.0925238674196187,0.0382583597413618
74363400,860.6875,254.604744971269,254.507400367548,0.0927554230225403,0.0383083873571389
74455200,861.75,255.112388073782,255.016392184382,0.0929861328041862,0.0383565854468385
74547900,862.822916666667,255.625087193635,255.530491132186,0.0932191438718557,0.0384061063924519
74640600,863.895833333333,256.137662871363,256.044505600134,0.0934523908858022,0.0384553414387649
74732400,864.958333333333,256.64631882446,256.55462548772,0.0936833505667499,0.0385046171742123
74824200,866.020833333333,257.158266096343,257.068076019602,0.093914929321772,0.03855372537999
74916900,867.09375,257.681342761798,257.592710679455,0.0941488063604973,0.0386036765344433
75008700,868.15625,258.207925418708,258.120875057094,0.0943813748260249,0.0386527498518345
75101400,869.229166666667,258.75005786819,258.664642120497,0.0946165580124799,0.0387027576804585
75193200,870.291666666667,259.297671752607,259.21391016738,0.094849365222062,0.0387527983845671
75285000,871.354166666667,259.855120116845,259.773045838712,0.0950816662229224,0.0388039464824608
75377700,872.427083333333,260.42600800438,260.345669378811,0.095317541085743,0.0388538485082132
75470400,873.5,261.002164763299,260.923592448136,0.095552975068601,0.0389051869546386
75562200,874.5625,261.575024732311,261.498231145304,0.0957870812381908,0.0389553638026525
75654900,875.635416666667,262.153234954204,262.078267406601,0.0960229981602433,0.0390072080499264
75746700,876.697916666667,262.723788281951,262.65065923252,0.0962574672541075,0.0390581149067995
75839400,877.770833333333,263.297147991758,263.22590692748,0.0964950435170358,0.0391084176059514
75931200,878.833333333333,263.862638822834,263.79329966799,0.0967295973403889,0.039159429389125
76023900,879.90625,264.432910188435,264.365525087999,0.0969668834542285,0.0392109048104193
76115700,880.96875,264.999240211464,264.933823798176,0.0972038652530286,0.0392601755031241
76208400,882.041666666667,265.575512369897,265.512117666051,0.0974418655068132,0.0393122326666683
76300200,883.104166666667,266.153173926736,266.091813737496,0.0976783232424873,0.0393633045390663
76392900,884.177083333333,266.74561293962,266.686338243477,0.0979173492289233,0.0394153429655124
76484700,885.239583333333,267.342356456389,267.285175536251,0.0981541036621392,0.0394668554782362
76577400,886.3125,267.954904441867,267.89986413299,0.0983942234512181,0.0395184993939113
76669200,887.375,268.569946593097,268.517049810696,0.098631770363316,0.0395701181796726
76761900,888.447916666667,269.197141447153,269.146431253376,0.0988721560499174,0.0396222024159052
76853700,889.510416666667,269.821467449348,269.772943331718,0.0991101745332357,0.03967375816746
76945500,890.572916666667,270.446302552523,270.399984865656,0.0993479675953596,0.039725948939138
77038200,891.645833333333,271.07579060956,271.031722186832,0.0995890194623298,0.0397782764097428
77130900,892.71875,271.703006137065,271.661209339104,0.0998298163184898,0.0398313027443219
77222700,893.78125,272.322482593992,272.282958523597,0.100068846722664,0.0398833549681189
77314500,894.84375,272.942104046077,272.904876528537,0.100308391872033,0.0399361145888964
77407200,895.916666666667,273.570517015835,273.535632775131,0.100550543911355,0.0399888628954339
77499000,896.979166666667,274.198181461531,274.16564085493,0.100790808972591,0.0400411141858935
77591700,898.052083333333,274.839574898763,274.809422477845,0.101033770962578,0.0400933232636406
77683500,899.114583333333,275.483379371541,275.455610952452,0.101274817722344,0.0401456821238079
77776200,900.1875,276.142107477239,276.116762952328,0.101517958418054,0.0401992053499979
77868000,901.25,276.801641921749,276.778711616791,0.10175909651726,0.0402521367154249
77959800,902.3125,277.466082067098,277.445577751412,0.102000126300192,0.0403058188997877
78052500,903.385416666667,278.139188336092,278.12114441018,0.102244241296133,0.0403588690386362
78145200,904.458333333333,278.811579446938,278.796006057011,0.102488680702272,0.0404117227744346
78237000,905.520833333333,279.474357447047,279.461240857227,0.102731535307652,0.0404643580110375
78328800,906.583333333333,280.132550159851,280.121901399308,0.102974720802639,0.0405167112556085
78421500,907.65625,280.79211519607,280.783970788084,0.103220627468693,0.0405695178272076
78513300,908.71875,281.44098214762,281.435331081221,0.103463841238467,0.0406222488750538
78606000,909.791666666667,282.093658655898,282.090539536659,0.1037098825634,0.0406757820975731
78697800,910.854166666667,282.739931639197,282.73933394724,0.103953428275588,0.0407293074523148
78790500,911.927083333333,283.395196065841,283.397157969119,0.104200083269235,0.0407827473639593
78882300,912.989583333333,284.049108078639,284.053616381919,0.104443934413688,0.0408368945154673
78975000,914.0625,284.716082321245,284.723171415538,0.104690767233043,0.040890826028959
79066800,915.125,285.383578888255,285.3932303332,0.104934952054961,0.0409445992853756
79159500,916.197916666667,286.063804468445,286.076047326962,0.10518251793704,0.040998836096347
79251300,917.260416666667,286.741556533175,286.756367272477,0.105428879866558,0.0410510277904052
79343100,918.322916666667,287.420729515698,287.438108254211,0.105674178976607,0.0411043847571974
79435800,919.395833333333,288.105150427342,288.125121874039,0.105922620175756,0.0411589051625162
79527600,920.458333333333,288.779210080731,288.801748867895,0.106168329304386,0.0412129456437141
79620300,921.53125,289.454814975308,289.479946997084,0.106417304286346,0.0412670333871849
79712100,922.59375,290.118860715779,290.146562628111,0.106664616521329,0.0413202052581562
79803900,923.65625,290.779217415362,290.809491927013,0.106912092402213,0.0413729974042464
79896600,924.729166666667,291.444578902241,291.47745424908,0.107161775237969,0.0414268731847427
79988400,925.791666666667,292.104705074741,292.140158436948,0.107410057715303,0.0414796065398869
80081100,926.864583333333,292.775075259615,292.813132899114,0.107660137575961,0.0415341087461877
80172900,927.927083333333,293.444459928889,293.485095371792,0.107908887327233,0.0415865995489941
80265600,929,294.126699712181,294.169934423147,0.108159952770603,0.0416402090326059
80357400,930.0625,294.808036989491,294.853839296642,0.108408919578465,0.0416934629873617
80449200,931.125,295.493448853223,295.541810056978,0.108658440067699,0.0417460446648797
80541900,932.197916666667,296.187238110205,296.238172628452,0.108910038952272,0.041800023887239
80633700,933.260416666667,296.873080902165,296.926552097345,0.109160310936462,0.0418525076950881
80726400,934.333333333333,297.561620024672,297.617640622517,0.109412807430708,0.0419056292910338
80819100,935.40625,298.243855836917,298.30241439907,0.109665883937256,0.0419583116643117
80910900,936.46875,298.911964356633,298.973025280337,0.1099169086528,0.0420109523385838
81002700,937.53125,299.572470931593,299.636024443676,0.110167793667727,0.0420638008297803
81095400,938.604166666667,300.232786990304,300.298848613636,0.110421977992595,0.0421159159553839
81187200,939.666666666667,300.882101118039,300.950637747802,0.110674110500831,0.0421675436688439
81279900,940.739583333333,301.535760870726,301.606787258215,0.110928691094195,0.0422202766265624
81371700,941.802083333333,302.183682832518,302.257164324495,0.111180925582459,0.0422720495845055
81463500,942.864583333333,302.834258751957,302.910183256461,0.11143356312452,0.0423241057728455
81556200,943.9375,303.494940725253,303.573317563393,0.111689347437923,0.0423765649297332
81648000,945,304.152630746397,304.233418823462,0.111942394030546,0.0424286382939138
81740700,946.072916666667,304.818670429714,304.901873595911,0.112198282466896,0.0424805279225343
81832500,947.135416666667,305.477656216964,305.563230269966,0.112452356613219,0.0425319275695187
81925200,948.208333333333,306.139613929189,306.227560237868,0.112709353078799,0.0425837730550227
82017000,949.270833333333,306.789079234229,306.879352625453,0.112963627127959,0.0426349969424926
82108800,950.333333333333,307.430727004242,307.523306503147,0.113218427231801,0.0426861301828228
82201500,951.40625,308.07013575143,308.165023255706,0.113476493600112,0.0427371730889149
82293300,952.46875,308.695601675214,308.79275491946,0.113732538491846,0.0427876074757565
82386000,953.541666666667,309.321252213465,309.420673743659,0.113991110704796,0.0428380805888238
82478700,954.614583333333,309.943532025434,310.045201750029,0.114249785069427,0.0428884400193353
82570500,955.677083333333,310.559195657022,310.663070942863,0.114505543418702,0.0429391731144197
82662300,956.739583333333,311.176641128788,311.282699651605,0.114761330817589,0.042990073185021
82755000,957.8125,311.803497791506,311.911736337511,0.115020815772464,0.0430402398477692
82846800,958.875,312.428014643104,312.538385535161,0.115277357341547,0.0430900582341571
82939500,959.947916666667,313.061655235009,313.174150470342,0.115537619902068,0.0431398867451034
83031300,961.010416666667,313.690283837696,313.804852388669,0.115795585891669,0.0431891564546314
83124000,962.083333333333,314.323610945318,314.440241181218,0.116055860720328,0.0432391672544196
83215800,963.145833333333,314.946443402125,315.065083014744,0.116313675260528,0.0432888569764579
83308500,964.21875,315.568243119919,315.68887898788,0.116574898732297,0.0433380954936499
83400300,965.28125,316.174876218806,316.297456691959,0.116833096050645,0.0433871387139981
83492100,966.34375,316.771396355152,316.895889861869,0.117092124908615,0.0434355934294537
83584800,967.416666666667,317.36370250509,317.490096186093,0.117354166609393,0.0434842671425308
83676600,968.479166666667,317.941686945421,318.069931255435,0.1176139805768,0.043532062238823
83769300,969.552083333333,318.519017263047,318.649098700444,0.117876263133727,0.0435801564521378
83861100,970.614583333333,319.087192230514,319.219060858159,0.11813707006275,0.0436268680963364
83953800,971.6875,319.659867123338,319.793506758278,0.118400043687903,0.0436740784417198
84045600,972.75,320.22757381733,320.362932271911,0.118661991968553,0.0437201081853422
84137400,973.8125,320.796274142154,320.93331486788,0.118922697635668,0.0437668944923415
84230100,974.885416666667,321.370590504233,321.50929129389,0.119186391440281,0.0438139862953004
84321900,975.947916666667,321.937261962507,322.077567184388,0.119447861645385,0.0438601714402672
84414600,977.020833333333,322.504581784068,322.646466493221,0.119713077237258,0.0439060655569635
84506400,978.083333333333,323.058701270571,323.20210954303,0.119975784404262,0.043951202039501
84599100,979.15625,323.608184056189,323.753089920013,0.120240533286704,0.043997451740439
84690900,980.21875,324.141118668405,324.287467299821,0.120503007646801,0.0440428335234264
84782700,981.28125,324.662919827516,324.810671327921,0.120766009195721,0.0440880840121772
84875400,982.354166666667,325.179818883098,325.328946543925,0.12103223342038,0.0441332717518522
84967200,983.416666666667,325.684024623988,325.834474695099,0.121296069211506,0.0441770223343625
85059900,984.489583333333,326.188245382604,326.339989394473,0.121562519315412,0.0442216414061038
85151700,985.552083333333,326.685493106182,326.838476487071,0.121826945916677,0.0442648470072086
85244400,986.625,327.187857701147,327.342048989747,0.122094120843884,0.0443080699526569
85336200,987.6875,327.686992128173,327.842335136098,0.122358903224788,0.0443515872866639
85428000,988.75,328.188026853197,328.3444761274,0.122624722411331,0.0443939332432965
85514400,989.75,328.660512180467,328.81796018643,0.122874639531211,0.0444337550671342
85614300,990.90625,329.205768276346,329.364318840386,0.123164016117256,0.0444790415223326
85707000,991.979166666667,329.707861836977,329.867384811862,0.123432728944347,0.0445205245536869
85795200,993,330.179320385335,330.339722992281,0.123688573623297,0.0445605417498206
85881600,994,330.632934782003,330.794155868806,0.123940667881113,0.0445978455004904
85983300,995.177083333333,331.154304637755,331.316434314219,0.124237074530432,0.0446419961748863
86087700,996.385416666667,331.674431469856,331.837432083789,0.124541512771819,0.0446868361280387
86179500,997.447916666667,332.119930625776,332.283645113561,0.124809077573599,0.0447265293752556
86276700,998.572916666667,332.581778909676,332.746195814298,0.125092813820305,0.0447684696292313
86364900,999.59375,332.994699964214,333.15970611968,0.125350338426737,0.0448057781298347
86458500,1000.67708333333,333.429288195532,333.594868880636,0.12562435071864,0.044844895489655
86549400,1001.72916666667,333.849862552204,334.015950451474,0.12589043576512,0.0448823620128683
86635800,1002.72916666667,334.249151815908,334.415674916265,0.12614400026508,0.0449179524441069
86722200,1003.72916666667,334.647678439001,334.814590617357,0.126397449987814,0.0449529088001949
86809500,1004.73958333333,335.04820649354,335.215464683958,0.126654209927674,0.0449877760033118
86901300,1005.80208333333,335.464675917068,335.632246690443,0.126924108535024,0.0450244331100849
86993100,1006.86458333333,335.873460320959,336.041291004454,0.127195355902688,0.0450595574304438
87101100,1008.11458333333,336.340918513554,336.508987318712,0.127513359732049,0.0451021139571502
87192900,1009.17708333333,336.7246645139,336.892877937284,0.127784890488842,0.0451366205583723
87297300,1010.38541666667,337.145057043164,337.313369898871,0.128093731879969,0.0451760156246889
87387300,1011.42708333333,337.494561567607,337.662903980048,0.128360015264184,0.0452097386000073
87495300,1012.67708333333,337.90087321275,338.069181606082,0.12867941572096,0.045250554438515
87587100,1013.73958333333,338.238128359587,338.40634746797,0.128951402589603,0.04528419453122
87683400,1014.85416666667,338.587358945082,338.755424173175,0.129237521301858,0.0453185463365804
87770700,1015.86458333333,338.902488098257,339.070360152805,0.129497705830098,0.0453488332929759
87858000,1016.875,339.217978304639,339.385605990966,0.129757913574811,0.0453786129907112
87949800,1017.9375,339.550983378138,339.718298951174,0.130031887519991,0.0454097390390324
88052400,1019.125,339.924304726629,340.091204844842,0.130338300806276,0.0454438573065899
88143300,1020.17708333333,340.254437512206,340.420911169202,0.130609802212209,0.0454738460839291
88231500,1021.19791666667,340.571882928255,340.737890656978,0.130873769390015,0.0455032032111558
88323300,1022.26041666667,340.896459846308,341.06192834705,0.131148868037501,0.045532703065726
88428600,1023.47916666667,341.25784418717,341.422626010312,0.131465364248061,0.0455656054126349
88519500,1024.53125,341.558035007814,341.722165111298,0.131738118069592,0.0455943862816388
88606800,1025.54166666667,341.83511103424,341.998563247285,0.132000538753333,0.0456211519127867
88698600,1026.60416666667,342.114992926823,342.277676681063,0.132276574975362,0.0456497382726692
88794900,1027.71875,342.397803576061,342.559619162557,0.132566180257981,0.0456788462533583
88892100,1028.84375,342.675126090468,342.836000292631,0.132859336646891,0.0457077439987105
88992900,1030.01041666667,342.957788823439,343.117617761892,0.133163730045137,0.0457371188539436
89080200,1031.02083333333,343.200962999438,343.359829792127,0.133427559202147,0.0457617904500119
89177400,1032.14583333333,343.471297163749,343.629031753422,0.133721493724619,0.0457893264584645
89263800,1033.14583333333,343.711047342832,343.867722557324,0.133982630809686,0.045813594637364
89355600,1034.20833333333,343.963735353422,344.119231049399,0.134260923288718,0.045838338788744
89442000,1035.20833333333,344.197431659951,344.351767209886,0.134523242869713,0.0458609130785439
89534700,1036.28125,344.440860158326,344.593897745614,0.134804313199804,0.0458854733502519
89631900,1037.40625,344.684900719349,344.836518174569,0.135099967991914,0.0459108969233421
89729100,1038.53125,344.915016598892,345.065152531255,0.135395565790342,0.045935483481667
89815500,1039.53125,345.106912510419,345.25567910297,0.135658498194495,0.0459571203407254
89919000,1040.72916666667,345.321502676192,345.468562915937,0.13597428779672,0.0459815703277817
90007200,1041.75,345.492806356098,345.638354868345,0.136242927182699,0.0460032928831524
90093600,1042.75,345.6525739819,345.796589360387,0.136507375479655,0.0460230928069203
90192600,1043.89583333333,345.829193805579,345.971388320638,0.136810280379536,0.0460455122491361
90282600,1044.9375,345.986931681469,346.127412125387,0.137086380765388,0.0460657051556775
90369900,1045.94791666667,346.139818315813,346.278583066217,0.137354548817697,0.0460843419810698
90463500,1047.03125,346.305339634168,346.442208285105,0.137641736535257,0.0461050257945532
90559800,1048.14583333333,346.477968193736,346.612826853771,0.137938228263899,0.0461242402992708
90656100,1049.26041666667,346.652090749929,346.784881492173,0.138234332036033,0.0461443721478593
90748800,1050.33333333333,346.819017260789,346.949764466601,0.138520093526493,0.046162861006113
90840600,1051.39583333333,346.980844753256,347.109518349543,0.138803015586415,0.0461809353649748
90927900,1052.40625,347.128796508391,347.255452663038,0.139072446947761,0.0461973512557459
91015200,1053.41666666667,347.268668110098,347.393262413627,0.139342791659458,0.0462124750303968
91101600,1054.41666666667,347.397704466427,347.520213862902,0.139609442630129,0.0462284775313987
91194300,1055.48958333333,347.52537512214,347.645597556719,0.139896813547419,0.0462451663618659
91285200,1056.54166666667,347.640740320509,347.758668921833,0.140178748967005,0.0462605138623954
91386900,1057.71875,347.761049536537,347.876350655736,0.140493524127512,0.0462777619006902
91485000,1058.85416666667,347.872036129987,347.984741749582,0.140797916998591,0.0462943247666996
91584000,1060,347.98267831895,348.092705070483,0.14110526698303,0.0463107369484451
91678500,1061.09375,348.089374432203,348.19679043343,0.141399333260345,0.0463257768161725
91778400,1062.25,348.204123657906,348.308725639776,0.14170981664381,0.0463416420688054
91871100,1063.32291666667,348.31146943128,348.4134131965,0.141998762840866,0.0463554908089872
91966500,1064.42708333333,348.420485470536,348.519648720227,0.142296502457955,0.0463696348116894
92061000,1065.52083333333,348.523912080161,348.620277725741,0.142592560392292,0.0463820836630138
92158200,1066.64583333333,348.622133812525,348.715577678908,0.142896541368705,0.0463954830441407
92251800,1067.72916666667,348.706151516298,348.79673916428,0.143190013123589,0.046407426313943
92346300,1068.82291666667,348.778772137199,348.866432697629,0.14348641439882,0.046419513804124
92438100,1069.88541666667,348.837267152768,348.922041257911,0.143774544242843,0.0464310973544458
92543400,1071.10416666667,348.891106462161,348.972515847318,0.14410528298464,0.0464435792389416
92633400,1072.14583333333,348.928305904081,349.006793008305,0.144388311109941,0.0464542378049881
92727900,1073.23958333333,348.961900379719,349.037272868104,0.14468552179381,0.046465436877762
92830500,1074.42708333333,348.996144863791,349.068083193075,0.145008947052021,0.0464761238310291
92934000,1075.625,349.032387303111,349.100808363457,0.145335581432918,0.0464872103051201
93025800,1076.6875,349.068280972583,349.133540860664,0.14562567256576,0.0464962559253076
93129300,1077.88541666667,349.113847548063,349.175500666037,0.145953366191409,0.0465062194487622
93216600,1078.89583333333,349.155710840053,349.214289763745,0.146230164057528,0.0465142516395771
93313800,1080.02083333333,349.203783712708,349.258908490759,0.146537926091645,0.0465234485943699
93406500,1081.09375,349.248110241604,349.299912069066,0.146832069756489,0.0465320288488561
93501900,1082.19791666667,349.288900331128,349.337254155137,0.14713518040561,0.0465403914596046
93591900,1083.23958333333,349.320448803158,349.365523390865,0.147421337550426,0.0465478915276491
93681900,1084.28125,349.343985434825,349.385754311215,0.147707738340474,0.0465554972164263
93774600,1085.35416666667,349.359982646237,349.398317783566,0.148003022951955,0.0465625646461528
93870900,1086.46875,349.369493617327,349.404229638945,0.148310094759465,0.0465699062050114
93965400,1087.5625,349.374784498983,349.405956781713,0.148611447739267,0.0465767388906968
94057200,1088.625,349.379416546649,349.40709765616,0.148904858748203,0.0465833008485996
94158000,1089.79166666667,349.38739309982,349.411210121232,0.14922767324706,0.046589478094504
94254300,1090.90625,349.400080374328,349.420179479116,0.149535657330438,0.0465960177337675
94346100,1091.96875,349.417338995276,349.433873741729,0.149830233418611,0.0466012678733795
94437900,1093.03125,349.438692109415,349.451646323259,0.150125654665581,0.0466059662546003
94530600,1094.10416666667,349.46226519753,349.471590337265,0.150424216676418,0.0466104998050014
94622400,1095.16666666667,349.484748828404,349.490468882001,0.15071900932682,0.0466161636401846
94715100,1096.23958333333,349.503514434551,349.50558380953,0.1510172995891,0.0466212496541952
94806900,1097.30208333333,349.515547601588,349.513991687888,0.151313120597168,0.046626152203471
94898700,1098.36458333333,349.51927890873,349.514087033172,0.151609436025475,0.0466305245186332
94991400,1099.4375,349.514014541015,349.505139135493,0.151908930365225,0.0466348733742166
95083200,1100.5,349.500575078673,349.488039010426,0.152205608647827,0.0466388055557133
95175900,1101.57291666667,349.480675282214,349.464428955729,0.152505835034435,0.0466428642131992
95267700,1102.63541666667,349.45758281972,349.437648763272,0.152803740301824,0.0466462899615987
95360400,1103.70833333333,349.43421513027,349.410544720308,0.15310445156161,0.0466500437435536
95452200,1104.77083333333,349.41421393198,349.386833306569,0.153403043347137,0.0466529381732191
95544900,1105.84375,349.399686409717,349.36855219612,0.153703980616399,0.0466567927750227
95636700,1106.90625,349.392197201753,349.357342656213,0.154003134690023,0.0466595898537971
95729400,1107.97916666667,349.391453916508,349.352843297817,0.154305673686288,0.0466618396696871
95821200,1109.04166666667,349.395948999588,349.353623061478,0.154604616579146,0.0466656589865633
95913900,1110.11458333333,349.4031816729,349.357111219072,0.154907700445943,0.0466687472712678
96005700,1111.17708333333,349.410005249301,349.3602347871,0.155207353103731,0.0466718293264569
96097500,1112.23958333333,349.413746412704,349.360285035302,0.155507782999444,0.0466744570045839
96190200,1113.3125,349.412528992714,349.355349146975,0.155810984052369,0.0466778963807569
96282000,1114.375,349.405891194908,349.345036288556,0.156111845105289,0.04668096020424
96374700,1115.44791666667,349.394740111062,349.330180871005,0.156415845264438,0.0466835098088694
96466500,1116.51041666667,349.381611199251,349.313390306102,0.156716962106443,0.0466870524860626
96559200,1117.58333333333,349.369389755063,349.297478907968,0.157021939710748,0.0466896431131732
96651000,1118.64583333333,349.361525033187,349.285969152639,0.157324198557677,0.0466921624140217
96743700,1119.71875,349.360550406345,349.281325867346,0.157629487269801,0.0466950883159917
96835500,1120.78125,349.368064069935,349.285222270848,0.15793207204624,0.0466980698172153
96928200,1121.85416666667,349.384451691717,349.297977092007,0.158238252390844,0.046700392013491
97020000,1122.91666666667,349.408289027221,349.318239762048,0.158541191924428,0.0467037619272616
97112700,1123.98958333333,349.437813151691,349.344180036369,0.158847859806358,0.0467065411020986
97204500,1125.05208333333,349.469581002488,349.37242697762,0.159151604807634,0.0467095234701226
97296300,1126.11458333333,349.500870293228,349.400223792108,0.159456038597718,0.0467121100928919
97389000,1127.1875,349.529344683692,349.425200736288,0.159763646397464,0.0467148307298996
97480800,1128.25,349.552712821847,349.445133955893,0.160068445778068,0.0467181930382008
97573500,1129.32291666667,349.57089569459,349.459876304026,0.160376963524815,0.0467208998594523
97665300,1130.38541666667,349.584348464727,349.469949150446,0.160682212471917,0.0467237879966705
97757100,1131.44791666667,349.595297313118,349.47754499634,0.160988012513595,0.046726921019656
97849800,1132.52083333333,349.606765922015,349.485655778626,0.16129725648966,0.0467300329796708
97941600,1133.58333333333,349.621804030824,349.497397971617,0.16160351820395,0.046733575629314
98034300,1134.65625,349.643728028639,349.516025843724,0.161913073818987,0.0467372218014733
98126100,1135.71875,349.674199259615,349.543267865209,0.162220027136026,0.0467411869279663
98218800,1136.79166666667,349.714583665433,349.580430164338,0.162530197669381,0.0467451940150609
98310600,1137.85416666667,349.763380372588,349.626077610872,0.162837727206004,0.046749230484724
98402400,1138.91666666667,349.818944745139,349.678536695821,0.163145898967471,0.0467527756098606
98495100,1139.98958333333,349.879081914508,349.735584522163,0.163457250988551,0.0467565314497853
98586900,1141.05208333333,349.939670106029,349.793160183062,0.163765651704198,0.0467605722022876
98679600,1142.125,349.999466674904,349.849961986916,0.164077484149043,0.0467653595899401
98772300,1143.19791666667,350.056566599356,349.904114247944,0.164389668458886,0.0467703245584926
98864100,1144.26041666667,350.110591920479,349.955266523485,0.16469923251741,0.0467750383172905
98955900,1145.32291666667,350.163636110318,350.005483245081,0.16500890678192,0.0467806200873831
99048600,1146.39583333333,350.218840768892,350.057879473693,0.165321861524247,0.0467859479754852
99140400,1147.45833333333,350.278283612128,350.114588672079,0.165632263246763,0.0467912494955262
99233100,1148.53125,350.346237495497,350.179832028982,0.165945905946615,0.0467974098501086
99324900,1149.59375,350.423791136515,350.254753362785,0.166256643049832,0.0468036051270389
99417600,1150.66666666667,350.513806090431,350.342165309775,0.16657115673938,0.0468090788310764
99509400,1151.72916666667,350.614564980877,350.440403676291,0.166882764527655,0.0468151639781494
99601200,1152.79166666667,350.725659160529,350.54903654249,0.167194858436352,0.0468214251542727
99693900,1153.86458333333,350.846053252842,350.667007080013,0.167509950944294,0.0468283177363733
99785700,1154.92708333333,350.970543554008,350.78915982783,0.16782291376885,0.0468351585706094
99878400,1156,351.098565030577,350.914884483025,0.168138603008364,0.0468428082498702
99970200,1157.0625,351.225099574069,351.039207663508,0.168452018809121,0.0468497859420181
100071000,1158.22916666667,351.361869256752,351.173621338447,0.168796136089331,0.0468586769705995
100169100,1159.36458333333,351.492428488681,351.301959976689,0.169131197519051,0.0468677559675308
100266300,1160.48958333333,351.620643495469,351.428045107002,0.169463991019065,0.0468764577718794
100354500,1161.51041666667,351.738287803725,351.543817802444,0.169765975881558,0.0468849748253699
100459800,1162.72916666667,351.884184716947,351.687557525535,0.170127286725073,0.0468953672404945
100549800,1163.77083333333,352.016805981772,351.818403263784,0.170436538407567,0.0469042930531942
100638000,1164.79166666667,352.156094891895,351.956014812633,0.170739553396771,0.0469134128951599
100729800,1165.85416666667,352.311926329301,352.110168021811,0.171055389917695,0.0469232560169938
100822500,1166.92708333333,352.480189988902,352.276808574015,0.171374670838413,0.0469333268839821
100914300,1167.98958333333,352.655934611722,352.451018014572,0.17169089296407,0.0469442160902676
101006100,1169.05208333333,352.838133041152,352.631753865903,0.172007679109591,0.0469550995949942
101098800,1170.125,353.02568979972,352.817907791757,0.172327341519456,0.0469672736777334
101190600,1171.1875,353.21237320387,353.003275450048,0.172644538408653,0.0469789242926798
101283300,1172.26041666667,353.400164621697,353.18981239834,0.172964804982294,0.0469921013849933
101375100,1173.32291666667,353.58504566749,353.373524655061,0.173282945518654,0.0470045563540335
101467800,1174.39583333333,353.771636977617,353.559010187267,0.173603849436271,0.0470179900775494
101559600,1175.45833333333,353.958452515941,353.744804937148,0.173922616397961,0.0470310071216238
101652300,1176.53125,354.152065252453,353.937462626001,0.17424431132346,0.0470453143911034
101744100,1177.59375,354.351784965303,354.136312513237,0.174563687839982,0.0470594325933381
101836800,1178.66666666667,354.564275470149,354.348002362548,0.174886200496843,0.047073804523604
101928600,1179.72916666667,354.787296329153,354.570308210087,0.175205975974545,0.0470882414260402
102020400,1180.79166666667,355.023594635025,354.805969750428,0.175526081086702,0.0471032348334114
102113100,1181.86458333333,355.275176212339,355.056988229794,0.175849682509282,0.0471188383263887
102204900,1182.92708333333,355.535505301639,355.316839109613,0.176170230244256,0.047134900664821
102297600,1184,355.807143619941,355.588074799399,0.176494379162716,0.0471509258211466
102389400,1185.0625,356.08188982937,355.862501714298,0.176815734768485,0.0471676569491303
102482100,1186.13541666667,356.362278610143,356.142648194698,0.177140522831923,0.0471848315611121
102573900,1187.19791666667,356.640691462054,356.420900478209,0.177462342522648,0.0472024709698707
102665700,1188.26041666667,356.91875555414,356.698883162197,0.177784571831269,0.0472203021262243
102758400,1189.33333333333,357.199426628703,356.97955272647,0.178110321488038,0.0472388915207303
102850200,1190.39583333333,357.478794999846,357.25900000144,0.17843298325622,0.0472574775423971
102942900,1191.46875,357.764904285235,357.545270651169,0.178759320748033,0.0472768828997497
103034700,1192.53125,358.055146877234,357.835754391975,0.179082838062866,0.0472965810722693
103127400,1193.60416666667,358.357902974794,358.138836301615,0.179409458418065,0.0473174860187531
103219200,1194.66666666667,358.669002785078,358.450340074815,0.179733694838595,0.0473378215522827
103311900,1195.73958333333,358.99489801512,358.776724944761,0.180061205635842,0.0473591245661555
103403700,1196.80208333333,359.32817833864,359.11057044884,0.180385790475535,0.0473808432042048
103495500,1197.86458333333,359.669737726975,359.452774225833,0.180710728466756,0.0474027773882962
103588200,1198.9375,360.02017389745,359.803940917987,0.181038862552056,0.0474259642685634
103680000,1200,360.369862693935,360.154431899295,0.181364809278615,0.0474481613121609
103772700,1201.07291666667,360.723436148622,360.508895041662,0.181693795287531,0.047471711703498
103864500,1202.13541666667,361.072893583871,360.859312780359,0.182020026069124,0.047495500410051
103957200,1203.20833333333,361.425221681429,361.212691213193,0.182349820767567,0.0475198834548877
104049000,1204.27083333333,361.774937783637,361.563528001146,0.182676339247694,0.0475449058953699
104140800,1205.33333333333,362.127765661418,361.91755725582,0.183003454067227,0.0475704177179691
104233500,1206.40625,362.490096658493,362.281183493694,0.183334286666784,0.0475959655696642
104325300,1207.46875,362.857787229839,362.650238237764,0.183662185356859,0.0476217445781296
104418000,1208.54166666667,363.240508455286,363.034418237584,0.183993598188637,0.0476481842574471
104509800,1209.60416666667,363.632383869455,363.427817796497,0.184321656214536,0.047675763589099
104602500,1210.67708333333,364.041520268928,363.838572299154,0.184653651177513,0.0477030140952578
104694300,1211.73958333333,364.45918157089,364.257912390262,0.184982954545651,0.0477299222678103
104786100,1212.80208333333,364.887421230989,364.6879050087,0.185312266061934,0.0477582954782651
104878800,1213.875,365.327943959207,365.13027196848,0.185645228478408,0.0477870951427427
104970600,1214.9375,365.769284346993,365.573511339494,0.185974975416134,0.047816417118086
105063300,1216.01041666667,366.217408385523,366.023625967949,0.1863086018217,0.0478457648691141
105155100,1217.07291666667,366.661752103163,366.470013128344,0.18663906289227,0.04787577794187
105246900,1218.13541666667,367.105994926784,366.916371798492,0.18697021492553,0.0479058103308425
105339600,1219.20833333333,367.555186903884,367.367774952024,0.187304565029094,0.0479373597076448
105431400,1220.27083333333,368.002507987124,367.817359986521,0.187636105455677,0.047969001154444
105524100,1221.34375,368.459422279955,368.276635108151,0.187971019911837,0.0480016074955386
105615900,1222.40625,368.919798310412,368.739422618616,0.18830294447248,0.0480341169628837
105708600,1223.47916666667,369.394801139539,369.21693305788,0.188638922904758,0.0480667682787527
105800400,1224.54166666667,369.876146808924,369.700831574291,0.188971694879598,0.048100174496612
105892200,1225.60416666667,370.367939308097,370.195243727551,0.189305168274309,0.0481333328141493
105984900,1226.67708333333,370.873405386595,370.703420556502,0.189641708054008,0.0481680806721473
106076700,1227.73958333333,371.380136252226,371.212898818379,0.189975636650877,0.0482022917742816
106169400,1228.8125,371.895143599703,371.730742955852,0.190312803033622,0.0482378553099493
106261200,1229.875,372.405839590186,372.244309714664,0.190647110507293,0.048273275629179
106353900,1230.94791666667,372.920420224008,372.761851777488,0.190985304125027,0.0483091256189961
106445700,1232.01041666667,373.428209300601,373.272636292083,0.191320316922753,0.0483456903157186
106538400,1233.08333333333,373.9396973092,373.787213395639,0.191658924589485,0.0483827024607498
106630200,1234.14583333333,374.446576684226,374.297216351776,0.191994724309738,0.0484197308974562
106722000,1235.20833333333,374.95622216518,374.810049779874,0.192330752606615,0.0484572108763195
106814700,1236.28125,375.476495812264,375.333607416971,0.192670209671665,0.0484958453291492
106906500,1237.34375,375.999984872093,375.860411367944,0.19300713448885,0.048533840172125
106999200,1238.41666666667,376.539100220851,376.40293527542,0.193347513968115,0.0485728419236938
107091000,1239.47916666667,377.084550326372,376.951818630731,0.193684866466874,0.0486122745381037
107183700,1240.55208333333,377.647049320625,377.5178396107,0.194025949445684,0.0486519861509856
107275500,1241.61458333333,378.214514301948,378.088843777448,0.194363581884599,0.0486922939756701
107368200,1242.6875,378.795892540761,378.673844991323,0.194705190200936,0.0487329620110033
107460000,1243.75,379.377133908367,379.258720738095,0.195043797756965,0.0487735635603669
107552700,1244.82291666667,379.966747694918,379.852050438065,0.19538565432866,0.0488155118594456
107644500,1245.88541666667,380.550919237535,380.439947149153,0.195724918068337,0.048856884373164
107736300,1246.94791666667,381.134003954748,381.026802721979,0.196064388666089,0.0488989199437667
107829000,1248.02083333333,381.721637735335,381.61829165596,0.19640752041724,0.0489418828122712
107920800,1249.08333333333,382.303672065053,382.204191339977,0.196747473821349,0.0489848337975224
108013500,1250.15625,382.893820570287,382.798291259288,0.19709099503487,0.0490285914374264
108105300,1251.21875,383.483309321987,383.391739745056,0.197431612924196,0.0490722273836983
108198000,1252.29166666667,384.086114790831,383.998588738434,0.197775841127189,0.049116826394688
108289800,1253.35416666667,384.691999234891,384.60851887434,0.198117043050959,0.049161165456715
108381600,1254.41666666667,385.306951682067,385.22755469767,0.198458390826014,0.0492063725320206
108474300,1255.48958333333,385.935981586239,385.860742699576,0.198803829741981,0.0492519371407699
108566100,1256.55208333333,386.56467678885,386.49358704072,0.199145972006181,0.0492976653833702
108658800,1257.625,387.202543031659,387.135672754414,0.199491830702988,0.0493441175226546
108750600,1258.6875,387.834375935424,387.771712516543,0.199834876759721,0.0493903607649072
108842400,1259.75,388.464048104835,388.405619750757,0.200178413646629,0.049436306147172
108935100,1260.82291666667,389.096248913648,389.042126454955,0.200525155595731,0.0494838804298047
109026900,1261.88541666667,389.718384950966,389.668556645601,0.200869363198295,0.0495306750519988
109119600,1262.95833333333,390.343503184006,390.298042468426,0.201216878829057,0.0495785999520395
109211400,1264.02083333333,390.961295835479,390.92019183194,0.201561572556462,0.0496263285966216
109304100,1265.09375,391.586406798655,391.54973373208,0.201909895188367,0.0496748149832894
109395900,1266.15625,392.209425297153,392.177170040341,0.202254994867758,0.0497233516657372
109487700,1267.21875,392.838865340733,392.811055307608,0.202600374871467,0.0497719149802846
109580400,1268.29166666667,393.482787953664,393.45949129575,0.202949553546608,0.0498215290610914
109672200,1269.35416666667,394.129434800615,394.110628234094,0.203295552458411,0.0498709316439361
109764900,1270.42708333333,394.791026268591,394.776770565428,0.203645600242565,0.0499205975557138
109856700,1271.48958333333,395.45312023672,395.443384205784,0.203992390223062,0.0499704114283032
109949400,1272.5625,396.126206127493,396.121044284969,0.204343015295958,0.0500208877925442
110041200,1273.625,396.794357659131,396.793733913363,0.204690359116244,0.0500713796113979
110133900,1274.69791666667,397.467971076557,397.471937655266,0.205041474515408,0.0501225046234713
110225700,1275.76041666667,398.132059771987,398.140580080522,0.205389588658333,0.0501735798661052
110317500,1276.82291666667,398.792469125312,398.805551984479,0.205737814751601,0.0502248801305212
110410200,1277.89583333333,399.456274249676,399.473974249889,0.206089584208715,0.0502773607717333
110502000,1278.95833333333,400.112418095692,400.134700488314,0.206438619615276,0.0503288915168525
110594700,1280.03125,400.776336148773,400.803255288576,0.206791124206931,0.0503817239068646
110686500,1281.09375,401.437714570997,401.469232808433,0.207140676317313,0.0504341851112531
110779200,1282.16666666667,402.111501969119,402.147668773474,0.207493940963428,0.0504875404560336
110871000,1283.22916666667,402.78547365066,402.826244512286,0.20784453786428,0.0505396399394696
110963700,1284.30208333333,403.472402108615,403.517818900944,0.208198314282799,0.0505934891983026
111055500,1285.36458333333,404.157316084668,404.207326881973,0.208549068767385,0.0506468653286036
111147300,1286.42708333333,404.844389964539,404.8989854015,0.208900444804631,0.0506997190926253
111240000,1287.5,405.53750333015,405.596717403406,0.209255759040214,0.0507535089800151
111331800,1288.5625,406.220481793212,406.284257695831,0.209607487741924,0.0508072843533677
111424500,1289.63541666667,406.904585907653,406.972956775603,0.209963010273778,0.0508616364025113
111516300,1290.69791666667,407.575386304705,407.648296966601,0.210315828690468,0.0509150615735769
111609000,1291.77083333333,408.246025066879,408.323510006595,0.210672202544737,0.0509695169575718
111700800,1292.83333333333,408.904589918744,408.986595219643,0.211025231641381,0.0510237305418489
111793500,1293.90625,409.56604765721,409.652608249998,0.211381967790867,0.051078776671384
111885300,1294.96875,410.220135628424,410.311197375399,0.211735517257261,0.0511334218513548
111977100,1296.03125,410.875933682761,410.97148480346,0.21208941386899,0.0511884182076853
112069800,1297.10416666667,411.542169930684,411.642239332294,0.212447391847044,0.0512435108303157
112161600,1298.16666666667,412.207305096228,412.311830479986,0.212802185325313,0.0512984888082716
112254300,1299.23958333333,412.884627768123,412.993630801305,0.213160662360177,0.0513541714414902
112346100,1300.30208333333,413.55999379559,413.673405377741,0.213515888913067,0.0514095661681573
112438800,1301.375,414.244556944321,414.362391112675,0.213874978973337,0.0514655099972953
112530600,1302.4375,414.922295772621,415.044479020034,0.214230987049662,0.0515208922934697
112623300,1303.51041666667,415.603633309997,415.730176170786,0.214590835945057,0.0515769148982289
112715100,1304.57291666667,416.273029660825,416.403857898575,0.214947372722817,0.0516325609890796
112806900,1305.63541666667,416.935860350459,417.070942792819,0.215304239872204,0.0516881352805985
112899600,1306.70833333333,417.598585727599,417.737933166932,0.21566528539229,0.0517439584577751
112991400,1307.77083333333,418.249692632614,418.393233346901,0.216022954615174,0.0517994950198956
113084100,1308.84375,418.904282821335,419.052026878054,0.216384552231312,0.0518556350955073
113175900,1309.90625,419.552320493328,419.70419495569,0.21674276306398,0.0519114899733453
113268600,1310.97916666667,420.208938337063,420.364948827424,0.217104886558306,0.0519679339224318
113360400,1312.04166666667,420.862944513617,421.023013345619,0.217463857791091,0.0520237389765017
113453100,1313.11458333333,421.527546924455,421.69167254996,0.217826317392262,0.0520807337246758
113544900,1314.17708333333,422.18896812571,422.357067095455,0.21818625229861,0.0521359003234214
113636700,1315.23958333333,422.851708539054,423.023734307125,0.218546465480808,0.0521916601674442
113729400,1316.3125,423.519604941878,423.695546760757,0.218910592686099,0.0522476598992241
113821200,1317.375,424.176801266369,424.356571243011,0.219270923177156,0.0523038352857353
113913900,1318.44791666667,424.833524296159,425.017109205031,0.219635576795659,0.0523597825934375
114005700,1319.51041666667,425.475100079721,425.662412776154,0.219996485658656,0.0524162449225652
114098400,1320.58333333333,426.113195821575,426.304222684631,0.220361708207727,0.052472302271317
114190200,1321.64583333333,426.735688546123,426.930344252085,0.220723633541014,0.0525279445454706
114282900,1322.71875,427.356185189663,427.554455633916,0.221089653181852,0.0525836585199868
114374700,1323.78125,427.964884640148,428.166685019521,0.221452049195176,0.0526394170530586
114467400,1324.85416666667,428.576447435337,428.781760900812,0.221817913322782,0.0526961710561685
114559200,1325.91666666667,429.18160680895,429.390346340239,0.222181157425181,0.0527516740686135
114651900,1326.98958333333,429.79424672378,430.00638992615,0.222548578552974,0.0528071477356113
114743700,1328.05208333333,430.403415418774,430.618871022955,0.22291230892306,0.0528627096878633
114836400,1329.125,431.020719708725,431.23945855947,0.223280106380715,0.0529182926512169
114928200,1330.1875,431.63260197437,431.854528760821,0.22364482423583,0.0529733245520668
115020900,1331.26041666667,432.248535466402,432.47361556765,0.224013214020413,0.0530290428644352
115112700,1332.32291666667,432.853683233051,433.081819742892,0.224378240873211,0.0530840137874267
115205400,1333.39583333333,433.457252766199,433.688408288702,0.224747243611335,0.0531394366572698
115297200,1334.45833333333,434.045744995562,434.279823574708,0.225112695632891,0.0531945516853266
115389900,1335.53125,434.630157851035,434.867121033355,0.225482453690393,0.0532495176364276
115481700,1336.59375,435.199963314057,435.439716674071,0.225848458799045,0.0533045825854137
115574400,1337.66666666667,435.768327536498,436.010830958913,0.226218588440439,0.0533596889549796
115666200,1338.72916666667,436.326867696408,436.572026680791,0.226585679139326,0.0534138933154394
115758000,1339.79166666667,436.883849249336,437.131594830235,0.22695310487355,0.0534680656218906
115850700,1340.86458333333,437.446966937369,437.697252568188,0.227324552351793,0.0535224417337233
115942500,1341.92708333333,438.006561461772,438.259289089299,0.227692870526368,0.0535759305248698
116035200,1343,438.573674466318,438.828791846492,0.228064785971429,0.0536302668931881
116127000,1344.0625,439.13614931316,439.393555935285,0.228433298942587,0.0536839198501891
116219700,1345.13541666667,439.702842437912,439.962481206045,0.228805970240186,0.0537376975195445
116311500,1346.19791666667,440.259985294057,440.521754773747,0.22917548287518,0.0537907280930699
116403300,1347.26041666667,440.810203970808,441.074024184744,0.22954512287435,0.0538436687031209
116496000,1348.33333333333,441.356206642466,441.622016254932,0.229918449467881,0.0538973595660376
116587800,1349.39583333333,441.885621511491,442.153320449881,0.230288719557181,0.0539501756146982
116680500,1350.46875,442.408153616208,442.677678745972,0.230662682945243,0.0540034007344721
116772300,1351.53125,442.914220656185,443.185473125131,0.231033712513401,0.0540555036598776
116865000,1352.60416666667,443.415466314555,443.68838061699,0.231408593507289,0.0541081544150284
116956800,1353.66666666667,443.904668556013,444.179146070242,0.231780023111687,0.0541602165723689
117049500,1354.73958333333,444.394271728382,444.670243356462,0.232155943384743,0.0542119131606299
117141300,1355.80208333333,444.877288511058,445.154654819803,0.232528264690838,0.0542633102871296
117233100,1356.86458333333,445.360134259319,445.638809386343,0.232900605565457,0.0543148678642676
117325800,1357.9375,445.847953188215,446.127861555611,0.233277246142557,0.0543663130986024
117417600,1359,446.330319428205,446.611360477423,0.233650670184084,0.0544170628909387
117510300,1360.07291666667,446.814546161889,447.096640771206,0.234027642984719,0.0544684766841136
117602100,1361.13541666667,447.288425064301,447.571473152601,0.234401479120401,0.0545189020988155
117694800,1362.20833333333,447.758351482695,448.042271326979,0.234779239851162,0.0545696692652055
117786600,1363.27083333333,448.212930247798,448.497622913547,0.235153736781961,0.0546197501778926
117879300,1364.34375,448.659879229536,448.945260575373,0.235532150471096,0.0546700178156985
117971100,1365.40625,449.090681426503,449.376653438039,0.235907664091735,0.0547191076981162
118063800,1366.47916666667,449.515259966246,449.801735522582,0.236287081963133,0.0547685629197189
118155600,1367.54166666667,449.927807781119,450.214689171788,0.236662773786942,0.0548177329804478
118248300,1368.61458333333,450.339363310184,450.626559894777,0.237042200788909,0.0548673942712209
118340100,1369.67708333333,450.744741927998,451.032156148252,0.237418736044527,0.0549159012999628
118432800,1370.75,451.154087660987,451.441625577338,0.237798920513821,0.0549650771156973
118524600,1371.8125,451.560585668095,451.848150482693,0.238175996017313,0.0550130829371162
118616400,1372.875,451.968113661078,452.255610014096,0.238553978783765,0.0550604139431488
118709100,1373.94791666667,452.3793752772,452.666705757172,0.238935378923442,0.0551085141481244
118801800,1375.02083333333,452.788065698843,453.075133195271,0.239317233222635,0.0551563944466863
118893600,1376.08333333333,453.187396601516,453.474108081761,0.239695678791553,0.0552035230555994
118986300,1377.15625,453.582223144513,453.868478570061,0.240078539190998,0.0552504919204049
119078100,1378.21875,453.962373917075,454.248081898655,0.240457683251576,0.0552970544296982
119169900,1379.28125,454.330129267134,454.615194032219,0.240836955502244,0.0553436471730407
119262600,1380.35416666667,454.688506813302,454.972824153971,0.24122036030868,0.0553902617627233
119354400,1381.41666666667,455.031459669048,455.314939202326,0.24160036977015,0.0554364480040648
119447100,1382.48958333333,455.367805714251,455.650339691008,0.241984506302414,0.0554825941744186
119538900,1383.55208333333,455.693811393539,455.975309637216,0.242365125017581,0.0555279288379183
119631600,1384.625,456.018816468688,456.299168657585,0.242749906995123,0.0555737281531518
119723400,1385.6875,456.338857264706,456.617975228452,0.243131130902037,0.0556188308676251
119816100,1386.76041666667,456.661447979742,456.939219840248,0.243516665787472,0.0556636589543706
119907900,1387.82291666667,456.980127718906,457.25646891062,0.2438987875887,0.055707940034535
119999700,1388.88541666667,457.296474816648,457.571289363142,0.244281350566885,0.0557521186635387
120092400,1389.95833333333,457.610968847096,457.884145016461,0.244667931396857,0.0557966712377781
120184200,1391.02083333333,457.914538628756,458.185996704086,0.245050737062045,0.0558405836751899
120276900,1392.09375,458.210398797199,458.480025380708,0.245437547364644,0.0558848901840077
120368700,1393.15625,458.490948790142,458.758665863387,0.24582109237725,0.0559283743736043
120460500,1394.21875,458.758499830804,459.024211128819,0.246204882521546,0.0559719195430318
120553200,1395.29166666667,459.016223305646,459.279810014226,0.246593095190376,0.0560150933980074
120645000,1396.35416666667,459.261058883867,459.522442719941,0.246977459414776,0.0560580504239459
120737700,1397.42708333333,459.500632322034,459.759691330377,0.247366549845025,0.0561009249174194
120829500,1398.48958333333,459.733415641044,459.990072579957,0.247752059346588,0.056142982152904
120922200,1399.5625,459.966913527234,460.221044834376,0.248141216873659,0.0561857640011712
121014000,1400.625,460.198774546408,460.450306930008,0.248527460246395,0.056227295407791
121106700,1401.69791666667,460.434656532583,460.68346750816,0.248917833924425,0.0562691289308393
121198500,1402.76041666667,460.669816735808,460.915838706278,0.249304507063012,0.0563106329443803
121291200,1403.83333333333,460.907463877779,461.150576718751,0.249695364328737,0.0563523449587935
121383000,1404.89583333333,461.140622056836,461.380763991341,0.250082865669385,0.0563934269716995
121475700,1405.96875,461.370902072919,461.607954361534,0.250474539253839,0.0564347767408189
121567500,1407.03125,461.590876241864,461.824780870469,0.250862312656863,0.0564759283965618
121660200,1408.10416666667,461.802396898098,462.033034007309,0.25125451025201,0.0565170708544744
121752000,1409.16666666667,461.999947473899,462.227259982938,0.251642851669269,0.0565579876786972
121844700,1410.23958333333,462.187332506739,462.411197143378,0.25203583778392,0.0565987365945968
121936500,1411.30208333333,462.362242490288,462.582601908031,0.252425206074154,0.0566389611340917
122028300,1412.36458333333,462.528998914755,462.745762245362,0.252814836632921,0.0566791119097699
122121000,1413.4375,462.69219265391,462.90523282368,0.253208633710494,0.0567197266060123
122212800,1414.5,462.851563122314,463.060826706857,0.253598747487142,0.0567597423266408
122305500,1415.57291666667,463.012323037569,463.217684908023,0.253993403334954,0.05679981895859
122397300,1416.63541666667,463.172069757241,463.373483548577,0.254384344333171,0.0568396016742663
122490000,1417.70833333333,463.333150047933,463.530495133945,0.254779372128729,0.0568797702798754
122581800,1418.77083333333,463.490377998822,463.683615530114,0.255171152205638,0.0569192724709207
122673600,1419.83333333333,463.642500241199,463.831554211969,0.255563462555389,0.0569584116724709
122766300,1420.90625,463.787916405766,463.97266969035,0.255959712071847,0.0569981642219173
122859000,1421.97916666667,463.922556026464,464.102932191215,0.25635607138725,0.0570382096946059
122950800,1423.04166666667,464.043768181832,464.21973363621,0.256748925583113,0.0570777125865162
123043500,1424.11458333333,464.153727541051,464.325160966437,0.257146084292975,0.0571173935280522
123135300,1425.17708333333,464.251437018335,464.418303978696,0.257539917100857,0.0571564991431
123228000,1426.25,464.34112298134,464.503298784315,0.257937817876769,0.0571960179260079
123319800,1427.3125,464.424079453811,464.58153061357,0.258332244769275,0.0572351145136138
123412500,1428.38541666667,464.505257635174,464.657859237455,0.258730696351903,0.0572747525629534
123504300,1429.44791666667,464.586067508518,464.733791095852,0.259125661993845,0.057313939300435
123596100,1430.51041666667,464.669490682031,464.812264308008,0.259521162510528,0.0573528862354778
123688800,1431.58333333333,464.757462851917,464.895168975615,0.25992094157155,0.0573921978160453
123780600,1432.64583333333,464.848043646539,464.980667307489,0.260316607089784,0.0574317318851299
123873300,1433.71875,464.941505924503,465.068936570146,0.260717014110141,0.0574712666230704
123965100,1434.78125,465.033569907038,465.155801164055,0.261113927938492,0.0575103335397695
124057800,1435.85416666667,465.123014276416,465.239940181656,0.261514928434153,0.057550219537658
124149600,1436.91666666667,465.205171663348,465.316790431506,0.261911967993269,0.0575900378810103
124242300,1437.98958333333,465.279356493582,465.385562343564,0.26231348444702,0.0576302334417957
124334100,1439.05208333333,465.343035983017,465.443827485853,0.26271166729742,0.0576698149980056
124425900,1440.11458333333,465.397342717022,465.492665171767,0.263109733615456,0.0577100238099318
124518600,1441.1875,465.444480073715,465.534223749765,0.263512152299979,0.0577504410260164
124610400,1442.25,465.486355207701,465.570519113611,0.263911206194282,0.0577905412441065
124703100,1443.32291666667,465.527012269353,465.605487840544,0.264314331344583,0.0578313758908622
124794900,1444.38541666667,465.568422879334,465.641215248774,0.264713701875649,0.0578720139013597
124886700,1445.44791666667,465.612646698012,465.67971032075,0.265113556530382,0.0579126612690459
124979400,1446.52083333333,465.66037826582,465.721615617475,0.265517529159332,0.0579540654089115
125071200,1447.58333333333,465.709446548789,465.76487783777,0.265918051266395,0.057995248610704
125163900,1448.65625,465.758397901601,465.807933340236,0.266322855367202,0.0580368561469094
125255700,1449.71875,465.803304287374,465.84697114588,0.266724271474226,0.0580782412942462
125348400,1450.79166666667,465.842068703547,465.879780463435,0.267129743335305,0.0581204980958079
125440200,1451.85416666667,465.871622733617,465.903408613008,0.267531815149829,0.0581623365378715
125532000,1452.91666666667,465.891138725579,465.916969565257,0.267934141088152,0.0582044937482966
125624700,1453.98958333333,465.900709292855,465.920496087163,0.268340748770705,0.0582473086187713
125716500,1455.05208333333,465.901504218654,465.915274534875,0.268743761858205,0.058290048837625
125809200,1456.125,465.896024365614,465.903687748034,0.269151061095218,0.0583333766491266
125901000,1457.1875,465.887534501482,465.889120141619,0.269554808454127,0.0583765349082707
125993700,1458.26041666667,465.879265925171,465.87468623854,0.269962826487595,0.0584204238009051
126085500,1459.32291666667,465.87438483267,465.86367557039,0.270367436751193,0.0584639519553888
126177300,1460.38541666667,465.874952888171,465.858094736728,0.270771929725263,0.0585081079120032
126270000,1461.45833333333,465.882039289385,465.858957837278,0.271180944244027,0.0585530253128293
126361800,1462.52083333333,465.895130643271,465.865877501173,0.271586445558929,0.0585977045449604
126454500,1463.59375,465.912817687575,465.877328306975,0.27199613044158,0.058643379650443
126546300,1464.65625,465.932161185713,465.890496399287,0.272402026000037,0.0586890837321237
126638100,1465.71875,465.950313284139,465.902475618097,0.272808390779543,0.0587351179417565
126730800,1466.79166666667,465.96458981599,465.910522405557,0.273219328779237,0.0587817045819937
126822600,1467.85416666667,465.972736118937,465.912503401214,0.273626149879948,0.0588288693684906
126915300,1468.92708333333,465.974252514809,465.907797573351,0.274037290722697,0.0588767467158947
127007100,1469.98958333333,465.969984800915,465.897370768914,0.274445165607029,0.058924254688434
127099800,1471.0625,465.962108659773,465.883277855543,0.274857026352817,0.0589730477931317
127191600,1472.125,465.953840733858,465.86885780899,0.275265437811472,0.0590218067652386
127283400,1473.1875,465.948249260422,465.857121773012,0.275674380379213,0.0590707513995086
127376100,1474.26041666667,465.947841674435,465.850521412976,0.276087596195565,0.0591205275859762
127467900,1475.32291666667,465.953904671069,465.850468410299,0.276497267653677,0.0591702846617421
127560600,1476.39583333333,465.966366567936,465.856776759747,0.27691082690875,0.059221476725174
127652400,1477.45833333333,465.983424064327,465.867767503094,0.277321119486115,0.0592721785465087
127744200,1478.52083333333,466.002630641723,465.880937604866,0.277731313117946,0.0593239573244803
127836900,1479.59375,466.021162645248,465.89340738084,0.278146266588914,0.0593763712427337
127928700,1480.65625,466.035782633791,465.902058277305,0.278557590189433,0.0594288020321251
128021400,1481.72916666667,466.044546443426,465.90482933148,0.278972949074213,0.0594826978224659
128113200,1482.79166666667,466.046160050918,465.900542473794,0.279384728722945,0.0595364876131723
128205900,1483.86458333333,466.040823484794,465.88928146134,0.279800764008805,0.0595915555895333
128297700,1484.92708333333,466.030091078105,465.872715508346,0.280212993941872,0.0596468227408433
128390400,1486,466.016300721743,465.853068755568,0.280629844215262,0.0597028979927673
128482200,1487.0625,466.002898462483,465.833902672295,0.281042962092527,0.0597591037164158
128574900,1488.13541666667,465.992983066941,465.818205925269,0.281460473010595,0.059816542001863
128666700,1489.19791666667,465.989644935839,465.809185154967,0.281874104079168,0.0598740212947231
128758500,1490.26041666667,465.994725669799,465.808630278804,0.282288285882191,0.059932034479365
128851200,1491.33333333333,466.009116253439,465.817382889478,0.282706809115784,0.0599913328367737
128943000,1492.39583333333,466.031860904806,465.834601488335,0.283121742315564,0.0600506053577268
129035700,1493.46875,466.06146050408,465.858682758284,0.283540839111585,0.060111342837819
129127500,1494.53125,466.094582335361,465.886404244447,0.283956447126329,0.060171792793275
129220200,1495.60416666667,466.128838242473,465.915273730505,0.284376416834091,0.0602336991705132
129312000,1496.66666666667,466.161006748475,465.942175046678,0.284792732279277,0.0602956871890708
129404700,1497.73958333333,466.190196193367,465.96611323994,0.285213334606567,0.0603590964974263
129496500,1498.80208333333,466.215774345118,465.986557771751,0.285629973144249,0.0604227099316331
129589200,1499.875,466.23968285379,466.005349762576,0.286051181632442,0.060487587435646
129681000,1500.9375,466.264046358614,466.024714179131,0.286468653536749,0.0605525393770727
129773700,1502.01041666667,466.2925329706,466.048223178438,0.286890448823622,0.0606190219613675
129866400,1503.08333333333,466.327955279949,466.078741841165,0.287312608862613,0.0606860074131799
129958200,1504.14583333333,466.372024684742,466.118031988731,0.287731051594193,0.0607531493418934
130050900,1505.21875,466.426496119876,466.167759018952,0.288153953840754,0.0608215755345053
130142700,1506.28125,466.489785926193,466.226435336077,0.288573161785081,0.0608900131863577
130235400,1507.35416666667,466.561335246716,466.293415008693,0.288996721516457,0.0609601073918726
130327200,1508.41666666667,466.637107368137,466.364752569609,0.289416789632846,0.0610300307731495
130419900,1509.48958333333,466.715548818458,466.438809218787,0.289841015085065,0.0611016390355244
130511700,1510.55208333333,466.79233902059,466.511350316228,0.29026170856828,0.0611733102428059
130603500,1511.61458333333,466.866160527549,466.581015597507,0.290682702169023,0.0612457588026931
130696200,1512.6875,466.936673353453,466.64742565429,0.291108385054985,0.0613196964116324
130788000,1513.75,467.002774130036,466.709556784816,0.29153016727003,0.0613936996803587
130880700,1514.82291666667,467.067303898764,466.77017257641,0.291956092938949,0.061469306591721
130973400,1515.89583333333,467.132196322082,466.831247069626,0.292382697444341,0.0615456222730346
131065200,1516.95833333333,467.199961000368,466.895327227308,0.292805429989497,0.0616220506443337
131157000,1518.02083333333,467.27436201455,466.966141977262,0.293228390259919,0.061699286771636
131249700,1519.09375,467.358865235886,467.047126325508,0.293655796303562,0.0617781890466534
131341500,1520.15625,467.453392496923,467.138273562771,0.294079646800489,0.0618569581952873
131434200,1521.22916666667,467.560006462192,467.241583081465,0.294507895226778,0.061937270641639
131526000,1522.29166666667,467.675455783608,467.353870247491,0.294932133724533,0.0620178067868648
131618700,1523.36458333333,467.799672123244,467.475006750685,0.295360831142456,0.0620998875147738
131710500,1524.42708333333,467.927340646013,467.599738789346,0.295785677958563,0.0621820983074872
131803200,1525.5,468.058092920686,467.72764101927,0.296215127005676,0.0622658943696041
131895000,1526.5625,468.18728888349,467.854128957997,0.296640827313249,0.062349633611611
131987700,1527.63541666667,468.316589039762,467.980810123573,0.29707102582138,0.0624352229268774
132079500,1528.69791666667,468.444075235303,468.105817522029,0.297497308782069,0.0625207385802847
132172200,1529.77083333333,468.574191627051,468.233547337146,0.297928083849115,0.062607724900056
132264000,1530.83333333333,468.707224915873,468.364333736361,0.29835506323432,0.0626949521348674
132356700,1531.90625,468.84890525833,468.503864335495,0.298786706180563,0.0627837593295621
132448500,1532.96875,468.999175021405,468.652125002087,0.299214451207814,0.0628726247660463
132540300,1534.03125,469.161119799251,468.812181643255,0.299642487028613,0.0629620952742415
132633000,1535.10416666667,469.337020825577,468.986300412519,0.30007512334403,0.0630535282254912
132724800,1536.16666666667,469.522666757163,469.170305876041,0.300503844512846,0.0631448115117821
132817500,1537.23958333333,469.71974236426,469.36585157335,0.300937041495416,0.0632378974090903
132909300,1538.30208333333,469.921728774793,469.566448903137,0.301366440019978,0.0633308579427021
133002000,1539.375,470.129584620987,469.773029542893,0.30180050129975,0.0634254710638729
133093800,1540.4375,470.336567613077,469.978876096838,0.302230788483306,0.0635199654089761
133186500,1541.51041666667,470.544744160601,470.186032822927,0.302665480199376,0.0636165399617546
133278300,1542.57291666667,470.74920628175,470.389611772445,0.303096164307299,0.0637128627330167
133370100,1543.63541666667,470.952391186398,470.592040080103,0.303527527893253,0.0638100891161737
133462800,1544.70833333333,471.157928511551,470.796942493344,0.303963277732491,0.0639090951636696
133555500,1545.78125,471.366460175399,471.004969765111,0.304399317595114,0.0640089540186115
133647300,1546.84375,471.578971620589,471.217111187635,0.304831555193295,0.0641085477369602
133739100,1547.90625,471.800339076785,471.438238202448,0.305263906332717,0.0642090951788131
133831800,1548.97916666667,472.035026468284,471.672814807386,0.305701155235592,0.0643113598439012
133923600,1550.04166666667,472.279408248667,471.917217767212,0.306134357123931,0.0644132693811615
134016300,1551.11458333333,472.537787992317,472.175750939223,0.306571881688137,0.0645172426634996
134108100,1552.17708333333,472.803372098598,472.441617414302,0.307005742327524,0.0646207936216097
134199900,1553.23958333333,473.075983177894,472.714640243535,0.307439977774129,0.0647252379246204
134292600,1554.3125,473.355460313444,472.99466413185,0.307878766068365,0.0648315658573677
134384400,1555.375,473.633883862031,473.273758734951,0.308313589006968,0.0649374671040864
134477100,1556.44791666667,473.915187082227,473.555870717629,0.308753153110493,0.065045373049737
134568900,1557.51041666667,474.193724646497,473.835339410725,0.30918884837024,0.0651528899094915
134661600,1558.58333333333,474.476147383411,474.118834814453,0.309629246211253,0.0652624182184421
134753400,1559.64583333333,474.759241536615,474.403123019741,0.310065520484683,0.0653715161794643
134845200,1560.70833333333,475.048600457947,474.693807100228,0.310502192000672,0.0654814709316208
134937900,1561.78125,475.350090081979,474.99676826603,0.310943418408983,0.065593375250081
135029700,1562.84375,475.660226482434,475.308493539038,0.311380799854854,0.0657046780919563
135122400,1563.91666666667,475.986504680412,475.636507762498,0.311822850446603,0.0658180078320463
135214200,1564.97916666667,476.322772035156,475.974622975762,0.312261000870413,0.0659312195510681
135306900,1566.05208333333,476.674564280046,476.328409703555,0.312703687970288,0.0660460076405009
135398700,1567.11458333333,477.032977540066,476.688923956585,0.313142416027747,0.066160430522733
135491400,1568.1875,477.402271510619,477.060465073388,0.31358555539912,0.0662763283736381
135583200,1569.25,477.772361860704,477.432903809116,0.314024934482152,0.0663921416226601
135675900,1570.32291666667,478.147892203637,477.810929407076,0.314469043003339,0.0665100165441425
135767700,1571.38541666667,478.519795058979,478.185426404368,0.314909023369274,0.0666271713178857
135859500,1572.44791666667,478.891086508794,478.559434704742,0.315349327715392,0.0667451989717027
135952200,1573.52083333333,479.266058740834,478.937275518846,0.315794631077876,0.0668652392436973
136044000,1574.58333333333,479.639260253528,479.313442519357,0.316236056597799,0.0669846727594577
136136700,1575.65625,480.020685876111,479.697988518574,0.316681858995436,0.0671057380346124
136228500,1576.71875,480.405813601937,480.086330206347,0.317123750251905,0.0672265057241171
136321200,1577.79166666667,480.804698828089,480.488584428443,0.317570290874043,0.0673492157142221
136413000,1578.85416666667,481.21107366889,480.898415521805,0.318012926384543,0.0674715066229614
136504800,1579.91666666667,481.628887750257,481.319802416957,0.318455672273658,0.0675944122747658
136597500,1580.98958333333,482.061150439619,481.75578829876,0.318903298782254,0.0677190157315218
136689300,1582.05208333333,482.497151056118,482.195587630403,0.319346796759889,0.0678432407911885
136782000,1583.125,482.942553454557,482.644936983164,0.319795067493253,0.0679690625117848
136873800,1584.1875,483.385979977855,483.0923811131,0.320239493555325,0.0680942547283192
136966500,1585.26041666667,483.834087235636,483.544655410887,0.32068840735825,0.0682215446310891
137058300,1586.32291666667,484.277298449491,483.992102688392,0.321133419777058,0.068347976001072
137151000,1587.39583333333,484.72473248505,484.443925778516,0.321583051834938,0.0684764354086144
137242800,1588.45833333333,485.169315588906,484.892966215208,0.322028711773842,0.0686041151840035
137335500,1589.53125,485.622266135504,485.350529816519,0.32247924557287,0.0687337507695021
137427300,1590.59375,486.077626804343,485.810568743127,0.322925484531104,0.0688626727325552
137519100,1591.65625,486.542422136218,486.280149879637,0.323372022128296,0.0689921252875244
137611800,1592.72916666667,487.023391962729,486.766058634188,0.323823726305548,0.0691233455999468
137703600,1593.79166666667,487.512218188287,487.259877399237,0.324271166149098,0.0692540131664021
137796300,1594.86458333333,488.01832435933,487.771123588092,0.324723159051602,0.0693865601246349
137888100,1595.92708333333,488.530570978211,488.288553955924,0.325171660229144,0.0695183450775886
137980800,1597,489.056728981978,488.820037544626,0.325624365589241,0.0696518105448367
138072600,1598.0625,489.58378857274,489.352458495169,0.326072900014093,0.0697845222350658
138164400,1599.125,490.113986413076,489.888103102493,0.326521810410466,0.0699175887540687
138257100,1600.19791666667,490.650141714192,490.429844626531,0.326975622194604,0.070052374431613
138348900,1601.26041666667,491.180352861634,490.965673211782,0.327425502510213,0.0701864872569165
138441600,1602.33333333333,491.714742020166,491.505821882184,0.327880153191599,0.0703223180232193
138533400,1603.39583333333,492.243951908898,492.040822180581,0.32833046660581,0.0704574361182177
138625200,1604.45833333333,492.775252130494,492.577999162539,0.328781097361381,0.0705927451251025
138717900,1605.53125,493.316589823949,493.125357644065,0.329236652346617,0.0707300462278603
138809700,1606.59375,493.860070400405,493.674883624251,0.329688237389187,0.0708662573710037
138902400,1607.66666666667,494.418264720713,494.239262652958,0.330144604058197,0.0710042765857202
138994200,1608.72916666667,494.981013206778,494.808210483098,0.330596753950519,0.0711416302660699
139086900,1609.80208333333,495.558634689073,495.392162639322,0.331053708285279,0.071280475093794
139178700,1610.86458333333,496.137992206899,495.977854996279,0.331506600705855,0.0714183128613547
139270500,1611.92708333333,496.721987669237,496.56824739267,0.331959828511374,0.0715565444796336
139363200,1613,497.31353927415,497.166319741606,0.332417744321701,0.071696279363307
139455000,1614.0625,497.898748368922,497.758046151611,0.332871699375453,0.0718352272659321
139547700,1615.13541666667,498.487570719131,498.353510547187,0.333330469582786,0.0719758819422768
139639500,1616.19791666667,499.068256480442,498.940834945318,0.333785337741352,0.0721157501299596
139732200,1617.27083333333,499.653100480588,499.532445113766,0.334244727105732,0.0722570386387512
139824000,1618.33333333333,500.232663072818,500.118770159635,0.334700337216095,0.0723973959382724
139916700,1619.40625,500.820908014331,500.713905517398,0.33516052931294,0.0725395596223979
140008500,1620.46875,501.409157588489,501.30903749767,0.335616720081642,0.0726804423966918
140100300,1621.53125,502.005517087764,501.912334577924,0.336072914119845,0.0728217414103977
140193000,1622.60416666667,502.617664665836,502.531539206894,0.336534172616446,0.0729644556077713
140284800,1623.66666666667,503.234371904644,503.155280772621,0.336990973865528,0.0731063047194756
140377500,1624.73958333333,503.867218266245,503.795271271072,0.337452994203375,0.0732498137597742
140469300,1625.80208333333,504.502314392313,504.437477659506,0.337910661199608,0.0733920013563082
140562000,1626.875,505.149645909148,505.092020842609,0.338373374393334,0.0735359104234972
140653800,1627.9375,505.793791665913,505.743336745092,0.33883195550126,0.0736786201755135
140746500,1629.01041666667,506.444594712102,506.401407439721,0.339295448770125,0.0738230922701253
140838300,1630.07291666667,507.087295613123,507.051332055865,0.339754533745751,0.0739663338263868
140931000,1631.14583333333,507.733425958583,507.704784341386,0.340218350858514,0.0741108444684175
141022800,1632.20833333333,508.370682877832,508.349319957668,0.340678218337959,0.0742541977883049
141114600,1633.27083333333,509.006831947654,508.992775628536,0.341138248495011,0.0743976661525625
141207300,1634.34375,509.650485618175,509.643834900587,0.341603428248344,0.0745429630059711
141299100,1635.40625,510.291785701091,510.292493331346,0.342064296721929,0.0746871568812164
141391800,1636.47916666667,510.945549900697,510.953708881291,0.342530317396842,0.0748326701726551
141483600,1637.54166666667,511.600285158334,511.615838606877,0.342992067734495,0.0749767845938891
141575400,1638.60416666667,512.26217853691,512.285136697653,0.343454151841591,0.0751210710532942
141668100,1639.67708333333,512.936384186463,512.966824893683,0.343921037690908,0.0752666762601718
141759900,1640.73958333333,513.60741450507,513.645265902554,0.344383814659841,0.0754110894916949
141852600,1641.8125,514.285546542215,514.330879678725,0.344851375700548,0.0755569097063732
141944400,1642.875,514.954904929845,515.007644323215,0.345314940944567,0.0757016679749802
142036200,1643.9375,515.620037540193,515.680179914893,0.345778810729983,0.0758463206004149
142128900,1645.01041666667,516.286351738563,516.353966793677,0.346247224775241,0.0759919462721806
142220700,1646.07291666667,516.941041572858,517.016054877542,0.346711709441831,0.0761365462264415
142313400,1647.14583333333,517.598215644277,517.680698392134,0.347181138025776,0.0762827574466844
142405200,1648.20833333333,518.247247877401,518.337125583182,0.347646109034541,0.0764278061722194
142497000,1649.27083333333,518.897140903423,518.994409620521,0.348111633986269,0.076572597900569
142589700,1650.34375,519.556961168464,519.661686412238,0.348582247421621,0.0767188898398107
142682400,1651.41666666667,520.222613211893,520.334784169955,0.349053126045567,0.0768650881937707
142774200,1652.47916666667,520.888940740217,521.008469095912,0.34951972658242,0.0770099584123186
142866000,1653.54166666667,521.562665301597,521.689529756308,0.349986811203862,0.0771547943451474
142958700,1654.61458333333,522.249616964467,522.383862733717,0.350458511881521,0.0773009540643374
143050500,1655.67708333333,522.934543742342,523.076067964177,0.350926252600018,0.0774458867358389
143143200,1656.75,523.628207490667,523.777046441711,0.351398880449188,0.0775919049632752
143235000,1657.8125,524.314265380569,524.470311044035,0.351867314243685,0.0777366309505515
143327700,1658.88541666667,525.003583532702,525.166868209026,0.35234054542305,0.0778826069383162
143419500,1659.94791666667,525.681075699073,525.851491174192,0.352809428547684,0.0780272867938754
143512200,1661.02083333333,526.359548758263,526.537127148358,0.353283358438485,0.0781729106101661
143604900,1662.09375,527.033219799341,527.217923419254,0.353757725504663,0.0783184375655838
143696700,1663.15625,527.697611514608,527.88933342526,0.35422786139381,0.0784625329372544
143788500,1664.21875,528.361846514166,528.560547257085,0.354698550859983,0.0786062610519174
143881200,1665.29166666667,529.034944845389,529.240649562195,0.355173796763101,0.078751587911007
143973000,1666.35416666667,529.705570093749,529.918163557388,0.355644918931279,0.0788954443398366
144065700,1667.42708333333,530.387411310778,530.60690838947,0.356121134748726,0.0790403730309029
144157500,1668.48958333333,531.066429755676,531.292706488246,0.356592881656189,0.0791839077536501
144249300,1669.55208333333,531.747290256234,531.980285926706,0.357064956926144,0.079326905720401
144342000,1670.625,532.433992844571,532.673708661251,0.357542308040749,0.0794714896984275
144433800,1671.6875,533.110332680123,533.356637528582,0.358015192322479,0.0796142709463826
144526500,1672.76041666667,533.787010402714,534.039901556623,0.358493188645229,0.0797581650461993
144618300,1673.82291666667,534.449145798814,534.708492680466,0.358966771264372,0.0799005973397834
144711000,1674.89583333333,535.109044002281,535.374842914596,0.359445351302521,0.0800439141241572
144802800,1675.95833333333,535.754386670995,536.026508884386,0.35991946456265,0.0801856023517553
144894600,1677.02083333333,536.393165127734,536.671544583747,0.36039413186952,0.0803273897478495
144987300,1678.09375,537.033900250953,537.318530108275,0.360873864684706,0.0804703468293782
145079100,1679.15625,537.666852805221,537.957602737873,0.361349206914003,0.0806115209301045
145171800,1680.22916666667,538.307065233299,538.603921813403,0.361829742535202,0.0807540138588473
145263600,1681.29166666667,538.944133242198,539.246960624763,0.362305907455233,0.0808948104673269
145356300,1682.36458333333,539.591639488914,539.900414530973,0.362787042146838,0.0810367437636557
145448100,1683.42708333333,540.236916423192,540.551496142908,0.363263890643294,0.0811770423734123
145540800,1684.5,540.891319401983,541.211670617122,0.363745767441421,0.0813182155772565
145632600,1685.5625,541.539886467088,541.865860670649,0.364222965244053,0.0814575785535904
145724400,1686.625,542.186173065433,542.517675975594,0.364700641175511,0.0815966918915285
145817100,1687.69791666667,542.833645633438,543.170634484292,0.365183699719342,0.0817372051437488
145909800,1688.77083333333,543.473697194326,543.81607406053,0.365667081890789,0.0818772500383788
146001600,1689.83333333333,544.099108759521,544.446724829028,0.366146033702911,0.0820155597595846
146094300,1690.90625,544.722398202943,545.075207370433,0.366630006986167,0.0821549120952874
146186100,1691.96875,545.333006451387,545.690861253217,0.367109642937443,0.0822926387244338
146278800,1693.04166666667,545.945372532886,546.308223132507,0.36759436318325,0.0824313151857496
146370600,1694.10416666667,546.550298875544,546.917996269456,0.368074591937504,0.0825682237012917
146462400,1695.16666666667,547.155992203385,547.528433349726,0.368555319710131,0.0827048325108388
146555100,1696.23958333333,547.769693356541,548.146816837501,0.369041075111793,0.0828426648084439
146646900,1697.30208333333,548.379485482661,548.761135525375,0.369522549872983,0.0829785933158168
146739600,1698.375,548.996034183526,549.382140699084,0.370009062433278,0.0831155451538478
146831400,1699.4375,549.605092134865,549.995496041806,0.37049101299716,0.0832506292844613
146924100,1700.51041666667,550.215738302209,550.610363072145,0.370978273835832,0.0833870122290797
147015900,1701.57291666667,550.81326317324,551.211949283529,0.371460845435962,0.0835212401094896
147108600,1702.64583333333,551.406976402796,551.809643408455,0.371948714355352,0.0836563789303916
147200400,1703.70833333333,551.983851896125,552.39034182347,0.372432369411665,0.0837902849072039
147293100,1704.78125,552.554820184594,552.965049774932,0.372921008221455,0.0839249145484838
147384900,1705.84375,553.109594747613,553.523407667563,0.373405132712043,0.0840574364211684
147477600,1706.91666666667,553.66091100929,554.078220264962,0.373894317999041,0.0841908773626365
147569400,1707.97916666667,554.2006108234,554.621260167898,0.374379387714396,0.0843230782459521
147662100,1709.05208333333,554.742121776707,555.166018548758,0.374869573070589,0.0844560487545595
147753900,1710.11458333333,555.277487503399,555.704473722247,0.375355353612071,0.0845872613697827
147846600,1711.1875,555.819051134907,556.249026897412,0.375846253595275,0.0847196500902057
147938400,1712.25,556.357016425392,556.789821365002,0.376332615733633,0.084849842880322
148031100,1713.32291666667,556.901373872253,557.336900833438,0.376824157505139,0.0849812149265251
148122900,1714.38541666667,557.439814137248,557.877901304561,0.377311257614298,0.0851107421568559
148215600,1715.45833333333,557.980267629551,558.42080203802,0.377803214497106,0.0852407690583644
148307400,1716.52083333333,558.509329092771,558.952149373589,0.378291058591233,0.085369491171922
148399200,1717.58333333333,559.029693286235,559.474661906573,0.378779248753527,0.0854979190807447
148491900,1718.65625,559.544628872499,559.991626884072,0.379272534415994,0.0856269877033617
148583700,1719.71875,560.043753035227,560.492621549166,0.379761494286539,0.0857544850113822
148676400,1720.79166666667,560.537878503448,560.988494563304,0.380255389541531,0.0858823154450375
148768200,1721.85416666667,561.01957159669,561.471777283269,0.380745152028893,0.0860089671494892
148860900,1722.92708333333,561.501093669488,561.954760925752,0.381239942600834,0.086136292849468
148952700,1723.98958333333,561.975827683655,562.430798656889,0.381730278672512,0.0862617954945358
149044500,1725.05208333333,562.450508328996,562.906638678378,0.382220989281131,0.0863869288926697
149137200,1726.125,562.930737134498,563.387890533594,0.382716677336629,0.0865127059161474
149229000,1727.1875,563.406829047904,563.864848347527,0.383208093286813,0.0866369408731722
149321700,1728.26041666667,563.886524468892,564.345268817736,0.383704719168193,0.0867622304002809
149413500,1729.32291666667,564.358033769167,564.81734779935,0.384196863986951,0.0868856783880264
149506200,1730.39583333333,564.827647158396,565.287386367265,0.384694437688182,0.0870101366015086
149598000,1731.45833333333,565.28340339139,565.743414710746,0.385187424289211,0.0871329438981466
149690700,1732.53125,565.731932927588,566.192068201075,0.385685500342322,0.0872564603136769
149782500,1733.59375,566.163206190342,566.623314449681,0.386178974604468,0.0873784382295106
149874300,1734.65625,566.58150426328,567.041435303345,0.386672782623676,0.0874996465950054
149967000,1735.72916666667,566.991828611465,567.451427364742,0.387171957467986,0.087621594792774
150058800,1736.79166666667,567.388328675374,567.847445827615,0.387666495216711,0.0877419177515517
150151500,1737.86458333333,567.781594072769,568.240069446332,0.388166301580736,0.0878630300207574
150243300,1738.92708333333,568.166911570645,568.624596654708,0.388661536132588,0.0879821890764934
150336000,1740,568.554364888552,569.011095622662,0.389162167157373,0.0881024467170825
150427800,1741.0625,568.93798823113,569.393619267379,0.389658120991234,0.0882211672094496
150519600,1742.125,569.321826515845,569.776204100518,0.390154706191174,0.0883396824005616
150612300,1743.19791666667,569.708565793684,570.161522041152,0.390656277274141,0.0884586663914882
150704100,1744.26041666667,570.088493017088,570.539888498891,0.391153289910318,0.0885758314976894
150796800,1745.33333333333,570.46616016415,570.915825680216,0.391655588909974,0.0886941015661973
150889500,1746.40625,570.834887914887,571.282668827345,0.392158470836451,0.088812261922439
150981300,1747.46875,571.188993173026,571.634754625822,0.392656651121233,0.0889285550923205
151073100,1748.53125,571.531055738401,571.974644996624,0.393155012382266,0.089044301476566
151165800,1749.60416666667,571.864613561812,572.305853146777,0.393658854540795,0.0891610941575454
151257600,1750.66666666667,572.184884809582,572.623641597804,0.394158121109192,0.0892762497750615
151350300,1751.73958333333,572.500836433891,572.936928003462,0.39466256006315,0.0893918673245357
151442100,1752.80208333333,572.80935971665,573.242655254045,0.39516233429449,0.0895059000834687
151534800,1753.875,573.119298315044,573.549612663112,0.395667732370983,0.0896209957454606
151626600,1754.9375,573.426568461529,573.853775586468,0.396168400863447,0.0897344213229539
151718400,1756,573.734925330077,574.158872765076,0.396669564783637,0.0898477724845643
151811100,1757.07291666667,574.046848841943,574.467352022636,0.397175799707734,0.0899616165759828
151902900,1758.13541666667,574.354549562482,574.771492892829,0.397677608075904,0.0900741662358034
151995600,1759.20833333333,574.661438204993,575.074638088583,0.39818461143326,0.0901873977175106
152087400,1760.27083333333,574.958573542327,575.367920323295,0.398686982760365,0.0902990936156448
152180100,1761.34375,575.248892122765,575.654201178034,0.399194652718495,0.090411595886148
152271900,1762.40625,575.524536454325,575.925701406473,0.399698026011596,0.0905230136989084
152363700,1763.46875,575.787201267328,576.184076545245,0.400201703919901,0.0906340651740238
152456400,1764.54166666667,576.039352787522,576.431747512073,0.400710769616527,0.0907461297095747
152548200,1765.60416666667,576.277455494025,576.66526484263,0.401215090062078,0.0908564695909446
152640900,1766.67708333333,576.508619938871,576.891648586984,0.401724828520646,0.0909676378076011
152732700,1767.73958333333,576.731361255953,577.109506944587,0.402229680321462,0.0910770652274082
152825400,1768.8125,576.953073969267,577.326140071207,0.402740003406671,0.0911875062714609
152917200,1769.875,577.171789476167,577.539680342706,0.403245668622632,0.0912966206811349
153009900,1770.94791666667,577.392980224495,577.755502041566,0.403756887770974,0.0914067823002584
153101700,1772.01041666667,577.61208741441,577.969154227659,0.404263334813176,0.0915154979530974
153193500,1773.07291666667,577.829635932598,578.181113830111,0.404770190624213,0.0916240921669667
153286200,1774.14583333333,578.045091524718,578.390792699817,0.405282320299649,0.0917333978358738
153378000,1775.20833333333,578.251274594207,578.591125202322,0.405789777462546,0.09184137031914
153470700,1776.28125,578.449510152684,578.783322230538,0.406302493785941,0.0919500852491192
153562500,1777.34375,578.634192649107,578.961895104006,0.406810691396173,0.0920576705214225
153654300,1778.40625,578.806870165826,579.128332894876,0.40731925100914,0.0921650846954667
153747000,1779.47916666667,578.970059799802,579.285088471464,0.407833324173026,0.0922736919162038
153838800,1780.54166666667,579.122808357387,579.431333038891,0.408342657664463,0.092380876919626
153931500,1781.61458333333,579.271147384384,579.57297104442,0.408857387272846,0.0924890098490276
154023300,1782.67708333333,579.415392239985,579.710449671238,0.409367433063676,0.0925958252653525
154116000,1783.75,579.561202723334,579.849299142549,0.409882893001203,0.0927034848484947
154207800,1784.8125,579.707644036652,579.988723947846,0.410393644790862,0.0928099761455533
154299600,1785.875,579.856802277997,580.130748107641,0.410904910411775,0.0929165004320255
154392300,1786.94791666667,580.009548088717,580.276175689876,0.411421332390517,0.0930236493838478
154484100,1788.01041666667,580.161115367251,580.42038745983,0.41193308342912,0.0931297833567813
154576800,1789.08333333333,580.311792607477,580.563531689127,0.412450355679524,0.0932370996448521
154668600,1790.14583333333,580.455627170364,580.699804781745,0.412963205372989,0.0933434732851475
154761300,1791.21875,580.592539968552,580.828980923831,0.413481025705089,0.0934503953419234
154853100,1792.28125,580.717705709331,580.946385347648,0.413994421797057,0.0935565359400452
154944900,1793.34375,580.831463646223,581.05228216137,0.414508106157983,0.0936627712728474
155037600,1794.41666666667,580.935080112049,581.147858303092,0.415027293032603,0.0937700374235374
155129400,1795.47916666667,581.028198989839,581.232913312717,0.415541717746523,0.093875980555073
155222100,1796.55208333333,581.115371690346,581.311841116734,0.416061545718589,0.0939830632180515
155313900,1797.61458333333,581.198070218654,581.386275911597,0.416576560871474,0.0940890100440096
155406600,1798.6875,581.280890966113,581.460655934801,0.41709708366283,0.0941960615917101
155498400,1799.75,581.364258367973,581.53557481177,0.417612966998366,0.0943022321543413
155591100,1800.82291666667,581.450476330034,581.613176990464,0.41813427508073,0.094409475059289
155682900,1801.88541666667,581.537023079038,581.691114167895,0.418650961430929,0.0945159675478307
155774700,1802.94791666667,581.622613735176,581.768023534687,0.419168050125713,0.0946224519996127
155867400,1804.02083333333,581.705155637051,581.841730294432,0.419690459324991,0.0947300768054244
155959200,1805.08333333333,581.780067432652,581.907826967457,0.420208316667793,0.0948368573593566
156051900,1806.15625,581.846385928595,581.965178256522,0.420731328326918,0.0949445125764126
156143700,1807.21875,581.901520438543,582.011367223097,0.42124976517482,0.095051333826294
156236400,1808.29166666667,581.946625223968,582.047371909787,0.42177382528813,0.0951597428892386
156328200,1809.35416666667,581.982268853001,582.073937093034,0.422292845462831,0.0952667313529168
156420900,1810.42708333333,582.011735840961,582.094169762814,0.422817427138704,0.0953750128342633
156512700,1811.48958333333,582.037655020716,582.110879996438,0.423337436635301,0.0954827408429111
156605400,1812.5625,582.063865360893,582.127729857849,0.42386276129164,0.0955914828898483
156697200,1813.625,582.092673350972,582.14721293993,0.424383470293134,0.0956994397117624
156789900,1814.69791666667,582.126548605292,582.171622160009,0.424909510307721,0.0958085614099218
156881700,1815.76041666667,582.165481675478,582.2011391064,0.425430722034552,0.0959167977947965
156974400,1816.83333333333,582.209560060163,582.235674032766,0.425957419672055,0.0960261658005468
157066200,1817.89583333333,582.25607993151,582.272714490659,0.426479336293367,0.0961347840384437
157158900,1818.96875,582.303226227616,582.310264814931,0.427006823521825,0.096244925922193
157250700,1820.03125,582.347038117815,582.344554458927,0.427529492834536,0.0963541469720893
157342500,1821.09375,582.38517448967,582.373151352768,0.42805273938751,0.0964638343781742
157435200,1822.16666666667,582.415860833701,582.394187629797,0.42858151324759,0.0965750024237425
157527000,1823.22916666667,582.437681419941,582.406434552734,0.429105556058868,0.0966856045046509
157619700,1824.30208333333,582.451699802108,582.410767844387,0.429635047061154,0.0967977428853755
