elapsed_seconds,elapsed_days,earth_ssb_error_km,earth_heliocentric_error_km,saturn_ssb_error_km,saturn_heliocentric_error_km
95400,1.10416666666667,5.9450993116871e-05,5.79906449056237e-05,0.00261196744364082,0.00261054321867033
187200,2.16666666666667,0.000237349190213481,0.000231203531407549,0.00840164872810394,0.00840650354591521
279900,3.23958333333333,0.000553018340830346,0.000538247778498765,0.0258984081297632,0.0259111829492018
372600,4.3125,0.00102380565378981,0.000996325389491059,0.0234826434567672,0.0234797631788218
464400,5.375,0.00166175738911224,0.00161813691863366,0.0572699548613148,0.0573085923884578
557100,6.44791666666667,0.00249459331846491,0.00243234755023985,0.0947828572786986,0.0948048839000433
648900,7.51041666666667,0.00351668738417962,0.00343573302663101,0.136904957520102,0.136931451432012
741600,8.58333333333333,0.00474672110868313,0.00464938483182585,0.149910647985708,0.149906925768976
833400,9.64583333333333,0.00614133538463227,0.00603361597371526,0.21113063539016,0.211078256368729
926100,10.71875,0.00768927002234728,0.00758067270260458,0.170426741331552,0.170342213312294
1017900,11.78125,0.00930256164872797,0.00920627437002857,0.300502413511979,0.300378006192629
1110600,12.8541666666667,0.010943080413388,0.0108757050690849,0.262560514142937,0.262329949464602
1203300,13.9270833333333,0.0125262763551032,0.0125064882729581,0.285020485126545,0.284729042048248
1296000,15,0.0139932778215766,0.014040344330068,0.235590085712448,0.23525996187056
1388700,16.0729166666667,0.0153015927873391,0.015433740004949,0.238321419892179,0.238041568669113
1480500,17.1354166666667,0.0164156428439953,0.0166472776673536,0.0945892108903942,0.0942998402393396
1572300,18.1979166666667,0.0173373227422348,0.0176792464186581,0.248794416835947,0.248716404494997
1665000,19.2708333333333,0.0180727607621388,0.0185311389076861,0.190600550147535,0.19101551832123
1756800,20.3333333333333,0.0186170583756941,0.019188464514022,0.223967168984502,0.22458698185707
1849500,21.40625,0.0189938661711779,0.0196684405614636,0.207271561082777,0.207846595758417
1941300,22.46875,0.0192181240352376,0.019974333325602,0.355729977335984,0.356285519630313
2034000,23.5416666666667,0.019319209776655,0.0201266901225454,0.242417653638983,0.242601556861826
2126700,24.6145833333333,0.0193240164475311,0.0201405634776298,0.452177200922635,0.452494150684999
2218500,25.6770833333333,0.0192665613335267,0.0200400318090497,0.53769496480819,0.537500174501482
2310300,26.7395833333333,0.0191834147620195,0.0198525064023823,0.569830154604557,0.569274028380605
2403000,27.8125,0.0191149684601186,0.0196086213577409,0.428561872175885,0.427734480981369
2495700,28.8854166666667,0.019112424867196,0.0193560113275845,0.622084090034169,0.620950362761605
2587500,29.9479166666667,0.0192344143604813,0.0191589106124665,0.419094066791883,0.41777089468171
2680200,31.0208333333333,0.0195538217535548,0.0190965997313913,0.589454513751938,0.588012683751742
2772000,32.0833333333333,0.0201383517701247,0.0192710019311834,0.48976863967589,0.48861729826602
2864700,33.15625,0.021064591218893,0.019792663275638,0.4736725729622,0.473348585901521
2956500,34.21875,0.0223504111597629,0.0207365690686819,0.188330047470745,0.188519548228696
3049200,35.2916666666667,0.0240096297233537,0.0221545776149236,0.380932815722317,0.382078319261011
3141900,36.3645833333333,0.0259632757857714,0.0240004049439483,0.296290973989605,0.298248717580703
3233700,37.4270833333333,0.0280700007712108,0.0261420313914516,0.461147302813438,0.463238742949651
3326400,38.5,0.0302179765710878,0.0284651539441567,0.555518319610415,0.557235553339735
3418200,39.5625,0.032206949887298,0.0307554988424429,0.76779754593943,0.768600977230818
3510000,40.625,0.0339220969233762,0.0328848956096688,0.547723648915061,0.547591137040569
3603600,41.7083333333333,0.0352943115083472,0.0347778072533196,0.813609979563608,0.813606989308131
3695400,42.7708333333333,0.0362330012465136,0.036302913602775,0.682256003571855,0.680801612655568
3787200,43.8333333333333,0.0367846298346034,0.0374919004752775,0.909636687785478,0.907912050319305
3879900,44.90625,0.0370077192020813,0.038381655448488,0.911203943924005,0.908589152093819
3971700,45.96875,0.0369819959396131,0.0390058963499381,0.911088317196859,0.907934593224399
4064400,47.0416666666667,0.036803088884542,0.0394347561157656,0.463662491258253,0.460563536648591
4156200,48.1041666666667,0.036566010508571,0.0397103245731663,0.790932008296904,0.787867756419221
4248900,49.1770833333333,0.0363441577136425,0.0398736564743475,0.488743876811608,0.487196901132452
4341600,50.25,0.0361967918332719,0.0399388486295867,0.551235391640946,0.551137616826155
4433400,51.3125,0.0361556486490823,0.0399060447578946,0.553241441793881,0.555898122194236
4526100,52.3854166666667,0.0362299689910404,0.0397622076700123,0.785109799689343,0.789129455592569
4617900,53.4479166666667,0.0364150882852648,0.0394959969192657,0.50143922601018,0.50417504913203
4710600,54.5208333333333,0.0367078966993517,0.0390964375998453,0.72065305222934,0.724526601749933
4802400,55.5833333333333,0.0371075153456063,0.0385896872594949,0.870929816922774,0.873001522765073
4895100,56.65625,0.0376471589250548,0.0380201126571116,1.00027302863991,1.0015915913397
4986900,57.71875,0.0383674079829327,0.037498921384137,1.00725837146571,1.00644723569225
5081400,58.8125,0.0393789794300862,0.0371631604362402,1.37377515236066,1.37111412414244
5174100,59.8854166666667,0.040720618882655,0.0372222068955037,0.836064563335296,0.831715374546361
5267700,60.96875,0.0424914460230715,0.0378647887306254,1.13278598716117,1.12854644991295
5359500,62.03125,0.0446489048243249,0.0391945499702783,1.04710639669027,1.04142440876257
5452200,63.1041666666667,0.047192953173526,0.0412635900164786,1.14604544947812,1.1403104263053
5544000,64.1666666666667,0.0499379020903293,0.0439260277048108,0.798135661531044,0.793059209148978
5636700,65.2395833333333,0.0527295536136637,0.0470151756500787,0.966667959598556,0.965030796455229
5731200,66.3333333333333,0.0553356446674791,0.0502822877212736,0.449128055996917,0.453805918714595
5823000,67.3958333333333,0.0573851916814374,0.053276054549871,0.648597153020748,0.65099414407487
5915700,68.46875,0.0587682987967939,0.0558695321376794,0.684491894968638,0.691212475990993
6009300,69.5520833333333,0.0593434383104301,0.0578805650903164,1.04776661690478,1.05459747956499
6101100,70.6145833333333,0.0590923768236063,0.0591945762225568,0.931118600894917,0.93627403299511
6193800,71.6875,0.0581099832501949,0.0598909562680538,1.36268195891141,1.36655974368548
6285600,72.75,0.0565893265447307,0.0600606971842709,1.06194960930268,1.06021240785476
6378300,73.8229166666667,0.0547364072013499,0.0598564804909909,1.26851339431998,1.26860696164135
6470100,74.8854166666667,0.0528502945857298,0.0594416602273971,1.43734450950198,1.43446201536475
6562800,75.9583333333333,0.0511608579623383,0.0589533347189637,1.63482185494231,1.6286676249704
6654600,77.0208333333333,0.0499322730034271,0.0585074287398313,1.19947139507582,1.19126590259775
6747300,78.09375,0.0493084908997907,0.0581525207726312,1.60988909901395,1.60091452165268
6840000,79.1666666666667,0.0493836168046455,0.0579012466869153,0.858258258334237,0.849927832489855
6931800,80.2291666666667,0.0501304887943882,0.0577213530534997,0.996094487627123,0.987473547252069
7023600,81.2916666666667,0.0514579196175153,0.0575571408548025,1.01315050051782,1.0083407828529
7116300,82.3645833333333,0.0532599535900971,0.0573579450690922,1.2017706684425,1.20373249998291
7208100,83.4270833333333,0.0553765891435507,0.05710995715902,0.651178589776126,0.660775421698249
7300800,84.5,0.0577526115049531,0.0568457228436316,1.10407160046933,1.11423763513435
7393500,85.5729166666667,0.060313826889516,0.0566743697366927,1.05955396158927,1.06827959524972
7486200,86.6458333333333,0.063045398517339,0.0567688349283758,0.993690894909138,1.00307127754548
7578000,87.7083333333333,0.0659237074435272,0.0573282878699938,1.28835310840617,1.29460253177598
7670700,88.78125,0.0690047986845901,0.058551513085749,2.01111980003763,2.01330368545559
7763400,89.8541666666667,0.0722229471054227,0.0605398866426919,1.46178609210161,1.4576317084151
7855200,90.9166666666667,0.0754448392338844,0.0632318724592363,1.75662335780055,1.75195631808494
7947000,91.9791666666667,0.0785312766761903,0.0664709131724515,1.54334857209705,1.53299339582079
8039700,93.0520833333333,0.081272645186686,0.0700081072305581,1.63932454474919,1.62878070084622
8131500,94.1145833333333,0.0833449351471699,0.0734329921616352,1.53772760224644,1.52526423688228
8224200,95.1875,0.0845198548323668,0.076470020432346,1.88891710310965,1.8763786564827
8316000,96.25,0.0845629982316579,0.0787800934856582,1.04275940590687,1.0362030921065
8408700,97.3229166666667,0.0833604149765405,0.0802253087387065,1.18385194696901,1.17652648793795
8500500,98.3854166666667,0.0809503149867066,0.0807192639027665,0.807606256524954,0.814153070110331
8593200,99.4583333333333,0.0774407937288883,0.080338050205102,0.93538439249802,0.945179347183534
8685000,100.520833333333,0.0731866738576852,0.079261982728099,0.966078889266552,0.979912483638339
8777700,101.59375,0.0685140429805445,0.0777208040308397,1.72634896885452,1.74136627121865
8869500,102.65625,0.0640130363989079,0.0760257187795421,1.63028609027851,1.63711473831137
8962200,103.729166666667,0.0601660256315719,0.0744218094707133,1.59548848195131,1.60408245162125
9054000,104.791666666667,0.0576081286060689,0.0731687528086096,1.69092330556364,1.69249553426866
9145800,105.854166666667,0.0567379999273833,0.0724025319223578,1.85341804538162,1.85173895033586
9238500,106.927083333333,0.0577720043731832,0.072189321928622,1.83638007412724,1.82944840334288
9330300,107.989583333333,0.0605853055116206,0.0725155204445758,2.61597999482672,2.60492387702401
9423000,109.0625,0.0648932584849507,0.0733096644153746,1.74673117767766,1.72949779218257
9514800,110.125,0.0701837968971993,0.074454204835823,1.63793606348698,1.62051063912052
9607500,111.197916666667,0.0761443161605924,0.0758786980837133,1.53687919045169,1.51948821860248
9702000,112.291666666667,0.0824970423828406,0.0775515737638746,1.59043006288298,1.5753248144993
9793800,113.354166666667,0.0886597446745673,0.0793851876973364,0.98693618118395,0.979156675400508
9886500,114.427083333333,0.0946625113561871,0.0814843186553755,1.75291498046265,1.75537116485089
9978300,115.489583333333,0.100228099711005,0.0838642026604572,1.38285512493209,1.4015681268069
10071000,116.5625,0.105331571586636,0.086606472202531,0.965519833456413,0.985026803428832
10162800,117.625,0.109749289305152,0.0896308636498057,1.30036313111405,1.31900480741101
10255500,118.697916666667,0.113428559306505,0.0928798857377983,1.93713759951983,1.95423881276491
10347300,119.760416666667,0.116132487217254,0.0960849594795897,1.69703138732534,1.70599932834129
10440000,120.833333333333,0.117715130301612,0.0990315942601199,2.48748242026236,2.49387810828344
10528200,121.854166666667,0.11795380608709,0.101285782770564,2.54141591605615,2.53252676522377
10620900,122.927083333333,0.116680429404928,0.102803233675555,1.9999907667588,1.99089803905451
10712700,123.989583333333,0.11373824605996,0.103232544591289,1.94109299845608,1.92642571992577
10805400,125.0625,0.109017138792443,0.102464585530897,2.53852268907636,2.51886355655399
10897200,126.125,0.102681419769427,0.100522260550408,1.91941069229368,1.89629024285903
11002500,127.34375,0.0936688697202106,0.0970328653979494,2.40796579963674,2.38513141352195
11088900,128.34375,0.0852784151334123,0.0934390409609089,1.55374602326497,1.54454021092835
11175300,129.34375,0.0765148175807728,0.0895261085562956,1.14896694697299,1.14153997048158
11266200,130.395833333333,0.0676534358177489,0.0854813922275371,0.958309913968698,0.959144433531729
11354400,131.416666666667,0.0604281009068035,0.0820660250494804,1.54750204090871,1.55964341820675
11446200,132.479166666667,0.0556922662314955,0.0794878836656402,1.65597896150585,1.6813857238971
11549700,133.677083333333,0.0552947703423446,0.0782218001269967,1.99301634921634,2.01876758824569
11650500,134.84375,0.0603115469601858,0.0789121422438962,2.19808780910065,2.2125697948146
11747700,135.96875,0.0691430700248586,0.0813644387960336,1.94685718294072,1.95589825323328
11849400,137.145833333333,0.0810130639354934,0.0855796874444677,1.96148623081561,1.96707108048059
11942100,138.21875,0.0930719942226349,0.09059498498855,3.25076170082382,3.24583272265198
12037500,139.322916666667,0.105939291316338,0.0966065891372554,2.30446995566512,2.28847968088934
12127500,140.364583333333,0.117983950482533,0.102794977071043,2.91523851273375,2.8935098051948
12221100,141.447916666667,0.129960343664007,0.109493130531794,2.28405905081612,2.25544897960694
12315600,142.541666666667,0.141055261957239,0.116252169069391,2.06440631420038,2.03512494595091
12403800,143.5625,0.150149103944415,0.122307431783878,1.66316659217328,1.63348797763061
12492000,144.583333333333,0.157723836175181,0.127880048662361,2.49738925838534,2.4771902829116
12579300,145.59375,0.16348697820497,0.132696210196859,1.5031428349848,1.50533018861893
12680100,146.760416666667,0.167759641720212,0.137113705656516,1.6812623369195,1.69187696251098
12766500,147.760416666667,0.16924466495185,0.139704584487659,1.54939904563551,1.57989965425635
12855600,148.791666666667,0.168571308682475,0.141029384762435,1.73521249968731,1.76701223763904
12960000,150,0.164848420056005,0.140636667866872,1.33492177916452,1.36604638183472
13049100,151.03125,0.159136240061323,0.1385238195108,2.85115265046698,2.87801915973619
13152600,152.229166666667,0.149606480575073,0.133970519984384,2.49754987681016,2.50298106710684
13241700,153.260416666667,0.139022898904466,0.128312401169527,3.0093219687967,3.01130056362554
13334400,154.333333333333,0.125886634006768,0.120903745913327,2.63930407862669,2.62864153839343
13442400,155.583333333333,0.10829688463701,0.110736728596109,2.68004317980395,2.65685232585881
13538700,156.697916666667,0.0911667357262285,0.100856370001266,2.57384035182852,2.5510395244345
13630500,157.760416666667,0.0744323965415281,0.0914201903195252,3.58494379351838,3.54976113260648
13730400,158.916666666667,0.0574748809133493,0.0821305023043792,2.1504049403711,2.11520713517167
13832100,160.09375,0.0453809648769766,0.0750695341184917,1.9143684771205,1.88810015607735
13928400,161.208333333333,0.0443546066050076,0.0719409816339757,1.63124120666129,1.6155659421347
14015700,162.21875,0.0533904627666133,0.0728340767977464,1.48685794659542,1.50126577540834
14110200,163.3125,0.0697061275993052,0.0778321467373811,1.5016506951769,1.50711660562342
14204700,164.40625,0.0891331068246483,0.0863671305847764,2.58474009593072,2.62266917879581
14299200,165.5,0.10981543690775,0.097503219659416,2.1513338650327,2.18722452771806
14390100,166.552083333333,0.130032694937258,0.109863779620991,2.40906670763379,2.43740497673174
14479200,167.583333333333,0.149636558099719,0.122933878775084,2.36706694778324,2.39184486405961
14576400,168.708333333333,0.170255533056873,0.137666633134041,2.89174956167787,2.89346932463231
14666400,169.75,0.188105799914514,0.151205752844725,2.93168944682718,2.93934466603701
14753700,170.760416666667,0.203739940449,0.16372393509945,4.01070034411789,3.99457345575638
14841900,171.78125,0.217297140275064,0.175225406861133,3.09330496059333,3.0618361107942
14932800,172.833333333333,0.228353315944221,0.185321657590654,2.93520741766089,2.89597438357738
15031800,173.979166666667,0.236476871039777,0.193705191887536,2.79934631106844,2.75912979368703
15122700,175.03125,0.240010939092831,0.198598987295463,2.51379130050196,2.47310002566329
15215400,176.104166666667,0.23962206477314,0.200588054388125,2.07307124204994,2.0314892948299
15322500,177.34375,0.23422655259837,0.199017310415606,2.70355434205965,2.69625467927327
15420600,178.479166666667,0.224860101651031,0.194011241015773,1.85151257441142,1.87163462560587
15508800,179.5,0.213091957710397,0.186755261560167,1.4747450428585,1.51881028569932
15605100,180.614583333333,0.196956048967538,0.176095772213244,1.90234038807533,1.94516554099589
15704100,181.760416666667,0.17720627053846,0.162494994130215,2.53391195175138,2.57448888659381
15790500,182.760416666667,0.157746531930464,0.148773901851723,2.37533991255546,2.41832462648902
15885000,183.854166666667,0.134595392159838,0.13222813692447,3.65320565744391,3.67357291105033
15981300,184.96875,0.109710298191596,0.11430720786749,3.56384595832458,3.5655287812778
16074000,186.041666666667,0.0856077952814117,0.096839992171155,2.84375814052462,2.82781022750446
16168500,187.135416666667,0.0631092487439518,0.0800568409165913,3.56285438629957,3.54976780808951
16272000,188.333333333333,0.0475157630117067,0.0654031539778854,3.1667764265894,3.12466247100972
16373700,189.510416666667,0.0520098350979958,0.0589729545530484,3.69846876825505,3.65246554330139
16466400,190.583333333333,0.0709163050123463,0.0628947348998839,3.2186310415938,3.16814085923108
16552800,191.583333333333,0.0940476633505058,0.0740568612057424,2.63613630250887,2.59412878421014
16647300,192.677083333333,0.12166774796194,0.0915730169727963,1.19973677109219,1.17456489619098
16738200,193.729166666667,0.149054233757391,0.111378530743005,2.53086656123923,2.50937270201725
16834500,194.84375,0.1781319729534,0.134058868996648,1.84849070257571,1.88237027610613
16929900,195.947916666667,0.20640878417244,0.157340073610233,2.19821070473957,2.24188647007371
17025300,197.052083333333,0.233537416735834,0.180693502411493,2.7337062207629,2.78757173566788
17120700,198.15625,0.258761931948229,0.203351441634436,3.2789300590456,3.32390965810794
17220600,199.3125,0.282130282295289,0.225360616260232,1.98235644866768,2.01189842407652
17307900,200.322916666667,0.299085622698668,0.242267185314384,3.7480323315708,3.77781408037151
17406000,201.458333333333,0.313291267689781,0.257680552867663,3.68757424393351,3.68359441362282
17496900,202.510416666667,0.321161466456024,0.267806885201573,4.16621966897108,4.1520140687975
17588700,203.572916666667,0.323550060347354,0.273476153647418,3.69551008565917,3.65922300052242
17692200,204.770833333333,0.319520118196763,0.274169909910739,3.75320256774031,3.69789517599219
17783100,205.822916666667,0.310423459099382,0.269939488220322,2.33904485832674,2.28433239534805
17871300,206.84375,0.297112631007581,0.261837346111533,3.80606771905332,3.7462230049886
17961300,207.885416666667,0.279544100038108,0.249940451728516,2.62996299046928,2.58276091189014
18057600,209,0.256971167379343,0.233687500330521,2.7022796030216,2.67905734360993
18158400,210.166666666667,0.229968433212787,0.213399569833437,2.0499947492315,2.05880301913126
18252000,211.25,0.202582349917723,0.192131381855467,2.53240062226767,2.58520188944515
18350100,212.385416666667,0.172418685589395,0.167928139925594,1.10184080876345,1.16421959558026
18452700,213.572916666667,0.14066282285044,0.141255085314115,3.4088803933506,3.47199510165528
18544500,214.635416666667,0.114031056430464,0.117041485462134,3.39925163967681,3.45047410115144
18631800,215.645833333333,0.0933475461843244,0.0948473562721186,3.83242876541103,3.86165667652949
18725400,216.729166666667,0.081767836582742,0.074306981712205,3.58070929681387,3.59589787829202
18832500,217.96875,0.0884179997198178,0.0613753606835992,4.19384611337226,4.16961930002359
18930600,219.104166666667,0.110283562216813,0.0664324746020374,3.45084560375823,3.43800374996887
19028700,220.239583333333,0.140178781493656,0.0856893307012235,4.5771523069114,4.5293854684572
19121400,221.3125,0.1718218312741,0.110864458013171,4.12808714233268,4.06432951192569
19214100,222.385416666667,0.20482653335765,0.139289017834578,3.26347851596096,3.19608101113571
19307700,223.46875,0.238423237745337,0.169590294504539,3.23075577846483,3.16390218119426
19403100,224.572916666667,0.272074128072205,0.201078033919548,2.21375438791725,2.19297583450723
19496700,225.65625,0.303660847962518,0.23169243888813,1.96036961439684,1.92299742959757
19587600,226.708333333333,0.332067254744729,0.260271964094959,2.86678075784773,2.89239541502512
19674900,227.71875,0.356283125792989,0.285722145746572,2.86761207006244,2.92727857539872
19776600,228.895833333333,0.379367383863996,0.311582517493109,2.85688872036044,2.92426229870659
19864800,229.916666666667,0.393808204917003,0.329572533475711,2.96720616138265,3.03740563762692
19961100,231.03125,0.402699590738873,0.343460075159601,3.6930881011051,3.73281504712657
20057400,232.145833333333,0.403913109845695,0.350680642042481,3.22799820179459,3.27201602736872
20160900,233.34375,0.396734894340509,0.35083887204638,4.60370231167451,4.6103448535386
20259900,234.489583333333,0.382309040121636,0.344017545659217,5.30046044548026,5.27291945311317
20353500,235.572916666667,0.362798575192256,0.331991698109224,3.57813234160985,3.52452524235174
20445300,236.635416666667,0.339087068515171,0.315699164567367,4.43069960104253,4.37305967304598
20538000,237.708333333333,0.311502872085174,0.295488471403627,3.32545867921121,3.24813601566127
20625300,238.71875,0.283013609009481,0.273633010290309,3.69863017895803,3.62081132835465
20717100,239.78125,0.251295009369692,0.248286142699795,3.42608420183976,3.35589579009686
20809800,240.854166666667,0.218427075623388,0.220786196835895,3.54116118948211,3.51105209504531
20903400,241.9375,0.185718771706661,0.191657095777757,1.97053734810067,2.01711471414646
20989800,242.9375,0.15770394731169,0.164162696114962,2.18354181892615,2.20683399089799
21088800,244.083333333333,0.131674579979805,0.133073531013854,2.52805597979945,2.60901811833699
21177000,245.104166666667,0.118599133128281,0.107619545178896,2.74361698768438,2.82576121997527
21275100,246.239583333333,0.120270057917316,0.0862872602822539,3.68110997733328,3.75628024113403
21368700,247.322916666667,0.137570879757484,0.0801379409520979,4.96526157555942,5.01923274129836
21461400,248.395833333333,0.165145811130897,0.0920071821698155,3.90633718778126,3.90517278083481
21564000,249.583333333333,0.202314782937172,0.12036565227054,4.61214819635095,4.62171656023777
21655800,250.645833333333,0.238382599952559,0.152737606551931,4.48287531677531,4.4520325052718
21749400,251.729166666667,0.276027204379496,0.188887118424871,4.77728187444979,4.73036293410676
21835800,252.729166666667,0.310443833452075,0.223390237419,4.50171936806507,4.43034206494973
21927600,253.791666666667,0.345653534024715,0.260015688173684,5.27272112326423,5.18579501887883
22023000,254.895833333333,0.379645507162417,0.29683936412344,2.53650849851029,2.45869569206642
22109400,255.895833333333,0.407085527407374,0.328011783763008,3.03500136923906,2.95063762001192
22198500,256.927083333333,0.430937055956224,0.356851410152789,2.84521607723628,2.80662976655625
22290300,257.989583333333,0.449634337172711,0.381849161387687,2.81547363269443,2.81045033384272
22392900,259.177083333333,0.46222749581461,0.402758048712878,2.36023613546419,2.42143113183867
22494600,260.354166666667,0.465229430634172,0.415117582038661,4.16241262028403,4.25248514848042
22590000,261.458333333333,0.459360243444589,0.418774568690143,3.08754078560171,3.1598178654092
22677300,262.46875,0.447058697258684,0.415585989566728,3.35476177701849,3.44065794555172
22774500,263.59375,0.426480693024665,0.40533135547416,4.11648182971572,4.17239712925309
22860900,264.59375,0.403068749411832,0.391033692347022,5.24028966278267,5.26943042807519
22968000,265.833333333333,0.368769160281747,0.367656162042028,4.73077728579146,4.72695326114943
23057100,266.864583333333,0.336880893237871,0.344281930572454,6.05882283622653,6.01546308077295
23143500,267.864583333333,0.303938429942263,0.318830475215335,3.85679620308897,3.77595031817602
23230800,268.875,0.269446258971981,0.290794879805116,4.43919535866914,4.36542838197519
23321700,269.927083333333,0.233235385897188,0.259547739723517,4.34232196744307,4.2482285332663
23410800,270.958333333333,0.19880065175438,0.22729545024236,4.53556886297535,4.43912094422008
23500800,272,0.167275416242286,0.193619433285844,2.9724743159507,2.90042018126454
23595300,273.09375,0.141779438424652,0.15807796784275,3.87147355514137,3.8303398659353
23694300,274.239583333333,0.130128993212019,0.123081953524846,2.25293915738746,2.32659005451223
23789700,275.34375,0.138229577421493,0.0971362430171122,2.16764235742186,2.23216521218961
23881500,276.40625,0.161765992437458,0.0891484896763674,3.01217805279818,3.10768795666123
23978700,277.53125,0.19718450726925,0.10535210331889,4.70426254518928,4.80566032362471
24071400,278.604166666667,0.236054475541719,0.137420193002825,3.71808578332214,3.79170497542869
24170400,279.75,0.279578273167274,0.179917077037919,5.64252221036569,5.69677216015068
24270300,280.90625,0.323240019130055,0.225988672216252,4.32013336487157,4.31881356677824
24365700,282.010416666667,0.363039386928645,0.270237445739863,4.82642586234449,4.82341789494751
24466500,283.177083333333,0.401569063808687,0.31529995769174,5.51730994008253,5.4841991081978
24565500,284.322916666667,0.434457173332213,0.356228980634212,5.79551170905369,5.70237085309982
24652800,285.333333333333,0.458265566752115,0.388357651441204,4.21769256929661,4.11977778359319
24750900,286.46875,0.478054451124692,0.418753899194002,4.79595491671428,4.68746245793785
24837300,287.46875,0.488582069843739,0.439596026921813,2.7038299986656,2.60585341655658
24935400,288.604166666667,0.492117555832857,0.455735334727287,3.00065705083533,2.92502555889679
25033500,289.739583333333,0.4866030269727,0.463486865430151,3.7019175447607,3.66481088573652
25119900,290.739583333333,0.47460866298616,0.463454273662445,4.13127558236599,4.20682994168166
25206300,291.739583333333,0.456579430922593,0.4573957253618,2.53100071578299,2.63913175614037
25300800,292.833333333333,0.430909015383065,0.444555029297305,4.28313551159098,4.39747123166452
25391700,293.885416666667,0.40138536713693,0.42685511173819,3.5117468128626,3.60979078417909
25497000,295.104166666667,0.362562418353863,0.400766650528157,4.14941233352657,4.22875844805271
25587000,296.145833333333,0.32642346828674,0.374396882140254,5.35444150239044,5.42529261251101
25684200,297.270833333333,0.285261256454214,0.342237681145983,6.71529235645791,6.70691795752893
25776900,298.34375,0.244818780380949,0.308347310274235,4.68353912343482,4.65587600837466
25867800,299.395833333333,0.205127520334751,0.27229751540387,5.65918745287344,5.58951117988324
25961400,300.479166666667,0.166138460665166,0.232512747711451,4.81542140944986,4.72463343693464
26057700,301.59375,0.132207065437915,0.189238076491441,4.53077970776597,4.41783947854824
26154000,302.708333333333,0.113005641386317,0.144769587550429,5.36101858703623,5.24053466492035
26243100,303.739583333333,0.116791349149625,0.10542018331359,4.89193550571047,4.81321257441495
26346600,304.9375,0.14568901393428,0.0735448270832501,2.64870353300095,2.59451360408501
26449200,306.125,0.188727535981151,0.0819982482226449,2.83273282145141,2.87207906228505
26542800,307.208333333333,0.232790527054602,0.119995918470412,2.91375426003756,2.99718273306877
26634600,308.270833333333,0.27669280714866,0.166915746789939,2.97259581764755,3.09654143765441
26728200,309.354166666667,0.319907207501536,0.217002335448248,4.93626595667411,5.06196853996707
26829900,310.53125,0.363235108052989,0.270367853017005,5.56484162106595,5.6462629334943
26920800,311.583333333333,0.397507333814866,0.315314506140823,4.5553602295462,4.62325590730893
27020700,312.739583333333,0.429182153470664,0.360267118884458,5.07896428517226,5.10668178490179
27113400,313.8125,0.452101809799378,0.396766300650902,6.15362846163243,6.15125592072293
27214200,314.979166666667,0.469176879498942,0.429781403379465,5.12272780124581,5.07992117704564
27305100,316.03125,0.477105945970421,0.452930639249198,7.2082562291419,7.124759878378
27396000,317.083333333333,0.477776503320678,0.469384188049859,5.34515761624197,5.21540138296981
27487800,318.145833333333,0.471211120195039,0.47904516102524,4.31423540699135,4.18238132951701
27579600,319.208333333333,0.457788452071701,0.481815704987113,3.59235390579775,3.46133615135572
27666900,320.21875,0.43927248418731,0.478361707694561,4.36816192846369,4.26613751420688
27765000,321.354166666667,0.412675289448203,0.467940461188449,2.65644321947403,2.6283580212024
27862200,322.479166666667,0.381295778610283,0.451449645861901,4.49467275888116,4.52432521380551
27948600,323.479166666667,0.350011827863253,0.432168068498809,4.24925685361199,4.38092662353353
28044000,324.583333333333,0.312540650160937,0.406298041293387,3.5423639099675,3.67987363942074
28133100,325.614583333333,0.27540120308015,0.378108983521328,3.43843993126187,3.57110403647289
28219500,326.614583333333,0.237980867365739,0.347234138826092,5.44138124467974,5.5638729229546
28305900,327.614583333333,0.199852964024677,0.312952871553121,5.42349199836739,5.48709291866266
28392300,328.614583333333,0.162144544581078,0.275296732102246,6.16447048951023,6.22930956383156
28490400,329.75,0.122946234878814,0.228503876838155,6.88312874482928,6.85141503362064
28576800,330.75,0.0980431043812348,0.183893309611507,5.58597356962835,5.52286375727504
28666800,331.791666666667,0.0931005383472332,0.134490405503295,4.96475736255095,4.87854940157895
28757700,332.84375,0.113955234949351,0.0829086123428574,6.41107519422859,6.30678778131639
28865700,334.09375,0.158232364701856,0.0326342680456497,4.77393155910825,4.62915926908978
28959300,335.177083333333,0.202651970412202,0.0590912847839269,5.26300569787418,5.11998335033105
29049300,336.21875,0.24579458738433,0.112049035771976,4.39575712490284,4.32207746031863
29148300,337.364583333333,0.290804346949774,0.172051617856705,2.96204048577793,2.96054807257734
29243700,338.46875,0.329820514698352,0.227605881804329,1.9126334509233,1.967245877169
29341800,339.604166666667,0.364098482624987,0.280544289437731,4.72370890802625,4.82791004831852
29430000,340.625,0.389114762410239,0.323514744017553,4.37817203449815,4.5277076055388
29527200,341.75,0.409854353124176,0.36507585133047,5.16562068635567,5.31242753477585
29619900,342.822916666667,0.422784422233472,0.398628678387922,5.86039408271973,5.95752720721253
29721600,344,0.429320192100921,0.428331097767421,5.80317887791457,5.85511425484628
29815200,345.083333333333,0.428497737969423,0.448992791847744,4.78607188303255,4.83128808513706
29912400,346.208333333333,0.42113024593751,0.463689507781215,7.88158675460959,7.86580160149762
30005100,347.28125,0.408460372283412,0.471396616943561,6.12347406789847,6.03317477415732
30097800,348.354166666667,0.390922409101935,0.473131193316228,6.72901187973871,6.61105884271752
30186900,349.385416666667,0.370138230342476,0.469402528612766,5.40059061804431,5.24976492804335
30278700,350.447916666667,0.34540887642799,0.460305505631856,4.73938018326709,4.58353639526209
30376800,351.583333333333,0.316081498340925,0.445012244177803,3.47056204947387,3.31303443568791
30466800,352.625,0.287283093200792,0.426186740142736,5.57549091702208,5.47114064212588
30572100,353.84375,0.252290787501904,0.398610285297391,3.39704120896206,3.44007568129974
30662100,354.885416666667,0.222286825881637,0.37046076906534,4.01992527322745,4.12866147085421
30760200,356.020833333333,0.191080060604212,0.335095798371196,3.89581670026785,4.05267817636644
30863700,357.21875,0.162849856908725,0.292629878996769,4.67838346482487,4.83058513029156
30961800,358.354166666667,0.145212188671378,0.247739117730364,4.25252016757938,4.41196332893418
31057200,359.458333333333,0.141676674809094,0.200277107699521,7.55638060218254,7.65816822420558
31149900,360.53125,0.153102449345079,0.151723055584651,6.51308299875668,6.55279058587855
31236300,361.53125,0.174640843516677,0.106940923360948,6.6901229016827,6.67804755522077
31322700,362.53125,0.202699379049592,0.0708198099279137,6.30953657997693,6.26693086854515
31414500,363.59375,0.235595621140316,0.0676166539348939,6.44038442791417,6.32681862314438
31502700,364.614583333333,0.267094333077636,0.102622265725972,5.3722836709965,5.26889130122795
31589100,365.614583333333,0.295636845711048,0.148435469226696,7.49728054103952,7.33754861893434
31682700,366.697916666667,0.322202791019964,0.199312588496875,5.34898671532414,5.1854137293375
31774500,367.760416666667,0.342711891779282,0.246562307769328,4.37610195540885,4.25111066642265
31868100,368.84375,0.357407085445279,0.290264880972699,3.199246408747,3.10640653717838
31959000,369.895833333333,0.365649153670137,0.327631153470614,4.06680548573064,4.11457381961186
32047200,370.916666666667,0.368297872314404,0.358888792641976,2.29314839538029,2.39651182695522
32137200,371.958333333333,0.366129643747991,0.38575767533837,5.26717019609214,5.40759145847047
32234400,373.083333333333,0.359066371540483,0.409269760411202,5.71804078279767,5.89030729967362
32331600,374.208333333333,0.34803297297216,0.427288132532252,5.99302633786104,6.12807326040461
32424300,375.28125,0.334702255940619,0.439513695529414,5.08433618503329,5.20511034697155
32511600,376.291666666667,0.320390525397759,0.446674089466746,7.20743291584656,7.27331981439828
32607000,377.395833333333,0.303593133091383,0.449692258668058,5.61551193697241,5.63685881521085
32702400,378.5,0.286386793592783,0.447679737822745,8.394430254733,8.3635307146999
32788800,379.5,0.271123436449812,0.441504632384876,7.54040905758048,7.42805307565599
32884200,380.604166666667,0.255376230386,0.429891050791804,6.34995773971109,6.18420860637077
32978700,381.697916666667,0.241748059056715,0.41348007438774,4.86961790891375,4.70356431483494
33066000,382.708333333333,0.231701383527136,0.394079315926893,6.11694329145995,5.93424149916989
33164100,383.84375,0.224317780240186,0.36761532387782,3.62785985856306,3.46387975426517
33251400,384.854166666667,0.222050558497974,0.340181489122431,5.17265317660664,5.07036131573781
33346800,385.958333333333,0.224892896001351,0.30648301091644,4.62024187287477,4.6724903107622
33442200,387.0625,0.233503542706206,0.269678742630992,4.62507934481423,4.79395814713945
33534900,388.135416666667,0.246956384240444,0.232220686803194,2.76209518163147,2.94627687433013
33636600,389.3125,0.266179842030112,0.191871730838005,6.04841190823029,6.23617394027095
33723900,390.322916666667,0.284838707455592,0.161767602877713,5.15341583263326,5.31474185779214
33813900,391.364583333333,0.304343406428393,0.141256607868485,7.21670631056734,7.35168603307967
33911100,392.489583333333,0.323548635165556,0.138542007308852,7.71556951638869,7.77264033857578
34000200,393.520833333333,0.337590056169373,0.154559785729083,7.65414039343301,7.61646028205459
34089300,394.552083333333,0.346803906360621,0.182108512068961,5.41564267282332,5.38176409127004
34190100,395.71875,0.350385688765695,0.218929977756315,8.04904825745485,7.93778929613558
34276500,396.71875,0.347496000795739,0.250897886268693,6.35615294078834,6.19652149279796
34379100,397.90625,0.33752863278785,0.286574783959728,6.82570632197574,6.63160920664917
34474500,399.010416666667,0.323114439664491,0.31644276650337,5.86786415603243,5.67902536671614
34565400,400.0625,0.306260470716239,0.341686116740051,4.51344038936505,4.43387127145158
34671600,401.291666666667,0.284883595215049,0.367283985982783,2.96391585591613,2.84216115669594
34765200,402.375,0.266582050204186,0.386472748832909,4.83777146412587,4.90919265686839
34851600,403.375,0.251795887689721,0.401375855427682,4.21529122886917,4.37505930098789
34940700,404.40625,0.240072844231001,0.413789801506841,5.48721349269943,5.68856399984028
35031600,405.458333333333,0.232885047829067,0.423119256299228,6.06741084938959,6.26629772722483
35133300,406.635416666667,0.23118419677152,0.429183265962534,6.89340374486092,7.01367294350299
35227800,407.729166666667,0.23538558166177,0.430308526374064,5.17110092614722,5.30904459046843
35324100,408.84375,0.244519159698488,0.426692602656392,8.25780982810432,8.31624798066701
35415900,409.90625,0.256733221465021,0.418634454929204,8.00442218200554,7.99055660619967
35507700,410.96875,0.271403702644627,0.406108070571663,7.74580691141656,7.64783816649767
35600400,412.041666666667,0.287938662153286,0.389147042848299,7.76374604362785,7.62360219177883
35696700,413.15625,0.306333630754631,0.367404674862377,6.07447619410699,5.86684846371436
35788500,414.21875,0.324572522038819,0.343442796565073,5.11641199854892,4.92178458519771
35883000,415.3125,0.343606871784874,0.31644414032494,6.19656995561288,5.99557660456134
35982000,416.458333333333,0.363177719577522,0.287047834286626,5.30976604087579,5.18851307241696
36069300,417.46875,0.379349271108744,0.261729836670232,4.21704408115755,4.25040800878066
36164700,418.572916666667,0.394714864070074,0.236806940582002,4.5645095434865,4.65993873628202
36257400,419.645833333333,0.405933643856639,0.21771480578919,5.09926840779378,5.3143886429415
36353700,420.760416666667,0.412030329992899,0.20569501742942,3.77816136109234,3.99172770421422
36446400,421.833333333333,0.411032010559971,0.203052283072285,6.70082487668439,6.91182489469705
36540000,422.916666666667,0.402093661643189,0.209002731419592,7.95972821065406,8.12413272913257
36635400,424.020833333333,0.38440708460814,0.222163548674354,7.33431026673312,7.40021110600852
36729900,425.114583333333,0.358890622440434,0.239927595310047,8.10909194036108,8.15447595138629
36822600,426.1875,0.327505172724632,0.260025651781608,7.40734613748255,7.32559771730344
36919800,427.3125,0.29009826520683,0.282578772165031,7.04072082902224,6.9737540126508
37017900,428.447916666667,0.250809375000212,0.305990946657979,8.13396589186836,7.97206782503648
37112400,429.541666666667,0.215371020321094,0.328559339802035,8.06729432621264,7.84757381763259
37207800,430.645833333333,0.186997767468707,0.350789746851609,4.75492578530939,4.53837978321708
37294200,431.645833333333,0.172569526390069,0.369907969550971,5.59195963083511,5.38890516587491
37386900,432.71875,0.172659203358593,0.388709243185439,3.91984381618389,3.88113035343362
37483200,433.833333333333,0.189021428022822,0.405617450416751,3.69034211000003,3.65616193788837
37572300,434.864583333333,0.214551641004255,0.418208720716256,4.89532752671312,5.01356088616486
37665000,435.9375,0.246874018813545,0.427584977316493,6.83639668078855,7.05152247835876
37766700,437.114583333333,0.284972034566958,0.432942578501834,5.58905980951617,5.79836305297238
37859400,438.1875,0.31974951597944,0.433026020523635,6.67379095801369,6.88606041982161
37951200,439.25,0.352930144595013,0.428547340554023,6.95857308865619,7.08453817244817
38048400,440.375,0.385874273727963,0.419082084333951,7.35566823034015,7.46691442135015
38146500,441.510416666667,0.416295254546031,0.405126095891541,8.61647889223217,8.64957540001801
38240100,442.59375,0.442288881691837,0.388413984014163,10.0012002753511,9.90931278348652
38341800,443.770833333333,0.466723122849187,0.367510165790722,6.18061700736932,6.01698336308839
38435400,444.854166666667,0.48514224042382,0.34674880010559,7.74270635179649,7.54611185459941
38521800,445.854166666667,0.498012263810317,0.327111985649654,5.95561372221741,5.71972014224211
38612700,446.90625,0.506363705553584,0.306705265591391,6.03348550179127,5.79435017305792
38711700,448.052083333333,0.508085273093017,0.285539735103578,5.73596288680858,5.53795142698743
38803500,449.114583333333,0.501462802690303,0.267570461046376,6.53029826166246,6.5199510253634
38889900,450.114583333333,0.486963346123703,0.252768699790285,3.61643001154086,3.79754372196151
38981700,451.177083333333,0.462103040984101,0.240196077841914,4.43876080343273,4.60766597024621
39068100,452.177083333333,0.429777518345866,0.232434872037287,5.17764750506775,5.42021581632231
39168000,453.333333333333,0.382503111068584,0.229908526362435,6.3267291179032,6.57060924791321
39272400,454.541666666667,0.323979162538496,0.23597166226427,7.21405786865206,7.4321104980069
39374100,455.71875,0.261407532463402,0.250521519197345,9.95240242508393,10.0588305959207
39463200,456.75,0.205823750681302,0.269248863338994,6.68582519944779,6.70673537428694
39558600,457.854166666667,0.151842720783207,0.293758657388848,8.29380429816323,8.2961919544464
39654000,458.958333333333,0.116971033259283,0.320937504646021,8.31569509029206,8.2325834676488
39749400,460.0625,0.120463051597956,0.34892554527727,8.31466285272311,8.13831623673484
39843000,461.145833333333,0.157571770145681,0.37561840447461,8.0610544971561,7.8469223031326
39946500,462.34375,0.214783125149912,0.402725889554725,7.45192858074386,7.21025460275963
40051800,463.5625,0.277189128736774,0.426351623782154,3.84425097337823,3.6111348372242
40145400,464.645833333333,0.331857759235377,0.443126882565121,4.64095239955104,4.4925859708786
40237200,465.708333333333,0.38299033926297,0.455177954018277,5.09261092153455,5.08121825406079
40324500,466.71875,0.428446505654936,0.462327740212703,5.07058448451222,5.25186445474583
40413600,467.75,0.471027144274269,0.465219551425982,5.66170538358302,5.87752240592982
40501800,468.770833333333,0.508888473209163,0.463808851805301,8.06653826986096,8.3243388377402
40590000,469.791666666667,0.542047937653086,0.458414843078849,5.68764977132391,5.90111880723423
40683600,470.875,0.571635808504323,0.448764187617465,6.91455541037112,7.12173051344048
40777200,471.958333333333,0.594947891732459,0.435580001872021,8.65226976455166,8.81062202143826
40867200,473,0.610895787903826,0.420021680334822,9.47610443905458,9.50437185705507
40959000,474.0625,0.619966902140515,0.401576150213687,8.71641560536333,8.70417815220061
41051700,475.135416666667,0.620942615131926,0.380487241738455,10.0176860363418,9.86534291748498
41143500,476.197916666667,0.612898062346208,0.357218928920655,6.51288679423239,6.30481951683419
41235300,477.260416666667,0.594989472298481,0.331656217808403,6.85164765226178,6.61981955149847
41338800,478.458333333333,0.562091843263199,0.300557442548211,7.80357281890713,7.53511932079843
41445900,479.697916666667,0.513517754677968,0.267448640343206,5.74235785975725,5.55937709737363
41537700,480.760416666667,0.460661981141481,0.24099992908573,5.2444568895501,5.10235449865359
41630400,481.833333333333,0.398157556226452,0.220030114045256,5.72509236573773,5.85055839935405
41724900,482.927083333333,0.327218925216185,0.209328553988452,3.9131258656036,4.1390335970934
41831100,484.15625,0.242770904557727,0.214381242314115,4.76018164885209,5.01874066292044
41927400,485.270833333333,0.167760249336951,0.234057094462058,8.32978197908739,8.60687226948622
42024600,486.395833333333,0.10810716968253,0.264288525391221,7.91644771645266,8.11721281809193
42120900,487.510416666667,0.10262939818138,0.299839668531894,8.92205750016483,9.09785341707238
42214500,488.59375,0.153098936246614,0.336235869032338,8.81485997501215,8.85610951930887
42312600,489.729166666667,0.224938025372416,0.373760963313462,7.99081377969024,7.98390734079748
42401700,490.760416666667,0.293071057736999,0.405793927418328,8.33811395437894,8.29317150802255
42489900,491.78125,0.359442215531455,0.434637439006162,10.9435079528034,10.7793484160208
42583500,492.864583333333,0.42702910229558,0.461421331567549,7.64442222739559,7.37860789251101
42680700,493.989583333333,0.492966432514007,0.48450084034686,7.46646322479768,7.18478858791933
42777900,495.114583333333,0.553592962523014,0.502338384965873,5.61339451843691,5.36191307148582
42864300,496.114583333333,0.60224299454211,0.513564406189953,4.70738614652108,4.51350476642071
42955200,497.166666666667,0.647300447008949,0.520539333271055,4.04266486990237,3.91064234065851
43047000,498.229166666667,0.68559094697979,0.522497816291853,7.17369203084065,7.24433321454205
43143300,499.34375,0.717046279987336,0.51906796764204,6.31852376375972,6.596558264849
43230600,500.354166666667,0.737095694610916,0.511139305587134,6.0743476148263,6.36437867685596
43321500,501.40625,0.748726020497769,0.49803456761375,7.06971737655214,7.34320369892375
43423200,502.583333333333,0.749809203903755,0.477480077760112,7.76401312486375,7.9904673272112
43509600,503.583333333333,0.740302387313424,0.455065110016241,7.32697321116817,7.51976503430084
43597800,504.604166666667,0.720325304643687,0.42744806093065,11.1002660076363,11.2284141865896
43688700,505.65625,0.688646040150231,0.394078157731586,10.2163465919822,10.1545026464913
43780500,506.71875,0.645263297637592,0.355763542373398,8.69696581672123,8.59448998349173
43876800,507.833333333333,0.58796575672271,0.311759665701849,8.20703403517879,8.01831552418889
43963200,508.833333333333,0.527265930973341,0.27089448933267,8.24625617490205,7.99413298619175
44053200,509.875,0.456327638106009,0.230317102409182,6.42050454027289,6.13153147723668
44157600,511.083333333333,0.367434411538418,0.1931597631379,8.76871347633968,8.47523698828163
44249400,512.145833333333,0.287839987314628,0.178199179245966,6.23864233332956,6.12995545374157
44346600,513.270833333333,0.210406950109737,0.186607917762495,4.45031623975584,4.46814953119531
44450100,514.46875,0.15695669776128,0.218620982841358,4.39441944988547,4.55534622266245
44536500,515.46875,0.160542664223829,0.25573138849555,6.18303380762583,6.44813162388482
44622900,516.46875,0.205890612112896,0.296765237738367,5.40565764436515,5.71300673652029
44710200,517.479166666667,0.271682614300168,0.339025364095602,8.83709323414625,9.14515789920016
44805600,518.583333333333,0.351000730392247,0.383951955197608,9.88176820116173,10.0944369912165
44893800,519.604166666667,0.425351723466246,0.42314694258009,8.47088814295493,8.61350770313951
44980200,520.604166666667,0.496697697603351,0.458696363881476,8.15925533247973,8.25122138209904
45067500,521.614583333333,0.565942113179237,0.491311476171387,10.1525008245577,10.1838332259939
45162900,522.71875,0.637124753835409,0.522715281648352,8.78672482360911,8.67673171564861
45251100,523.739583333333,0.697668099001003,0.547393403433649,10.312419444949,10.1617179930942
45346500,524.84375,0.756128877320058,0.56884568647687,9.75012115842467,9.45574686829784
45446400,526,0.807869464667979,0.584787748037426,6.59325781452947,6.27761351395982
45538200,527.0625,0.845298131677279,0.592887010043672,4.94899545134371,4.63885573756853
45630900,528.135416666667,0.871838367386183,0.594084750198188,6.73815930459431,6.49800288548108
45724500,529.21875,0.885992316857355,0.58767058346845,4.86659509547729,4.86936294786728
45810900,530.21875,0.887080082986123,0.574654820863669,5.85073059379251,5.91634837113052
45897300,531.21875,0.876357877640418,0.55471954418617,7.70044303287322,7.98007881984793
45983700,532.21875,0.853852716262119,0.527941039746031,7.08554020935458,7.40886415784451
46080000,533.333333333333,0.815295464301115,0.490375745590013,6.01340769697466,6.31346145030897
46170000,534.375,0.767164775560891,0.448535038692189,8.39629268787047,8.69965686859442
46262700,535.447916666667,0.70651895617942,0.399665459173161,10.0110848346818,10.1915517187943
46350000,536.458333333333,0.640556804031836,0.349670606807188,9.5772413328661,9.71933361321716
46449900,537.614583333333,0.556929400468874,0.290299852237285,11.2050922575672,11.1819007639373
46556100,538.84375,0.462582704747379,0.229707676462842,9.45591628922742,9.29429239979392
46643400,539.854166666667,0.385450371924301,0.18845829948856,7.25187450204572,7.05199081869752
46750500,541.09375,0.301066939664971,0.161836600464472,10.1786290362207,9.90587952460844
46852200,542.270833333333,0.248469630624094,0.171665665452305,7.23263141720833,6.90212673106527
46949400,543.395833333333,0.243022484931214,0.207032482506962,7.24404564278357,6.94871408213319
47052900,544.59375,0.287148316277221,0.258273163628767,5.97429414927578,5.88762698474828
47149200,545.708333333333,0.35620282016817,0.310187674214792,5.00438902574803,5.17023403628841
47244600,546.8125,0.436126624333265,0.361869026929481,3.66247232104774,3.82364294099455
47332800,547.833333333333,0.513470054294518,0.408385484947192,8.07848320764146,8.37535271933977
47440800,549.083333333333,0.608014300846099,0.46266485703084,7.8887307428425,8.2219763998966
47544300,550.28125,0.695507943941435,0.511201253502266,9.51459722563794,9.79851724087562
47637000,551.354166666667,0.769355772698546,0.551161279811207,9.83064997837636,10.0294144358648
47723400,552.354166666667,0.832823411263202,0.58475843314326,9.13049479576484,9.1984000783697
47820600,553.479166666667,0.896119660729416,0.617330397760213,9.34033885925674,9.44050579568233
47907000,554.479166666667,0.943317976645895,0.640534624402307,12.1747047127625,12.0987425269667
48002400,555.583333333333,0.983327948020856,0.658475564664444,9.91030179633779,9.69797905868763
48090600,556.604166666667,1.00717546415747,0.666664648034323,9.24881269788656,8.95315689769149
48180600,557.645833333333,1.01706157781903,0.665711660892152,8.19588392784591,7.85787940801595
48270600,558.6875,1.01158735641531,0.6547926273257,6.31681128904707,5.9943968473387
48357000,559.6875,0.991865162847281,0.634883996685796,4.81389456847368,4.47891818795235
48456900,560.84375,0.952253334174473,0.600916077872268,7.71110620617417,7.56738386715173
48559500,562.03125,0.89465852163895,0.555107876621387,6.38707722709718,6.55165180244484
48646800,563.041666666667,0.834117211541268,0.508847140033781,6.43703515934938,6.74805212140415
48739500,564.114583333333,0.760490849786599,0.454100239342934,6.88106750675122,7.22981601514109
48844800,565.333333333333,0.668487658174786,0.387404151919447,8.04893899961696,8.37190055824156
48942000,566.458333333333,0.579524535559579,0.324554822037747,7.73038862584128,8.06375584065857
49033800,567.520833333333,0.496378534897616,0.267542545555163,11.7123683870517,11.9403176029152
49140900,568.760416666667,0.408467604990818,0.210564437531934,11.3246797306851,11.3821190689693
49231800,569.8125,0.351539290470659,0.179006479935108,9.67406823530718,9.62114159102185
49322700,570.864583333333,0.322709279576389,0.171998462201779,10.5055536172811,10.3898049973252
49410000,571.875,0.328859790689329,0.189727273398785,8.84275235243556,8.58011761280603
49503600,572.958333333333,0.369352794087033,0.227298630425205,9.06257800455102,8.79724066965797
49590900,573.96875,0.428765655769379,0.271508258376823,10.0028636827165,9.64233805420566
49693500,575.15625,0.513038268690032,0.328433504337137,7.70125697728625,7.39961819905839
49784400,576.208333333333,0.593621314954821,0.380538564806921,4.85745709117427,4.73456463664053
49871700,577.21875,0.672452940654158,0.430783653720561,5.42724409177055,5.34561955874831
49968000,578.333333333333,0.758334321679302,0.48555280421091,5.69854399812447,5.95074175307131
50065200,579.458333333333,0.841564121719115,0.539228263027994,5.68268617548299,5.96620006786022
50162400,580.583333333333,0.919010645795443,0.590099924290536,9.31034557500847,9.68074526562951
50254200,581.645833333333,0.984530319099203,0.634115271539019,10.4684197599843,10.8067492661911
50351400,582.770833333333,1.0430307081075,0.674473291474859,8.45574997041515,8.68404828787152
50444100,583.84375,1.08553977239116,0.704816778000093,10.1810401306516,10.4038217961686
50533200,584.875,1.1116577495206,0.724496474660901,10.5446729570945,10.6057586204893
50630400,586,1.12145091300897,0.733507581661763,10.7661171744033,10.7811172376873
50730300,587.15625,1.10993355992953,0.728026525511363,11.8834951207726,11.7140910683677
50825700,588.260416666667,1.07881066354831,0.708806733930773,10.8468962619835,10.5234977578471
50920200,589.354166666667,1.03027619731064,0.677336737580542,6.5072910827615,6.14351820046245
51012900,590.427083333333,0.968081563744971,0.636182957255324,8.23972213506626,7.86052088111316
51107400,591.520833333333,0.892915278055245,0.585934639337337,6.20893168649934,5.90416313197624
51195600,592.541666666667,0.814997000396579,0.533540339140109,6.32152755824685,6.10779843599367
51291000,593.645833333333,0.72563998451028,0.47311300820766,6.97530473280742,7.02601446305577
51388200,594.770833333333,0.63310615294716,0.409847560112079,8.21964886515953,8.53791958459438
51480000,595.833333333333,0.548767997298533,0.350754034616349,5.82827151520955,6.21694057503234
51570000,596.875,0.474452659140851,0.295862062490275,7.79399669797779,8.18229654386252
51661800,597.9375,0.414819612001361,0.246358235843228,9.4377298455247,9.78881107019774
51750000,598.958333333333,0.38170126650937,0.209810605115867,10.2894899350044,10.5845871137948
51837300,599.96875,0.378976631319029,0.190559243179186,11.5141961436942,11.7112232468675
51930000,601.041666666667,0.408839647173994,0.193909247896798,12.8090081803344,12.846602781869
52030800,602.208333333333,0.470546290295278,0.223465966100825,8.72045653281737,8.59040485392158
52117200,603.208333333333,0.538515539746645,0.263640997669328,10.3589527595546,10.2431307046946
52206300,604.239583333333,0.616428171379907,0.313601687054605,10.7835764632199,10.5008771500668
52300800,605.333333333333,0.702886223095434,0.37209555542805,9.57854664725851,9.20921115525562
52388100,606.34375,0.783220972327094,0.428918335999182,8.25933869595491,7.86341123685567
52474500,607.34375,0.861011002096741,0.486265143830762,8.48920850750526,8.16165411294516
52570800,608.458333333333,0.943434519315286,0.549840501417793,5.02019382698781,5.02709391294722
52672500,609.635416666667,1.02274260164201,0.614413520585744,4.74113334389833,4.69736452665152
52777800,610.854166666667,1.09278547258937,0.67552607247597,7.2725674861035,7.54858103331051
52867800,611.895833333333,1.13964512130002,0.720417368187367,8.63664092395408,9.02574852366877
52955100,612.90625,1.17082371781797,0.755092192115659,8.55580965013822,8.95906645682987
53046900,613.96875,1.18593800659864,0.779894617282324,11.2598719940142,11.6184633155485
53153100,615.197916666667,1.1786585455526,0.791501437521912,9.03512730834598,9.23545372913851
53252100,616.34375,1.14768327035148,0.78503922371513,10.7249802958914,10.9418497190191
53361900,617.614583333333,1.08833357096376,0.759452155246956,12.6397766117594,12.6645791129174
53456400,618.708333333333,1.01975438272081,0.724135267458227,11.7250371883623,11.55498853907
53552700,619.822916666667,0.937366899973205,0.67822614791088,10.6379464777132,10.3862354771955
53640000,620.833333333333,0.855260048229066,0.630208145415669,10.3838872388262,9.99905566755642
53727300,621.84375,0.769250722429125,0.577964806219679,6.16030510029595,5.75326329349494
53825400,622.979166666667,0.671736603014787,0.516042522401934,7.77183246383042,7.36023687350361
53927100,624.15625,0.574664478184624,0.449951012459261,8.2175426038845,7.95622234676983
54028800,625.333333333333,0.488633855834315,0.38347541006136,6.9102357185211,7.02927640940594
54116100,626.34375,0.431094848288811,0.327442702075908,6.04116670268032,6.2726625424866
54224100,627.59375,0.393040184636799,0.262332846925611,8.32000373502664,8.7361835544603
54314100,628.635416666667,0.396769218612745,0.216338874045179,6.6810183110626,7.10396255959696
54402300,629.65625,0.430733123142632,0.186517096173766,9.2529224170436,9.66959169804798
54504900,630.84375,0.498278700873736,0.183604294632013,12.6523834828073,12.9833671898079
54601200,631.958333333333,0.578296887262084,0.215125782024782,11.6577785640906,11.7917016699914
54688500,632.96875,0.657902898075374,0.263999774280649,11.37634152318,11.4763970515006
54785700,634.09375,0.749388657435427,0.331059297185048,11.5366607546108,11.4329958856442
54872100,635.09375,0.83017848116366,0.396450591888074,9.67028338908651,9.5109402592025
54963900,636.15625,0.9129267007926,0.46838078936234,11.0014266876058,10.7414098036433
55059300,637.260416666667,0.993036821505114,0.54301845056265,12.0000075114295,11.6010512518314
55157400,638.395833333333,1.0663113288012,0.616877851795791,7.86496615770196,7.46661157234823
55250100,639.46875,1.12417420533775,0.681354034531329,6.41280687298289,6.04247165400722
55342800,640.541666666667,1.1679799835847,0.738009785715689,6.41301684432316,6.31162817033369
55442700,641.697916666667,1.19610152911874,0.787302533713309,5.15943340685838,5.25478768338977
55530000,642.708333333333,1.20213210464603,0.81814047275811,6.41646133557292,6.66621731308845
55618200,643.729166666667,1.18940712880364,0.836206343685645,10.1235549281263,10.5162469909322
55710900,644.802083333333,1.15573119473287,0.840407213584546,10.6290709732229,11.0490459270599
55802700,645.864583333333,1.10349244014079,0.830133317458064,8.7862388115825,9.18076007651061
55899000,646.979166666667,1.03166997417403,0.805557585870834,11.0049977535998,11.3067259866502
55996200,648.104166666667,0.945695251924898,0.768837391687507,11.1362491589116,11.3406619211407
56092500,649.21875,0.851551996360396,0.72319110680543,11.9138003169738,12.0203613933046
56178900,650.21875,0.762914788768302,0.676197409971118,14.3924410704627,14.3296845370624
56276100,651.34375,0.662181203135147,0.618042178612708,11.3799027683932,11.0642924803894
56376900,652.510416666667,0.561106019895185,0.552984776369749,9.37776803268265,9.04065285120521
56469600,653.583333333333,0.476601642029334,0.489557921260589,9.04959181241019,8.62147186946272
56568600,654.729166666667,0.403961308708829,0.418549202532207,7.86723235120316,7.42924512954036
56664900,655.84375,0.362749142414664,0.346972896819989,7.04771486601284,6.68830455906573
56772000,657.083333333333,0.36400449868269,0.266565375569165,9.29938894286526,9.30684403869594
56861100,658.114583333333,0.402421465699435,0.203383932890932,6.71730158965649,7.07362805621647
56949300,659.135416666667,0.464561884986971,0.154720188760925,6.08985133040865,6.48403160148083
57047400,660.270833333333,0.550090202119666,0.142913630125464,8.37082750379199,8.82181457956534
57141000,661.354166666667,0.639260471003445,0.18469314958558,10.341644133961,10.7852294952905
57231000,662.395833333333,0.726697686821377,0.25236947495298,10.526697609044,10.9270151110571
57334500,663.59375,0.82482681422426,0.342669813953681,14.4497206957007,14.6912290580002
57430800,664.708333333333,0.910460390128048,0.430050456166116,11.2747622958451,11.3072536855366
57524400,665.791666666667,0.985758307242352,0.513969352682233,10.9093731824641,10.91815383813
57625200,666.958333333333,1.05530027370053,0.600116864151433,12.2798436068104,12.143680270861
57721500,668.072916666667,1.10781958943213,0.675706313600958,11.3739504454127,11.0361768451427
57807900,669.072916666667,1.14113857129992,0.735908864226568,10.5824146312782,10.1834904200665
57896100,670.09375,1.15974144133751,0.788103931650994,10.8741619996432,10.4125227294057
57984300,671.114583333333,1.16124891267419,0.829313312268686,6.43853343139267,6.10832120555487
58070700,672.114583333333,1.14534053706688,0.857791722530718,5.12801632607551,4.84664500289092
58176000,673.333333333333,1.10295759502122,0.875650988326811,6.842735208639,6.76573512840436
58265100,674.364583333333,1.04894683291062,0.876378369588342,8.36114397774739,8.65039924564775
58359600,675.458333333333,0.976311793221663,0.863694291915904,7.82960581188058,8.25660299033091
58447800,676.479166666667,0.897352177821436,0.840717038162533,11.3969885063104,11.871239797724
58549500,677.65625,0.796968003725474,0.802789283910094,10.3820968286645,10.7792449318988
58636800,678.666666666667,0.706026395623752,0.761930854209979,9.50473149947001,9.86296609228522
58738500,679.84375,0.59824242905524,0.706062933084072,12.5195262216842,12.8252423511072
58834800,680.958333333333,0.4982823993208,0.645882897882503,14.1423340503191,14.2123290700774
58922100,681.96875,0.413987692579058,0.58569781303804,12.1877699856531,12.1478243439972
59018400,683.083333333333,0.336448083701186,0.5134533974245,13.3154364574581,13.0720594518937
59116500,684.21875,0.289715758187349,0.433957189408193,9.87927117462191,9.48484976689735
59213700,685.34375,0.292426516635296,0.3500840862058,8.32040388969247,7.89421037041943
59310900,686.46875,0.34271770249228,0.262891818248157,10.2656331266106,9.78499176707071
59398200,687.479166666667,0.413671342468094,0.185648142560749,9.08494987797933,8.7493100889867
59485500,688.489583333333,0.496593967007879,0.121771075859609,6.59046029044311,6.43957570972843
59576400,689.541666666667,0.587587592660998,0.110645341961458,7.84259478940805,7.98503185068895
59668200,690.604166666667,0.678989364605814,0.171032495110349,7.49395714278083,7.9086216729259
59763600,691.708333333333,0.769442695556547,0.260390224327357,6.91917794468903,7.40046929370071
59850900,692.71875,0.845476256958337,0.347125565423385,9.31780524185348,9.80087499370164
59938200,693.729166666667,0.913006801634171,0.433120662728787,13.4393036838692,13.8973206758704
60030900,694.802083333333,0.973520610012994,0.520745464310714,12.0284638984158,12.361322947243
60126300,695.90625,1.02195267329616,0.604809987631332,13.0933126693117,13.3232099238898
60217200,696.958333333333,1.05354579906838,0.677527054047296,12.4865657075871,12.5484551240326
60304500,697.96875,1.06939844305374,0.739325426490092,11.2067551017379,11.1403812940543
60404400,699.125,1.06913240152497,0.798989881283697,12.7965837548477,12.6743256415283
60499800,700.229166666667,1.05010824150496,0.843703973031412,13.9579429712774,13.5677004582222
60606000,701.458333333333,1.00782657485536,0.878186695514027,9.24870301952902,8.75854023736638
60701400,702.5625,0.952344266829102,0.89483535932216,8.20756528487075,7.72551328872613
60805800,703.770833333333,0.87537064236339,0.897532199015852,6.95707063673118,6.6489222533586
60908400,704.958333333333,0.786662004616969,0.885050294965524,5.06612957709801,4.98102705003898
61002000,706.041666666667,0.697666066886765,0.861527057009104,8.65240099994867,8.75388076705665
61102800,707.208333333333,0.596568793988628,0.824388921356024,10.5468606010795,11.018474001974
61196400,708.291666666667,0.500852333303131,0.779919170738543,9.6113250917344,10.1208341440624
61286400,709.333333333333,0.410408751925126,0.728851077152595,10.2135363518692,10.7011551072924
61385400,710.479166666667,0.318674947485211,0.663983337375483,11.8365979493232,12.2382906653416
61492500,711.71875,0.243917259263227,0.584368319921641,11.2220006706405,11.5417123827784
61587900,712.822916666667,0.223189690085518,0.50601401764254,15.8392096749532,15.9991785093874
61688700,713.989583333333,0.261828612883933,0.41686137029312,13.9633798195915,13.8270064249002
61791300,715.177083333333,0.342976983173191,0.32178487931787,11.1484487773153,10.8879853829789
61880400,716.208333333333,0.427922610636962,0.239836949440706,11.0423172642682,10.6903930390203
61966800,717.208333333333,0.513944731124831,0.170408554780505,10.3451223145061,9.85945774786174
62063100,718.322916666667,0.608184620832919,0.135585822986486,8.65411090409689,8.14251350762449
62151300,719.34375,0.689227366217293,0.1707749687591,10.3839096144627,9.93742314488092
62240400,720.375,0.763103187104828,0.244261964039817,8.61869592466314,8.54795440932039
62334000,721.458333333333,0.829597067763734,0.333282480797107,6.41782566023437,6.66820911958146
62420400,722.458333333333,0.879170231251765,0.416361289210805,6.16650016627839,6.50422158850423
62518500,723.59375,0.920328585381172,0.506972676728112,9.51947952630112,10.01515460441
62612100,724.677083333333,0.943852364915491,0.587368912051815,9.27773576371705,9.80653177124079
62712000,725.833333333333,0.95178020154044,0.665106617545722,13.6433376197043,14.1435047755444
62798400,726.833333333333,0.944579184152586,0.724805591957873,14.355476222922,14.6989417777825
62899200,728,0.920419929032979,0.784817423251083,12.0111157776205,12.1791681634525
62985600,729,0.887098959911034,0.827337370180581,12.0777760995152,12.2342513029954
63074700,730.03125,0.841697913825913,0.861895227080224,14.2543392692749,14.2048975465916
63177300,731.21875,0.777362639772101,0.889204584437467,12.1932917198053,11.9694546207694
63274500,732.34375,0.706724429361368,0.902120574096305,13.6512234905134,13.2422109690902
63360900,733.34375,0.638043371395651,0.902762596627738,11.3879339671988,10.8595370477753
63462600,734.520833333333,0.552800453650477,0.89050866578469,6.7302123289749,6.23745791401243
63554400,735.583333333333,0.474620852069315,0.867727604736363,6.73847414498984,6.25555048071229
63651600,736.708333333333,0.394582689688554,0.832126073427409,8.39535688829564,8.27664451871072
63741600,737.75,0.328471564052864,0.789350191968963,7.1835007176407,7.37266081306685
63828900,738.760416666667,0.279908199462488,0.739582765153073,9.49554892537205,9.88720300795326
63921600,739.833333333333,0.257370360865711,0.67868876396593,11.4503154467456,11.9898623446642
64013400,740.895833333333,0.272884203635658,0.611235787058272,10.5421209763332,11.0510312342852
64116900,742.09375,0.328557103315722,0.528261749917879,10.2410548489628,10.7537387554844
64205100,743.114583333333,0.394885637840177,0.453613379013753,14.463982738437,14.8577011268439
64299600,744.208333333333,0.47447948606835,0.372669097410148,13.9398699258703,14.1583758736666
64394100,745.302083333333,0.555879861542986,0.296367200529266,14.8378816822488,14.8935086288058
64484100,746.34375,0.630358358362319,0.238367126408387,14.3670878127066,14.193552755467
64581300,747.46875,0.703229155383226,0.211423228102947,10.6885186373339,10.3213321684663
64692900,748.760416666667,0.772385119672909,0.242792915165932,11.5064085243103,11.1147437715823
64790100,749.885416666667,0.81661127717033,0.307492533956106,11.5652611685059,11.0156026475023
64883700,750.96875,0.84325400012601,0.382721188577741,8.79180085871995,8.30154820266239
64980900,752.09375,0.853752607005214,0.463592394240275,8.07248938693503,7.82265404670521
65079000,753.229166666667,0.847173905602271,0.542835492291629,8.39341413350025,8.56893421542765
65169900,754.28125,0.827018824780051,0.611855772219593,6.12063474838643,6.57977878571957
65282400,755.583333333333,0.786043874936524,0.689699666200911,9.45645278187688,9.92142122080443
65371500,756.614583333333,0.743369597354798,0.744468159665059,12.6401439038661,13.2038278364447
65466000,757.708333333333,0.690651971169812,0.794988559207885,12.9790513913965,13.4841724523456
65560500,758.802083333333,0.632626330489109,0.836717864314065,13.3906182614902,13.8010902732287
65660400,759.958333333333,0.568273796931472,0.870081822766839,14.1427697113179,14.3488728984903
65763000,761.145833333333,0.502296873560796,0.891655076873076,11.4287918748963,11.5480501815952
65856600,762.229166666667,0.445728645899527,0.899350426232141,15.4428384312136,15.4193311323576
65951100,763.322916666667,0.39641082428055,0.895184077468156,14.8855366247242,14.5675117310782
66039300,764.34375,0.362116261251788,0.880557646663424,11.8882023597745,11.4081408416573
66137400,765.479166666667,0.343081712975562,0.852608789594528,10.2543283317518,9.7017370656587
66238200,766.645833333333,0.348829086321496,0.812023400458095,8.45719241690577,7.94756888460166
66337200,767.791666666667,0.378792590950036,0.761735908069905,5.88846062878027,5.42716829360098
66430800,768.875,0.424597469173197,0.706060778630199,8.97412545848328,8.80163917561675
66533400,770.0625,0.487647136555241,0.637729897872318,10.3062395037322,10.6537148583152
66639600,771.291666666667,0.560309144184937,0.561321604130149,9.40549103098929,9.96673450858787
66737700,772.427083333333,0.628893902314406,0.488363464716412,11.044310225479,11.6268568566729
66826800,773.458333333333,0.688667439934544,0.423211919168801,11.6503970450984,12.1748486786466
66915000,774.479166666667,0.742294681650429,0.363936284271172,11.5042245647995,12.00793238862
67002300,775.489583333333,0.786993452514557,0.316438391868831,15.6668581990774,16.0661273645725
67107600,776.708333333333,0.825923647969089,0.285462251055745,16.3970164021707,16.4964613895942
67204800,777.833333333333,0.844105259240908,0.291519052140207,12.7917889482162,12.6905277960073
67304700,778.989583333333,0.843000826135447,0.330195445961412,13.5557687731676,13.3295153175829
67399200,780.083333333333,0.82329258871245,0.386585688112316,11.4433146358437,11.0128564587357
67486500,781.09375,0.790171197959499,0.447324417175506,10.9436857111358,10.4575797609471
67578300,782.15625,0.742264843769595,0.514436033782729,11.9360359527493,11.3492323110388
67680900,783.34375,0.676802255139584,0.58898337120438,10.0338040470683,9.67026120076814
67784400,784.541666666667,0.603101904540138,0.660472847421646,5.84598339256894,5.83765390017241
67877100,785.614583333333,0.535233721718803,0.719293965257218,7.63951851746778,7.81394438332638
67971600,786.708333333333,0.46906455497485,0.772539510431557,8.39823418039453,8.89313772048812
68067000,787.8125,0.41087001516187,0.817917676351854,9.81519698638021,10.3769022137038
68165100,788.947916666667,0.366864072903764,0.854391826708736,13.9614531090873,14.5605052106831
68262300,790.072916666667,0.345867788608084,0.879201073651379,15.0419742350359,15.5059608657416
68361300,791.21875,0.35126641650083,0.892108228623269,11.8838535690035,12.2446625076597
68448600,792.229166666667,0.376653601197401,0.89291077628051,14.5423227710067,14.819545884594
68543100,793.322916666667,0.420520179426729,0.882795331441266,14.3929646101481,14.4537866128687
68642100,794.46875,0.478341217263238,0.86061560739243,14.6426639719925,14.5358738011897
68739300,795.59375,0.541794410485536,0.828381302442414,15.5541322343319,15.1860641068047
68836500,796.71875,0.608262745802427,0.787145515403486,11.8214552060814,11.2401434699238
68936400,797.875,0.676932334584946,0.736982005712019,7.9395586876979,7.34719572805451
69041700,799.09375,0.746994036130257,0.677439419701398,9.11433956713551,8.56196101005722
69138000,800.208333333333,0.806508092439224,0.618674427910878,7.90142413717956,7.64160057493531
69232500,801.302083333333,0.85812987349923,0.558579704460133,8.4610664762696,8.52598069256728
69332400,802.458333333333,0.902289398894933,0.494389124223145,11.4845073948956,11.9283190609429
69429600,803.583333333333,0.931561757994171,0.434038613965385,10.6277587032369,11.2459899952479
69520500,804.635416666667,0.943635044323389,0.383438276160501,9.40780329287875,10.0275943360053
69612300,805.697916666667,0.938242363311034,0.34414777588003,13.3871650571093,13.9771858468013
69701400,806.729166666667,0.91454234339062,0.324860089494254,14.7704857125835,15.2414922920161
69791400,807.770833333333,0.871879469701894,0.330292515544384,15.0941267482055,15.4266934405169
69883200,808.833333333333,0.810345799785935,0.36165108162485,17.0510591254298,17.1733341136056
69980400,809.958333333333,0.7287182611156,0.416151420017318,13.8951113141935,13.7084212895602
70073100,811.03125,0.639706649297989,0.479819350596195,11.7118923400407,11.5157647516529
70165800,812.104166666667,0.54529390988358,0.54794888645479,13.8533673081996,13.4593383320287
70258500,813.177083333333,0.451909743837432,0.615727476443313,12.6862090892024,12.0976621086562
70350300,814.239583333333,0.368708476825638,0.679227408687121,9.99859918993422,9.38111627586737
70443000,815.3125,0.306275818746153,0.737347648923119,10.0373998529533,9.5667205823805
70535700,816.385416666667,0.281152319323528,0.787721016005208,8.03803563280023,8.07997744534639
70627500,817.447916666667,0.300663963013854,0.828743654121634,5.49014664968151,5.70752254643439
70720200,818.520833333333,0.35515022841852,0.860371927932559,8.99181854001791,9.3495319160209
70812000,819.583333333333,0.427872609236578,0.881512215712749,12.4777748534735,13.0743334909875
70904700,820.65625,0.509401836475553,0.892446915035049,12.6664644032912,13.2978102155223
70997400,821.729166666667,0.593122556952516,0.893130270521303,14.4597209806804,15.0433546221301
71089200,822.791666666667,0.674958587968674,0.884221749600505,14.9356412579974,15.331275600216
71181900,823.864583333333,0.754507102461071,0.866324114206971,12.5145755971879,12.8275824204878
71273700,824.927083333333,0.828786044954601,0.840714660324862,15.5095175839656,15.7386317130582
71365500,825.989583333333,0.897343510972689,0.808235930651483,17.3645285023156,17.2894585805382
71458200,827.0625,0.959475009087333,0.769396812123043,14.2706181533864,13.9287989366009
71550900,828.135416666667,1.01299279612595,0.725254839277256,13.2909057897224,12.8167812072847
71642700,829.197916666667,1.05576867459875,0.676860940710729,11.1465214023884,10.5181286729185
71781300,830.802083333333,1.09647157148403,0.595823859168089,7.85040751269066,7.21831648296499
71868600,831.8125,1.10415846960351,0.540577902368948,9.93100463161478,9.44974909067437
71960400,832.875,1.09451650963442,0.480473157562088,10.6840541921136,10.7376874427157
72053100,833.947916666667,1.06424673545649,0.420931724952039,8.85230573718678,9.29510050490762
72144900,835.010416666667,1.01272775730134,0.369480457197819,10.4650555667085,11.0427682760319
72237600,836.083333333333,0.939228259290899,0.33547990529718,11.4783348438237,12.1340665673502
72329400,837.145833333333,0.847319971561706,0.330645133093113,10.9593190997166,11.6008939798944
72422100,838.21875,0.739289672496456,0.358508936703089,14.9066086731371,15.5134129705384
72513900,839.28125,0.622901631060935,0.411207595250965,18.0547046611947,18.4515052895638
72606600,840.354166666667,0.503210699801798,0.478356720400553,15.221031157847,15.3794648760966
72698400,841.416666666667,0.392497278357053,0.549556320224303,15.0950949481825,15.1327986414771
72790200,842.479166666667,0.305952416857542,0.61953996906741,14.3588848239309,14.1540344511537
72882900,843.552083333333,0.26972207728807,0.685332653754123,12.4992944295857,12.1600558319364
72975600,844.625,0.301058695193699,0.744034770911851,14.0281060579298,13.5367992899507
73067400,845.6875,0.378757264650381,0.793924333410435,13.768281207921,13.110451453919
73160100,846.760416666667,0.477857712030585,0.835291821980646,8.80866025574775,8.29719168160087
73251900,847.822916666667,0.582539762241135,0.867034600946313,7.2884460529083,6.93412320674205
73344600,848.895833333333,0.688402501412606,0.889743981671988,8.02308728290159,8.07513712275003
73437300,849.96875,0.791070427847044,0.90323648942775,7.88634494751359,8.2836204457383
73529100,851.03125,0.887497159196747,0.907835094738236,10.1141112954757,10.627830513425
73623600,852.125,0.979611019526757,0.903899123672581,15.1456102491358,15.812587207214
73718100,853.21875,1.06292091258563,0.891654076639155,14.3655824492639,14.969334600035
73809900,854.28125,1.13397550274871,0.872229591688253,13.0874655965832,13.6336437949601
73901700,855.34375,1.19385734212816,0.845684568781881,15.2352109873076,15.667766280877
73994400,856.416666666667,1.24145604051063,0.811776044513184,15.3177446958599,15.5588203380069
74088900,857.510416666667,1.27494581914999,0.769788331404424,16.254832782114,16.3537495862501
74181600,858.583333333333,1.29121882493795,0.721118002747974,18.1054804923789,17.8731922411529
74273400,859.645833333333,1.28927382229894,0.665485538667023,13.6155114954985,13.0965328371045
74366100,860.71875,1.26722427392914,0.602102310010761,10.3754331461679,9.80467105420887
74457900,861.78125,1.22397498852552,0.533515146515481,10.9134901494893,10.2498661987945
74550600,862.854166666667,1.15786341898432,0.461678611384885,9.43555993249714,8.82555017186334
74642400,863.916666666667,1.07060771715833,0.394552038263711,8.58412234868586,8.16106244302153
74736000,865,0.961552031280525,0.341935717275631,11.1618816913765,11.207362020582
74828700,866.072916666667,0.837863683667635,0.320722422316394,11.095150957179,11.6454150412528
74920500,867.135416666667,0.706395122216016,0.338513692115662,8.9018272265201,9.56901607845249
75013200,868.208333333333,0.573582969877346,0.388689949773013,11.4326275370728,12.1168968349718
75105900,869.28125,0.45408549476096,0.456623860643039,14.5299479707431,15.1984926233844
75198600,870.354166666667,0.369533572222359,0.530549376646198,14.9892120996569,15.5737726448465
75292200,871.4375,0.347970716438927,0.60415187933261,18.1674647415167,18.5906267975949
75384000,872.5,0.396115950455691,0.671617026135562,17.0590910389126,17.1662576112649
75476700,873.572916666667,0.489742622006567,0.73313695126596,13.3090158087716,13.2878747235099
75569400,874.645833333333,0.603594931824517,0.787179971220222,15.1348937768403,15.0142415460275
75661200,875.708333333333,0.722942799090802,0.833031800533421,15.5442078398394,15.1130079613505
75753900,876.78125,0.843489362919449,0.871535960891877,12.7820454184227,12.1727637873396
75845700,877.84375,0.959221670458467,0.901958342069128,12.5841780642498,11.8902939566204
75938400,878.916666666667,1.06983359563977,0.924873350445737,10.0964491064308,9.60063188157178
76031100,879.989583333333,1.17198115074455,0.939828314544974,6.03487763439065,5.88484814198315
76122900,881.052083333333,1.26276547551948,0.946563881643268,7.32080963664118,7.24708764728682
76215600,882.125,1.3419551212677,0.944866464977891,11.2123887890162,11.6019935936709
76307400,883.1875,1.40607910070278,0.934335589822717,11.8768119789246,12.5343748939993
76400100,884.260416666667,1.45453788895921,0.914267701040178,13.7855708817862,14.4956872862511
76491900,885.322916666667,1.48470477649161,0.884555757478838,15.8467034213776,16.4971501045522
76584600,886.395833333333,1.49564749771124,0.844188459801216,13.5779050447737,14.0886382214928
76676400,887.458333333333,1.48586712914383,0.793725998712803,14.5521059390496,15.0539685018512
76769100,888.53125,1.4541530168617,0.732351437220133,18.6726565498802,18.9406416655372
76860900,889.59375,1.40052732406778,0.662110751544887,17.1829769000917,17.1352349870343
76953600,890.666666666667,1.32400024797733,0.58363047378749,15.9192767555543,15.6734238708723
77045400,891.729166666667,1.22711570135627,0.502194655968782,14.79094199779,14.278639549279
77138100,892.802083333333,1.11047386688429,0.422874229097105,10.4005733928202,9.74309139575577
77229900,893.864583333333,0.980633621615448,0.358011545981095,10.0173674102242,9.33724657217322
77322600,894.9375,0.84168612617838,0.321441452375416,12.0016951412839,11.3430755483441
77414400,896,0.70582658119359,0.325373602928316,10.3036039646235,10.092794866614
77507100,897.072916666667,0.584468441304017,0.366187475534999,8.94824585454679,9.14435906233724
77598900,898.135416666667,0.500048371870298,0.428502446188341,10.7690580914481,11.2840574429372
77691600,899.208333333333,0.473536744042651,0.50045947505665,10.9281748248232,11.6392875535108
77783400,900.270833333333,0.512560430923706,0.573047583251975,10.5921094992913,11.3198331453768
77876100,901.34375,0.601209789056794,0.64379419552793,16.1924695301562,16.9139795135341
77967900,902.40625,0.715744007767545,0.709560605169091,18.204357341315,18.7639514525041
78060600,903.479166666667,0.843239990579329,0.770886822939859,16.2453062491629,16.6215810320884
78152400,904.541666666667,0.972720851011611,0.826259338529408,16.8014532464353,17.0087774707775
78245100,905.614583333333,1.10162324424861,0.876491021016904,15.5286151258481,15.4729356459571
78337800,906.6875,1.22511947862313,0.920573092778759,14.1647210512367,14.0133292817207
78429600,907.75,1.3391724117626,0.957465331414475,16.8871467728705,16.4838947461882
78521400,908.8125,1.44227201382656,0.986644293129352,15.0479778981181,14.3552499844407
78614100,909.885416666667,1.53248433701309,1.00704573092757,10.0642085559151,9.34627813702176
78705900,910.947916666667,1.60534955275646,1.01693202899459,8.897711880419,8.2727632422816
78798600,912.020833333333,1.65974924315432,1.0151820384412,8.33922430317154,8.12390436647944
78891300,913.09375,1.69270233652267,1.00054291806025,7.20100921411128,7.31840314483483
78983100,914.15625,1.70260510743927,0.972641314858534,11.0230561330046,11.3709310935637
79074900,915.21875,1.68895526097974,0.931207391334475,15.0281640627238,15.7184859580567
79167600,916.291666666667,1.65102804878593,0.876045275150906,14.0808812966975,14.8189968315164
79259400,917.354166666667,1.59002457259907,0.809308485760668,13.7444406693525,14.4511146479465
79352100,918.427083333333,1.50596645014239,0.731566811959301,15.9595472033676,16.5548468035235
79444800,919.5,1.40141965150256,0.646255522909092,15.5664767024874,16.0170564927832
79536600,920.5625,1.28078745053723,0.558316315828167,18.2655905699102,18.5799118163178
79629300,921.635416666667,1.14620970844143,0.471836038430323,19.8280587190347,19.7687693319669
79721100,922.697916666667,1.00657805575814,0.396842987604977,15.1912242651317,14.810437392957
79813800,923.770833333333,0.86810367405072,0.343598395756041,12.7709909882784,12.3098155106971
79908300,924.864583333333,0.742725370632001,0.325158207035596,12.9637082438338,12.3047841449226
80002800,925.958333333333,0.651482518126091,0.346280281261941,10.4108860563688,9.66399475880816
80095500,927.03125,0.61425025542293,0.395763535596915,10.6716889524878,9.98966813855232
80187300,928.09375,0.637368743745891,0.460297229593148,12.0094196182187,11.7854354498137
80279100,929.15625,0.711762858092047,0.531698053748833,10.2969840720857,10.7088611597185
80371800,930.229166666667,0.821132042063846,0.606002799272827,8.38145984910035,8.97991432940884
80464500,931.302083333333,0.949139478301147,0.680065127210473,11.8277607212603,12.521662717304
80556300,932.364583333333,1.08386834561709,0.751831008849003,13.907583668569,14.6755324700444
80649000,933.4375,1.22125310555415,0.821708658114859,15.5159424454027,16.2587011879347
80740800,934.5,1.35402094654178,0.887282931372553,19.3803127470894,19.9857246356314
80833500,935.572916666667,1.48100115842842,0.948472189575759,17.8718937212238,18.178605294779
80925300,936.635416666667,1.59625561222527,1.00236379504194,14.6533124543314,14.8648755296042
81018000,937.708333333333,1.69849804787536,1.04791754764498,17.0962907562418,17.151569093943
81109800,938.770833333333,1.78219076335055,1.08197265044849,16.9087433578529,16.6328575469581
81202500,939.84375,1.84550171449096,1.1029191018569,15.1834178913501,14.6935061172896
81294300,940.90625,1.88421536195721,1.10842753639693,15.0929846080668,14.3793302976201
81387000,941.979166666667,1.8968892016062,1.09729890507615,11.0974937704657,10.381769314474
81478800,943.041666666667,1.88222165612701,1.06932818845182,6.65600385661294,6.06609834429155
81571500,944.114583333333,1.84013409661542,1.02452756033078,8.54793885962965,8.12750537480373
81663300,945.177083333333,1.7728641227962,0.965248162742106,10.7854572253148,10.9520343869523
81756000,946.25,1.68157806896238,0.892604625238945,11.2329407507657,11.7923108857864
81847800,947.3125,1.571334409832,0.81081992005276,14.1729594971424,14.8981304317331
81940500,948.385416666667,1.44404817054887,0.721557812927159,15.9938013077614,16.76755748949
82033200,949.458333333333,1.30566944767314,0.62926336653097,13.4224259206482,14.1189131004265
82125000,950.520833333333,1.16375919795458,0.539072866630142,15.7033703621455,16.384592056994
82217700,951.59375,1.0234915049133,0.454565266927334,19.5329282196294,20.0003372459472
82309500,952.65625,0.898140983639588,0.384660207772229,18.320185901623,18.5055542101419
82402200,953.729166666667,0.799301355814302,0.33799462093928,18.405235970705,18.3607210936034
82494000,954.791666666667,0.744538914028755,0.325341973804537,16.7273240141808,16.3361335297674
82586700,955.864583333333,0.744052766883809,0.348912852569683,11.9124457411856,11.3584750801143
82679400,956.9375,0.797600434615856,0.401238412449209,12.6857141124813,12.0581500007114
82771200,958,0.891715054081528,0.470895632054073,13.7810706759168,12.9969182741861
82864800,959.083333333333,1.0144647992452,0.552194166683986,10.5688811786665,10.0170841012454
82957500,960.15625,1.15041070516074,0.638016396348506,9.58646976793086,9.40222026164239
83050200,961.229166666667,1.29208164445902,0.725955563466042,10.9478677225557,11.3077158730005
83142900,962.302083333333,1.43346502474219,0.813595244303222,9.77949068138015,10.4729214837834
83234700,963.364583333333,1.56861329190036,0.89786122282348,10.5205710503336,11.2401402248274
83327400,964.4375,1.69607864303939,0.977999635029451,16.7104147967847,17.5111368604727
83419200,965.5,1.80938679320109,1.04980056540141,18.1304224938949,18.857241528702
83511900,966.572916666667,1.90655478397057,1.11171556879527,17.2727030880338,17.8730907148711
83603700,967.635416666667,1.98145659022739,1.15951409173729,18.3426540108212,18.7372209221086
83695500,968.697916666667,2.03114708533648,1.19103230673929,16.4067988380676,16.561705212161
83788200,969.770833333333,2.05244754537393,1.20406234638509,16.1749216774848,16.2523374547574
83880000,970.833333333333,2.04301689651001,1.19710390699517,19.373578268022,19.1234988838776
83972700,971.90625,2.00252103732238,1.17007376189187,16.5106590997905,15.8712977148227
84065400,972.979166666667,1.93267569842549,1.12435265876622,12.1973020368187,11.4304716874959
84157200,974.041666666667,1.83795050789777,1.06311598144432,10.8710975812982,10.080349527468
84249000,975.104166666667,1.72223350790282,0.989048560243814,8.57960109200135,8.0277067022494
84341700,976.177083333333,1.58921928931066,0.904469994172325,7.43472099019866,7.10478507666673
84434400,977.25,1.4455332300435,0.813108800639883,11.8402653786176,11.9180302771474
84526200,978.3125,1.29871404237729,0.718623933178305,14.503559398682,15.1488036669375
84618000,979.375,1.15432434028661,0.622601120565088,13.4235997803646,14.2363078455582
84710700,980.447916666667,1.01986905715846,0.526805827574294,14.4030755246868,15.2245644525405
84802500,981.510416666667,0.909413313258489,0.436945300898398,16.0502748701482,16.8034079279059
84895200,982.583333333333,0.834787795859675,0.358085144430897,15.8088967893784,16.4690569697056
84987000,983.645833333333,0.810026618227252,0.303914777517639,20.1726881333679,20.7032731087891
85079700,984.71875,0.839278229143999,0.289971567356102,21.2053211752005,21.3428785916322
85171500,985.78125,0.915253575931837,0.323483018288814,16.7036659386611,16.5411366021632
85264200,986.854166666667,1.02602993165397,0.393801473416896,15.3192112646039,15.0149155119099
85356000,987.916666666667,1.15632512619218,0.48413833450522,14.9397852825831,14.3740060534611
85448700,988.989583333333,1.29837818551515,0.585820844314444,12.0946406263031,11.3620310994582
85541400,990.0625,1.44347971866768,0.691864218873531,13.2587547154497,12.4390528944593
85633200,991.125,1.58466772488411,0.797196607939501,12.9650996043942,12.4215628815201
85725900,992.197916666667,1.72013011663204,0.900696269739391,9.54005513862692,9.62592580626521
85817700,993.260416666667,1.84304277967551,0.997409412933548,8.19354293895085,8.56418581643381
85909500,994.322916666667,1.9505348380962,1.08535471644983,11.5280459368335,12.1313048814513
86002200,995.395833333333,2.03890210903309,1.16203290171917,12.9069654204879,13.7096748606759
86094900,996.46875,2.10231399745815,1.22318427403769,15.7324071498007,16.5716283100407
86186700,997.53125,2.13622709747002,1.26535984555791,20.1238887243772,20.8966838365412
86279400,998.604166666667,2.13801266949517,1.28695103963959,18.4255339729698,18.9684657429097
86371200,999.666666666667,2.10619309052005,1.28630757970781,15.9443230746633,16.3921007756199
86463900,1000.73958333333,2.0410613098713,1.26370748929195,18.7435352427343,19.0195262689345
86555700,1001.80208333333,1.94713523459278,1.22137190830095,18.1729709555833,18.1183099663995
86648400,1002.875,1.82767934972657,1.16136024469765,17.947581348748,17.6725433184164
86740200,1003.9375,1.69100955239971,1.08810684618434,17.6248955280818,16.9835213129097
86832900,1005.01041666667,1.54079006894324,1.00329009403342,12.6175303678841,11.7854816497562
86924700,1006.07291666667,1.38621271160772,0.911067535158129,8.32535927164589,7.49928507517543
87017400,1007.14583333333,1.23090222881075,0.811526118056411,10.1439253578416,9.41458970759757
87109200,1008.20833333333,1.0855181732536,0.708003655179575,10.4010243902857,10.233245925706
87201900,1009.28125,0.957155632050063,0.599800290032107,10.8153274949715,11.078713887473
87294600,1010.35416666667,0.86028515189053,0.489796011642151,14.4045521473411,15.0483332442246
87386400,1011.41666666667,0.809510026760689,0.382749553841779,15.5566542377129,16.4098688729709
87479100,1012.48958333333,0.813502706637495,0.285517745312892,13.1654880186881,14.0089548581845
87576300,1013.61458333333,0.875397021439864,0.220819652353612,16.7636500350292,17.5955797756166
87668100,1014.67708333333,0.975746830937973,0.231901692026396,19.8197217795138,20.4768571493254
87760800,1015.75,1.10343415119111,0.309588574741771,19.4874081904384,19.9370739607261
87852600,1016.8125,1.24384428339832,0.417491900679005,20.6353430909806,20.8043734410788
87945300,1017.88541666667,1.39072887786832,0.537848870002199,18.3691890882569,18.1651730802831
88039800,1018.97916666667,1.5389657541334,0.663517149325706,13.5002301181031,13.1405596774205
88131600,1020.04166666667,1.67648502928642,0.783976192220269,15.776012663382,15.2704260123861
88224300,1021.11458333333,1.80458860210547,0.900850092548124,15.2561369863387,14.4378313080138
88317000,1022.1875,1.91781800089197,1.01018323908541,11.7993659569551,10.9757554071477
88408800,1023.25,2.01118042495895,1.10830680621169,10.8875268068485,10.3445105525268
88501500,1024.32291666667,2.08213737395951,1.19423909366353,10.9051618217162,10.9878188938347
88593300,1025.38541666667,2.12495218223585,1.26330787216352,8.542752196389,9.10724901222965
88686000,1026.45833333333,2.13651507236466,1.31392141126306,10.747005181108,11.3153527252193
88778700,1027.53125,2.11356874401788,1.34289423900393,16.6247227691019,17.4534932082571
88870500,1028.59375,2.05630907062942,1.34895238048257,17.7029464633661,18.5713027013218
88963200,1029.66666666667,1.96572111544021,1.3323712895631,18.2044777179792,18.9908247310763
89055000,1030.72916666667,1.84806064644128,1.29507316118231,19.469711525201,20.0709408039285
89146800,1031.79166666667,1.70866524915925,1.2395882372513,16.8702606741613,17.2518520120029
89239500,1032.86458333333,1.55265469360001,1.16807792889123,18.5110039497658,18.8481465670185
89332200,1033.9375,1.38814390691531,1.0837681176292,21.2724454349204,21.2012572100554
89424000,1035,1.22348647847692,0.989832847934969,18.2463130878882,17.7749403738745
89516700,1036.07291666667,1.06271620570849,0.886038341425108,14.7161907566471,14.0287107502096
89608500,1037.13541666667,0.917990868727193,0.775580510655601,13.1562065477772,12.3072571447987
89701200,1038.20833333333,0.799199370086116,0.657355150377974,8.96651549606262,8.15458338963543
89793000,1039.27083333333,0.725047141397285,0.534942012225136,9.13585135195496,8.38455741010107
89884800,1040.33333333333,0.709178630606066,0.409371246893456,12.581269269746,12.3534011159908
89977500,1041.40625,0.75536037098844,0.284360386905,13.5635300260848,14.03979514049
90069300,1042.46875,0.85048884730139,0.178906618023631,12.9210243029018,13.7150102574806
90162000,1043.54166666667,0.978230824469408,0.152229448757182,14.7659433172035,15.6410135341466
90253800,1044.60416666667,1.12088882685082,0.236584203186017,15.6568166195523,16.533732838891
90348300,1045.69791666667,1.27329353376422,0.363981260897572,16.2023317082727,17.0537125602737
90441000,1046.77083333333,1.42066563241431,0.497249001163414,21.7141322340755,22.4225897625771
90533700,1047.84375,1.56050532442041,0.630168197721886,22.1379806010905,22.5071493629941
90625500,1048.90625,1.68744476147968,0.757824044610583,18.0869807818141,18.1682227663392
90718200,1049.97916666667,1.80040845181771,0.880332568402483,18.0144465815501,17.921004957578
90815400,1051.10416666667,1.89874675175644,0.999684302023909,16.0424179303266,15.5997792571174
90908100,1052.17708333333,1.96979099574694,1.10273296843875,14.8125164965121,14.2288527219611
90999900,1053.23958333333,2.01474803911447,1.19220163078667,15.8578356419876,15.0082949972512
91092600,1054.3125,2.03109492870475,1.26737611471025,13.7193862925224,12.9400132173986
91184400,1055.375,2.01572376963839,1.32421484149274,8.94624574461255,8.65194514283602
91276200,1056.4375,1.96744630799923,1.36116760816189,8.82612174407585,8.78593198246488
91368900,1057.51041666667,1.88579329732814,1.37662080988847,11.2160305769865,11.7199750350189
91460700,1058.57291666667,1.77515313131243,1.36976127670445,11.9565288234891,12.6754871986479
91553400,1059.64583333333,1.63825897345638,1.34124468837069,16.6256051509678,17.4879527874653
91645200,1060.70833333333,1.48385589192718,1.2934389035482,20.4485404743015,21.344123198243
91737900,1061.78125,1.31548295270979,1.22779084856481,18.1937596727383,18.9219194340285
91829700,1062.84375,1.14285034816538,1.14798966138077,17.5814286615229,18.2678711443624
91925100,1063.94791666667,0.96439761022465,1.05178949495362,19.8309680357652,20.2688908064616
92016900,1065.01041666667,0.802098386895271,0.948363049250183,19.3851825972013,19.589968884901
92108700,1066.07291666667,0.661697642438796,0.835942289009765,20.6811758952505,20.588872813182
92201400,1067.14583333333,0.562769905347447,0.714930571427915,19.7214536482421,19.1891566252516
92293200,1068.20833333333,0.532551323735083,0.589591830572686,13.1931053926463,12.3734751675779
92385900,1069.28125,0.580196818796763,0.460327168033287,11.2419495390934,10.3976434618416
92478600,1070.35416666667,0.687290790743659,0.333930681803156,11.6967096949775,10.8215116382377
92571300,1071.42708333333,0.826686944959319,0.22554382557957,10.312626993504,9.75621129002901
92663100,1072.48958333333,0.977677770321991,0.180715598427385,11.4886416228735,11.4297468387812
92755800,1073.5625,1.13169101783772,0.23928503486548,14.8718681816684,15.3747693556558
92847600,1074.625,1.27853739090045,0.350598889632186,14.5712127320556,15.4597023148091
92940300,1075.69791666667,1.4160476393449,0.477233440355315,12.6898218831347,13.6121168860785
93032100,1076.76041666667,1.53783116279987,0.604179021739875,17.5392352574311,18.4677086097573
93124800,1077.83333333333,1.6432987474634,0.729082090474803,19.7621988925719,20.6028170110402
93216600,1078.89583333333,1.72795982625679,0.847066422653052,20.6266813811156,21.2969925059481
93309300,1079.96875,1.79127990873159,0.958776808550795,22.6837898752796,23.079513923893
93402900,1081.05208333333,1.83051388912096,1.06248774266047,19.0925231028542,19.073411317815
93495600,1082.125,1.8429214087074,1.15451476225959,15.9432837885473,15.8776680253617
93588300,1083.19791666667,1.82725713178208,1.2338198218732,18.2047528803288,17.8290253082802
93680100,1084.26041666667,1.78291603780728,1.29738128285581,17.0075220011868,16.2661618183812
93772800,1085.33333333333,1.70888160026458,1.34385495609435,13.6201028976634,12.7089657422276
93864600,1086.39583333333,1.60789177409652,1.37012702406187,12.8928908809948,12.0576311447501
93957300,1087.46875,1.48091195698704,1.3753350102078,10.6282468924444,10.4391897040591
94049100,1088.53125,1.33467994289721,1.359175115368,7.4080288149422,7.53923466042676
94140900,1089.59375,1.17313797532393,1.32273068155599,11.381040898268,11.7426086247149
94233600,1090.66666666667,0.999960250476174,1.26714804036754,16.0485819165641,16.822516023604
94326300,1091.73958333333,0.822486632857338,1.19498671451682,17.3118046521256,18.2530795476595
94418100,1092.80208333333,0.649422126901093,1.10960735708749,19.0904141996325,20.0244455257049
94510800,1093.875,0.488862474501815,1.01176219709062,20.0062408469867,20.766209014535
94602600,1094.9375,0.368652809460629,0.905709314491714,17.1527380640854,17.8092047189812
94695300,1096.01041666667,0.333987566114734,0.791841281329101,20.5920290519982,21.1332144212366
94787100,1097.07291666667,0.405868089480904,0.675175116538621,22.9546117544176,23.1217784643913
94882500,1098.17708333333,0.544777678538532,0.553856577520225,19.4953665896497,19.2215289210327
94975200,1099.25,0.701620910117988,0.442289267595934,17.7643033883545,17.2534479716751
95067900,1100.32291666667,0.861847657096191,0.348899222143546,14.6102109666785,13.7727417277185
95160600,1101.39583333333,1.01670783397102,0.295521226490004,10.1853765525614,9.27572485292956
95252400,1102.45833333333,1.15938526795459,0.304440430064474,11.5351681610287,10.6127391435925
95345100,1103.53125,1.28862595837715,0.369769337154585,13.6151486980122,13.0771572678126
95436900,1104.59375,1.39876099060183,0.464802739466128,12.7009778378579,12.9699493857575
95529600,1105.66666666667,1.48947358466081,0.573124243349771,12.3964085641368,13.0158237792306
95624100,1106.76041666667,1.55889061293663,0.686973206818135,15.3095549097152,16.2025300859224
95715900,1107.82291666667,1.60288608728846,0.796415036381179,14.4174844667579,15.3815233364823
95808600,1108.89583333333,1.62325093498354,0.90321592430655,17.1756067767508,18.13846506895
95900400,1109.95833333333,1.61934869972048,1.00339733896035,23.0077377844746,23.880499416111
95993100,1111.03125,1.5911152631013,1.09693730427123,22.5043775919611,23.0658287574132
96084900,1112.09375,1.53935061763424,1.17968964976255,19.7567542959919,20.1401049593929
96176700,1113.15625,1.46448485544135,1.24989649777854,19.9699935415249,20.0452278211169
96269400,1114.22916666667,1.36659172432133,1.30515726829907,17.5529492349155,17.3787241250555
96361200,1115.29166666667,1.24945877874703,1.34181187726457,17.4258425974294,17.0385315843231
96453900,1116.36458333333,1.11356063952836,1.35873157727508,18.7987147069316,18.0276314443404
96545700,1117.42708333333,0.965072205709376,1.35486155351042,14.5948121226661,13.6523625592129
96638400,1118.5,0.805387146577251,1.3305817855307,9.63140350596039,8.83084018900677
96730200,1119.5625,0.642781779868531,1.28782598536527,9.83607912914732,9.44884722570864
96822900,1120.63541666667,0.481662101194193,1.22795412898308,10.0660272890577,10.2498074309612
96914700,1121.69791666667,0.340533114958259,1.15468861134992,11.5542983666378,12.0742538058753
97008300,1122.78125,0.257402052708378,1.06845872046764,17.0833503357583,17.8625761475606
97100100,1123.84375,0.291815106447873,0.975325140427756,20.4514759247851,21.4306529113735
97192800,1124.91666666667,0.411958189479453,0.875443611535693,17.7070525867893,18.6341099876311
97284600,1125.97916666667,0.559509333742387,0.773608929043857,19.0878070899703,19.9394268679979
97377300,1127.05208333333,0.713998751709578,0.671152466384855,20.3794634679677,21.059721365074
97469100,1128.11458333333,0.863113291104403,0.574369830098653,20.6421732506095,21.1011740428176
97561800,1129.1875,1.00433621417121,0.487798239964903,23.4915781575492,23.6741870579992
97653600,1130.25,1.13079879682469,0.422793843573847,21.5581106053808,21.1946769226863
97746300,1131.32291666667,1.24134005211427,0.390766048852931,14.9718067068691,14.3593784621245
97839000,1132.39583333333,1.33145325791409,0.401606065599966,13.9760184571543,13.2066797575429
97930800,1133.45833333333,1.39806266068837,0.451612318145068,13.4199952718084,12.4694871472131
98023500,1134.53125,1.44083002822523,0.529868961059258,11.12637552418,10.2512755841277
98115300,1135.59375,1.45831690056486,0.623350539742671,12.5900977562379,12.0432037965304
98208000,1136.66666666667,1.45127242738581,0.725740350899,15.0668409935503,15.356028400321
98299800,1137.72916666667,1.42106859752715,0.829647801879066,12.6308165909269,13.4309984321513
98392500,1138.80208333333,1.36892581129774,0.933013722640839,12.9596697187727,13.8642369401613
98484300,1139.86458333333,1.29791838083683,1.0303276456007,17.2670671265418,18.2431523766967
98577000,1140.9375,1.20883040086036,1.1201115988631,19.6480771708416,20.6229654624303
98668800,1142,1.10560105280573,1.19738263666836,21.6445704657464,22.5401709465725
98761500,1143.07291666667,0.9886488413347,1.26063946258777,24.3839329103298,24.9782583101016
98853300,1144.13541666667,0.86315825421295,1.30621297928977,19.8553136100787,20.1457272576313
98946000,1145.20833333333,0.730647224354464,1.33335510957897,18.2342465327865,18.409630485496
99037800,1146.27083333333,0.599619078167594,1.34092671791843,20.593047063115,20.480919220754
99129600,1147.33333333333,0.478911182308947,1.32970973916404,18.8368960976007,18.2630304164636
99222300,1148.40625,0.386732215491247,1.30066804886706,16.5479866677698,15.741485889669
99314100,1149.46875,0.354496159780508,1.25636920104125,15.1672984319742,14.1867879013024
99406800,1150.54166666667,0.397894582617762,1.19835897917709,10.1139363765514,9.43836735057261
99498600,1151.60416666667,0.495270439450661,1.13025913919692,7.82076678530785,7.43958255384782
99591300,1152.67708333333,0.619761374524852,1.05316819136946,11.4461931296276,11.3867977506034
99683100,1153.73958333333,0.751961583392761,0.970771359108584,15.457925522735,16.0904614981697
99775800,1154.8125,0.885219599953915,0.883431120555607,16.1987158678492,17.0947471916792
99867600,1155.875,1.01124060400043,0.794666449603506,20.146527197597,21.1559040711333
99960300,1156.94791666667,1.12806335986337,0.704752441094915,19.4852637687424,20.4294519822885
100053000,1158.02083333333,1.2304412268246,0.61736396095157,17.9458793444298,18.8053614474741
100144800,1159.08333333333,1.31389600743663,0.537908715307058,21.9396811719118,22.7277142330903
100237500,1160.15625,1.37658973488018,0.472834942506965,24.3427069131331,24.7397569232668
100329300,1161.21875,1.4143953464424,0.435332926740539,21.4412776072324,21.5190639624837
100422000,1162.29166666667,1.42603395096974,0.436895868003328,20.8518935953557,20.5491107026667
100514700,1163.36458333333,1.41030871780589,0.481189273020459,16.4728952166074,15.8213800500703
100606500,1164.42708333333,1.36861188154396,0.55839601640353,12.434686063743,11.6202382657626
100699200,1165.5,1.30244938355527,0.656939435717887,14.2865594574921,13.3400550563479
100791000,1166.5625,1.21649482534486,0.763923038509867,14.7094463711643,13.8611608190693
100888200,1167.6875,1.10774601392854,0.878531312888843,11.578726851637,11.3402646781619
100980900,1168.76041666667,0.991503808929635,0.982953152222146,12.9797225816491,13.3249837939936
101073600,1169.83333333333,0.867532640872657,1.07810741771877,14.1138403897292,14.8971772044753
101165400,1170.89583333333,0.742002733682644,1.15991095586378,13.8186216141434,14.793090054436
101258100,1171.96875,0.618959893816446,1.22751516870817,17.1487782704564,18.1420593920491
101350800,1173.04166666667,0.510049820854309,1.27840357037266,23.7331175161238,24.7336872968639
101442600,1174.10416666667,0.43327602832022,1.31151041278899,22.4455898535449,23.2724666102408
101535300,1175.17708333333,0.40967941680881,1.32745760065856,21.9270681145978,22.5458600825546
101627100,1176.23958333333,0.449490169232683,1.32662327167441,21.3477060289972,21.7074193799641
101719800,1177.3125,0.538423281515312,1.31027493069645,19.0871396738038,19.1663465749828
101812500,1178.38541666667,0.654146289765904,1.28002849069936,20.4991920497202,20.4228481095698
101905200,1179.45833333333,0.781283465360925,1.23773580311333,21.3498317807351,20.7073914196815
101997000,1180.52083333333,0.909592705015337,1.18573766014809,15.7172285302782,14.7606408687046
102088800,1181.58333333333,1.03483675689118,1.12516717079305,11.9193498601457,10.9158048065791
102181500,1182.65625,1.15422307872548,1.05645031639204,10.5331228975866,9.71351079561416
102273300,1183.71875,1.26214450105798,0.98166990119854,9.72646965883852,9.52246978707641
102366000,1184.79166666667,1.35757252698162,0.899835887556553,10.9386035422106,10.9736031160415
102457800,1185.85416666667,1.4355028665819,0.81302551369545,17.609836729172,18.2327171003676
102550500,1186.92708333333,1.49415119838084,0.720641350239431,18.8860798514785,19.8811976160901
102643200,1188,1.52930045332205,0.626310959352023,18.2827231135782,19.324310259767
102735000,1189.0625,1.53790146843794,0.537229702507381,19.3530040355773,20.3657509706739
102827700,1190.13541666667,1.51778537057127,0.464199425224632,21.0073250552982,21.8719495948995
102919500,1191.19791666667,1.46835490346672,0.428058120798852,21.6337734242168,22.3952332350715
103014000,1192.29166666667,1.38769597519166,0.446041610494758,26.0837017972263,26.4870140564978
103107600,1193.375,1.28109044941745,0.515924920078019,22.6546578528968,22.5782753195031
103199400,1194.4375,1.15549597249599,0.615826427506499,17.5385882824177,17.1570174815321
103293900,1195.53125,1.01070156336892,0.732168826858179,16.8009710301215,16.2447204721051
103386600,1196.60416666667,0.860331209317192,0.84723154328102,15.031659779907,14.1171281240967
103478400,1197.66666666667,0.711080584094021,0.954744917374048,12.9796041192127,11.9651170867662
103571100,1198.73958333333,0.570575295546895,1.05242405666106,14.724041388697,13.896596907015
103662900,1199.80208333333,0.458793919728652,1.13585207367532,13.8155577227126,13.7446368193593
103755600,1200.875,0.40196216978242,1.20530173867604,11.905412716519,12.5088530871448
103847400,1201.9375,0.424654331010022,1.25887585204014,12.2615702911965,12.9879023942796
103940100,1203.01041666667,0.515165476320466,1.29764195135545,17.4552131860659,18.4287712116932
104032800,1204.08333333333,0.642587668777609,1.3214365199798,18.5235350100371,19.5760382268983
104125500,1205.15625,0.785248618502474,1.33099533403572,23.5853387811331,24.6115709544804
104217300,1206.21875,0.930198197945957,1.32733261640202,24.5787220057759,25.393259613296
104310000,1207.29166666667,1.07383685688479,1.31134139080819,21.015616018881,21.5489202819328
104401800,1208.35416666667,1.20925173521691,1.28421554770741,20.3885047897755,20.8738060505881
104494500,1209.42708333333,1.33598509149238,1.24612695523102,22.7465184318783,22.8221162728462
104586300,1210.48958333333,1.44900778539197,1.19823586009879,20.4116179917521,20.1463293656315
104678100,1211.55208333333,1.5472584054202,1.14033538440902,20.0722466549773,19.4056659720831
104770800,1212.625,1.6291067104635,1.0715613998711,16.5564362390886,15.5588361533843
104863500,1213.69791666667,1.69098882919883,0.992177280503273,10.796137471132,9.83170163645049
104955300,1214.76041666667,1.72993004050598,0.903076795361966,8.85591970744044,7.93150912029232
105048000,1215.83333333333,1.74385239770795,0.803280965784202,12.6422714074798,12.2786282430205
105140700,1216.90625,1.72943838682134,0.696206966116435,13.4257501666477,13.7603419407226
105233400,1217.97916666667,1.68432477765597,0.588095482967703,16.8390661821974,17.5991366411878
105325200,1219.04166666667,1.6081496172361,0.49277325173872,19.6169042650147,20.6341022323893
105417900,1220.11458333333,1.4999855273447,0.431092614461141,19.5519516741527,20.6084443460821
105510600,1221.1875,1.36341027477555,0.429567683440767,17.7646991804651,18.8082739124119
105602400,1222.25,1.20562047231909,0.489982866194729,24.0187723162592,24.9533810078526
105695100,1223.32291666667,1.03129290263042,0.590351984941368,24.4355176326405,25.1000045029161
105786900,1224.38541666667,0.853501685839769,0.705018713171519,24.1157735145272,24.4517395826064
105879600,1225.45833333333,0.681633000501758,0.821418975482194,22.8228158864909,22.7880032997418
105972300,1226.53125,0.537495008258229,0.930568353269472,18.3245050172156,17.850486146801
106064100,1227.59375,0.454804142004029,1.02771904846876,15.0176204115626,14.5065616837114
106157700,1228.67708333333,0.465868655165221,1.11391362558061,17.5105571598865,16.6051105851064
106249500,1229.73958333333,0.561375191751457,1.18538971294454,14.9490108073477,13.9060016290164
106342200,1230.8125,0.704461826376027,1.24456541735143,12.66409150747,11.980842069902
106434000,1231.875,0.865047104821134,1.29062815280256,12.4440299526466,12.340173267161
106526700,1232.94791666667,1.03208703873039,1.3248357025224,13.9109862974144,14.5270383500861
106618500,1234.01041666667,1.19479536184125,1.34678175510163,11.627849504785,12.4579522569292
106711200,1235.08333333333,1.35150985758866,1.35701661742791,18.2870509986319,19.2317226029321
106803000,1236.14583333333,1.49564283251417,1.35530755928099,22.6072973072224,23.6903258546798
106894800,1237.20833333333,1.62588275131539,1.34163086675966,23.4037060306463,24.4097603388373
106987500,1238.28125,1.74076873075101,1.31535829574128,22.8074197534871,23.6766485098285
107080200,1239.35416666667,1.83665061861095,1.27613675406165,23.1240151279941,23.6949157366223
107172900,1240.42708333333,1.9113863800151,1.22348487434379,19.9574120784991,20.3968708911339
107266500,1241.51041666667,1.96327533080758,1.15625313887293,23.8873564564633,24.0315316290556
107353800,1242.52083333333,1.98842009054737,1.0806063520375,23.2079568564711,22.8523926587769
107446500,1243.59375,1.98848666366615,0.986881139518017,18.5137987650066,17.6965313240053
107538300,1244.65625,1.95944543732988,0.881697663316004,14.1055036168426,13.1241576138244
107631000,1245.72916666667,1.89884139006623,0.766068446267686,12.610113241765,11.579010937824
107722800,1246.79166666667,1.8067081552027,0.648510794454321,8.69775027200923,7.90326169100252
107815500,1247.86458333333,1.68152188863367,0.538893812492689,12.31230333425,11.8805261999688
107908200,1248.9375,1.52658075032861,0.459636857392861,16.3623852925903,16.6807209822473
108000000,1250,1.34921905880595,0.437089328278578,18.639663648808,19.5458764358743
108092700,1251.07291666667,1.15469479301216,0.4798292569283,17.0182481580963,18.083608619852
108184500,1252.13541666667,0.959048795290891,0.567422946541161,20.5488696609212,21.6468742660448
108276300,1253.19791666667,0.777800936640582,0.674810514684215,19.7562007239174,20.8029034820373
108369000,1254.27083333333,0.636304358871774,0.786894618647922,23.6303618730577,24.5953783952708
108460800,1255.33333333333,0.57381126773952,0.893261941623639,26.9963318451235,27.6945834026096
108553500,1256.40625,0.611661215376492,0.992295001301072,25.2162656841126,25.4371820153576
108646200,1257.47916666667,0.730079196959675,1.08155451838348,19.5981291016172,19.5895738419778
108738000,1258.54166666667,0.889858149255916,1.16001874636039,20.1193079429676,19.785268538608
108830700,1259.61458333333,1.06882243115158,1.22924460999406,16.5670841967515,15.9159869667491
108922500,1260.67708333333,1.24996870399273,1.28782625266478,16.4002321235424,15.4748284132631
109014300,1261.73958333333,1.42731129501962,1.33615997072192,16.0795344010858,15.006715514089
109107000,1262.8125,1.59733047583055,1.37392500879748,14.5965358628815,14.0475394938365
109198800,1263.875,1.75274653235708,1.39948606977377,9.93930831990739,10.0795448127815
109291500,1264.94791666667,1.89319239234981,1.41226321417831,12.8225422126252,13.2519670971287
109383300,1266.01041666667,2.01297965052427,1.41090104040295,15.0085703141086,15.8442346469386
109476000,1267.08333333333,2.11181918015898,1.39433901961238,18.5100231524408,19.5232342934978
109567800,1268.14583333333,2.18553499603654,1.3620789525626,22.8474541523472,23.9541520175391
109660500,1269.21875,2.23361537573299,1.31296219815669,26.0597093459968,27.071488587897
109752300,1270.28125,2.25347190721669,1.24782119079253,21.0520510272954,21.8797036945763
109845000,1271.35416666667,2.24404076792413,1.16578137164629,22.9259390425019,23.6493690437996
109937700,1272.42708333333,2.20372686230445,1.06852725473519,23.4963877987005,23.918406963114
110029500,1273.48958333333,2.13240483320029,0.959349809551349,23.5384521974057,23.6012749345395
110122200,1274.5625,2.02824711962251,0.839837024191354,22.7057368621875,22.3698886990676
110214000,1275.625,1.89388259972394,0.718478882998336,20.1177764865658,19.2502556295531
110306700,1276.69791666667,1.72907040552916,0.603249047806956,11.7729959206317,10.7215657397508
110398500,1277.76041666667,1.54198899187142,0.51261956606144,11.8068534120806,10.723236513371
110491200,1278.83333333333,1.3375524159591,0.466225521298605,12.0392801929886,11.1922353187625
110583000,1279.89583333333,1.13271533554153,0.478590305513478,13.4522076744036,13.2737351328003
110675700,1280.96875,0.94297338299874,0.541355285232366,15.1442454477957,15.5456277837896
110767500,1282.03125,0.800094578966476,0.632214522204379,20.103006861197,21.0040004164923
110860200,1283.10416666667,0.735965253357373,0.735674914551455,17.7882882488097,18.9054728604073
110953800,1284.1875,0.772454762963059,0.842166428162781,18.7654623887007,19.8893955372867
111046500,1285.26041666667,0.891299560527572,0.944841382033618,23.1370231685715,24.2290419981652
111138300,1286.32291666667,1.05646894829305,1.04158443304709,25.9567279767404,26.8690160903522
111230100,1287.38541666667,1.24325816569055,1.13224713974054,25.235787009899,25.9118014036511
111322800,1288.45833333333,1.43832264871369,1.21666547024331,26.2740518530032,26.5365357886464
111415500,1289.53125,1.63055780659906,1.29277751860802,19.578367632542,19.4640325273347
111507300,1290.59375,1.81202143952874,1.35853680542668,18.8262933420915,18.5851569936182
111602700,1291.69791666667,1.98621518123646,1.41490274733827,19.6059480826252,18.9535293562912
111694500,1292.76041666667,2.13589158811103,1.45567523928881,17.7035140311767,16.6482341183905
111787200,1293.83333333333,2.26549765024047,1.48149411305077,13.3444010723643,12.2819111753263
111879000,1294.89583333333,2.36929748604418,1.49014441545978,14.1556443143676,13.5559968466508
111971700,1295.96875,2.44652452511519,1.48045405258362,11.4765341111616,11.7462363016649
112063500,1297.03125,2.49346641508262,1.45183850851185,11.5532683912409,12.0542176428298
112156200,1298.10416666667,2.50942728636094,1.40362554759078,16.5760861358435,17.3312023953515
112248000,1299.16666666667,2.4931219505994,1.33735757704126,22.6945647481213,23.7650367674311
112340700,1300.23958333333,2.44382800991682,1.25308736141989,22.2157056775146,23.3459842816065
112432500,1301.30208333333,2.36264586835428,1.15451733599845,25.0537226660428,26.1044451231175
112525200,1302.375,2.24872732108586,1.04259796484942,22.8188161071121,23.6474480591689
112617000,1303.4375,2.10583365990083,0.923300415623154,22.2666902601231,22.9842251424596
112709700,1304.51041666667,1.93403270258105,0.79950701853951,25.2249678491983,25.713167532467
112801500,1305.57291666667,1.7415061298785,0.680925989228622,26.4512021677535,26.3884251824762
112894200,1306.64583333333,1.53242116642706,0.576109302487186,20.1795977665981,19.6834994690717
112986900,1307.71875,1.32095963658797,0.501740489349658,18.3594573995563,17.5316346171253
113079600,1308.79166666667,1.12579039396948,0.474509105758694,13.2058736036581,12.1271137460723
113171400,1309.85416666667,0.974935015134615,0.500187081270241,11.0055968309781,9.91168040695023
113264100,1310.92708333333,0.897437465866838,0.568731928355905,12.5219825490241,11.6202665372687
113356800,1312,0.916071629856434,0.663174952947933,17.0138176059158,16.9193652247251
113448600,1313.0625,1.02022984127329,0.769392594578656,16.1022517421744,16.7949241493046
113540400,1314.125,1.18081346345274,0.880521884017466,17.744052335915,18.6929922744856
113633100,1315.19791666667,1.37276854982373,0.993049783497041,19.0778915483015,20.2011606396006
113724900,1316.26041666667,1.57418879488817,1.10166914422572,20.2445854213827,21.3897998827346
113817600,1317.33333333333,1.77758231273204,1.20594080930271,23.3038598059706,24.4218620087007
113909400,1318.39583333333,1.97155142095411,1.30142543642282,29.2618460050273,30.1814776980692
114002100,1319.46875,2.15427978102927,1.38748364108271,25.3612739972294,25.8996046194862
114093900,1320.53125,2.3175498032808,1.45987638337127,23.4286238756773,23.7345436072927
114186600,1321.60416666667,2.46024932199334,1.51741993997874,21.3948693358963,21.3700879862889
114278400,1322.66666666667,2.57563965743259,1.55659348477696,19.8323538177288,19.4725455274332
114371100,1323.73958333333,2.66235430460383,1.57612398236725,18.7869088141969,18.1303362590753
114463800,1324.8125,2.71608563032684,1.57411769554633,19.6845407761483,18.600903474999
114555600,1325.875,2.73466017434575,1.55034782601899,13.6337840867916,12.6862720649352
114648300,1326.94791666667,2.71734912250176,1.50473938060708,10.9524297099593,10.4320120307845
114740100,1328.01041666667,2.66451696604955,1.43948550165917,11.4555139111741,11.5004619163062
114832800,1329.08333333333,2.57621329219217,1.3554139740962,14.5284142129277,15.0762535112385
114924600,1330.14583333333,2.45613681345202,1.25677773964925,16.5557666844925,17.4083757273009
115017300,1331.21875,2.30478770984293,1.14461452047283,24.1702696850994,25.2485173146512
115109100,1332.28125,2.12886017703876,1.02423520723481,24.7817950536966,25.9160923091757
115201800,1333.35416666667,1.9300605239835,0.896774589733499,22.7331667430018,23.7783012108922
115293600,1334.41666666667,1.71943553721195,0.768959881181426,23.2100446292145,24.1459366777703
115386300,1335.48958333333,1.50349453051236,0.644502618784691,25.6918066723909,26.3868804767828
115478100,1336.55208333333,1.30200242706777,0.535868940624981,24.5582561957997,24.974241182066
115570800,1337.625,1.13387233908835,0.457751304173809,27.0153943491776,26.9784726095111
115662600,1338.6875,1.03115749034154,0.43280217912041,21.2645109425644,20.6464504527456
115755300,1339.76041666667,1.01669117529039,0.470313141164775,15.4457049233561,14.5846526446932
115847100,1340.82291666667,1.09288984497225,0.556337380330531,13.4379545598144,12.4224562166173
115939800,1341.89583333333,1.23904005924595,0.671560329200339,14.2255164330979,13.1215782821979
116031600,1342.95833333333,1.42435149100876,0.798798614152253,12.1729334089795,11.4667278033919
116124300,1344.03125,1.6305615295056,0.93151940309723,16.2441638764622,16.1449302089494
116216100,1345.09375,1.83947273333476,1.06159982795227,18.3516275525483,19.0799860924067
116307900,1346.15625,2.043826002329,1.18640732748338,17.365954025463,18.4136500791078
116400600,1347.22916666667,2.23891417566882,1.30381447594194,17.559291571818,18.6796479121144
116492400,1348.29166666667,2.41568392649032,1.40857692618466,23.9006858532216,25.0639172292221
116586000,1349.375,2.57422722307176,1.50065142702441,24.9876982129644,26.079046618526
116677800,1350.4375,2.70388906176346,1.57369217932654,28.187596912918,29.1214373384775
116771400,1351.52083333333,2.80523848859646,1.62788394510063,26.9471242738143,27.4839817415372
116864100,1352.59375,2.87080597464358,1.65912965914562,22.5475433528484,22.7782959546749
116955900,1353.65625,2.89834781821958,1.66656778982586,20.7140399975564,20.8087519256136
117048600,1354.72916666667,2.88637912154008,1.64978521013095,23.426880912217,23.0601105466425
117140400,1355.79166666667,2.8347328650135,1.60965020924587,18.8712833685846,18.0184270659591
117233100,1356.86458333333,2.7437463800222,1.54697806213625,17.319158589063,16.2121967174934
117324900,1357.92708333333,2.61809656760508,1.465332038259,14.1280781082137,13.1524795400463
117417600,1359,2.45951993386025,1.36584853344157,11.2424053230295,10.8964528639352
117510300,1360.07291666667,2.27425198747661,1.25196236426926,9.78240256359874,9.83706655205922
117602100,1361.13541666667,2.07042217250474,1.12742121488115,16.8588816570363,17.2626693798668
117694800,1362.20833333333,1.85128689180045,0.992059408825346,20.320494836839,21.2887032722197
117786600,1363.27083333333,1.6304329135024,0.850969843848691,22.8727390135057,24.0079858104125
117879300,1364.34375,1.41681472131681,0.704944289566696,24.7951115427891,25.9540496149585
117971100,1365.40625,1.23359655827123,0.563080327858039,24.1536510489121,25.1968164104279
118063800,1366.47916666667,1.10338060580642,0.43579363593809,22.2417562658897,23.193637817826
118155600,1367.54166666667,1.05554595545373,0.353373924651891,28.2767516577032,29.0380865078802
118248300,1368.61458333333,1.10085451520212,0.353460472359203,27.2421711704819,27.5106036660092
118340100,1369.67708333333,1.22453586568677,0.437271692605247,24.4090827820134,24.2875944248926
118432800,1370.75,1.40143430611811,0.568208879912877,20.5144734550513,19.953748877625
118524600,1371.8125,1.60349737926744,0.715707417310505,16.6228738927787,15.7147420270644
118617300,1372.88541666667,1.81729441682322,0.869020030155514,12.1926594127775,11.1483468881783
118709100,1373.94791666667,2.02745641549465,1.01833183289881,15.6014970571288,14.4622133946563
118801800,1375.02083333333,2.23040252057804,1.1623374921311,15.5658220600347,15.0145685454273
118893600,1376.08333333333,2.41651682891581,1.29515587184855,15.4967587972725,15.6868634575601
118985400,1377.14583333333,2.58305782784818,1.41558157133193,16.3993254645031,17.1476113428091
119078100,1378.21875,2.72676715755588,1.52202910260509,18.8444207837682,19.875022057561
119172600,1379.3125,2.84310845233688,1.61213886513728,18.4195828480866,19.5788921479447
119264400,1380.375,2.92223837905424,1.67923531109902,24.676533672743,25.8541151609028
119356200,1381.4375,2.96360342623812,1.72374578259151,28.7752708857365,29.8613052043853
119448900,1382.51041666667,2.96353496394566,1.74378065650481,27.5907298425186,28.4346164172526
119541600,1383.58333333333,2.91951696216505,1.73762851318459,24.8370116365009,25.4235603978681
119633400,1384.64583333333,2.8329625463701,1.70573645168126,24.6084787267836,24.9021022193222
119726100,1385.71875,2.70498194000274,1.64870291697836,20.9608636133834,20.9489553563098
119817900,1386.78125,2.54293203618113,1.56978797099756,23.5543647298946,23.2168274659547
119909700,1387.84375,2.35202551514169,1.47116608851325,21.2622445739094,20.3321048421609
120002400,1388.91666666667,2.13718438729375,1.35425740840927,15.9125127130207,14.758402847846
120094200,1389.97916666667,1.91037915840684,1.22373910363985,11.1159530361983,10.141922462335
120186900,1391.05208333333,1.67623062153578,1.079251374797,12.160080018078,11.6053488807662
120280500,1392.13541666667,1.44648003186435,0.922702264696813,12.0578208653334,12.261495088708
120373200,1393.20833333333,1.24233800166734,0.75993233989213,16.6516690352267,17.1188793175709
120467700,1394.30208333333,1.08327086677566,0.590688027171779,23.0387779024162,24.024136820835
120559500,1395.36458333333,1.00550226361352,0.431983379987343,24.6559543401499,25.8374408509747
120652200,1396.4375,1.02343125029152,0.301017453280582,22.314446513588,23.4787334201055
120744900,1397.51041666667,1.13068634714472,0.259931299960936,25.2064770221761,26.3113215722245
120836700,1398.57291666667,1.29738488638376,0.342879317357021,25.2761281024521,26.1892729294466
120929400,1399.64583333333,1.4985827465451,0.488689419784988,27.9062469718338,28.6320249672482
121021200,1400.70833333333,1.71050779439258,0.650369083655718,28.6667223340747,28.911192659664
121113900,1401.78125,1.92436784706206,0.815468607143589,24.4716224416543,24.189312974324
121206600,1402.85416666667,2.12963916258913,0.976047435675357,17.2883591326225,16.7206634464809
121298400,1403.91666666667,2.31865224634226,1.12727114783609,17.6226416286156,16.8085097678247
121391100,1404.98958333333,2.49054265435648,1.2698264382409,14.5466894509109,13.413328551674
121482900,1406.05208333333,2.6379358059785,1.39905179124507,14.5003456037833,13.390442707855
121574700,1407.11458333333,2.75856921127777,1.51447242569022,15.8475429825927,15.3361619270032
121668300,1408.19791666667,2.84955199460398,1.61567420585635,17.5108848599718,17.877165730715
121760100,1409.26041666667,2.90275798222402,1.69614197001566,15.4578254680797,16.3766325112941
121852800,1410.33333333333,2.91576601321965,1.75555041417035,18.0041368083411,18.979619599758
121945500,1411.40625,2.88426965086576,1.79004148492275,22.5024644769689,23.6701094382631
122037300,1412.46875,2.80759557343766,1.79728761508038,25.7339381380745,26.928637702635
122129100,1413.53125,2.68676263455661,1.77657243408795,28.8352269691884,29.9263722712576
122221800,1414.60416666667,2.52404715965726,1.72761074983454,29.0391197545963,29.8513869497595
122314500,1415.67708333333,2.32707951972104,1.65227045801009,23.2468962657567,23.7649662290817
122406300,1416.73958333333,2.10631653640841,1.55443729239358,24.7622715574359,25.1743192838675
122499000,1417.8125,1.86624256818999,1.43543002030065,24.6632638881136,24.5861405866959
122590800,1418.875,1.62076387737092,1.30077701371901,22.6997372705599,22.1824769879877
122683500,1419.94791666667,1.3759346385438,1.150978926605,19.560904409861,18.5923055059835
122776200,1421.02083333333,1.14903944183173,0.990448858059991,16.4043018082581,15.238849870399
122868000,1422.08333333333,0.964541338615804,0.824390330504895,10.0578952261091,9.25834066137572
122960700,1423.15625,0.851997412368255,0.654262616163465,10.8193365704344,10.1635716879574
123053400,1424.22916666667,0.844682179512704,0.489773466251577,15.5451155447265,15.6409598920724
123145200,1425.29166666667,0.940185751863295,0.350505377208057,19.1350050441914,19.8135855020821
123237000,1426.35416666667,1.10539070658786,0.279424298901709,22.0325704302012,23.0877198402089
123329700,1427.42708333333,1.30810729005183,0.325359526978385,25.3877487106789,26.5809062700296
123422400,1428.5,1.52345497380082,0.450939355478465,23.3232524202356,24.4802752776486
123515100,1429.57291666667,1.73739784847688,0.603474580394848,24.113188178537,25.2512101856106
123606900,1430.63541666667,1.93945586899783,0.760129206975567,28.8949635634708,29.8400736875169
123701400,1431.72916666667,2.13151873028856,0.919048105900029,29.6742883125141,30.2675191957891
123794100,1432.80208333333,2.30016499698155,1.06905578923633,26.34460225526,26.52327239993
123885900,1433.86458333333,2.44468625092985,1.20996288506537,24.40893390755,24.1645223832754
123977700,1434.92708333333,2.56385723654959,1.34188602881531,17.6689266108299,17.0035113991257
124070400,1436,2.65524125563419,1.46447650252514,16.6812139466938,15.9063107193042
124162200,1437.0625,2.71343323462847,1.5733216573444,17.0555782384558,15.9116460504421
124254900,1438.13541666667,2.73549824623969,1.66767623576222,16.2807527832152,15.2946326096791
124347600,1439.20833333333,2.71660710086015,1.74265749363839,14.3665927487821,14.1374801502025
124439400,1440.27083333333,2.65436289978178,1.79366043145041,16.118272685461,16.4635086617264
124532100,1441.34375,2.5462960493028,1.81776983906434,17.2266363289293,18.162112531907
124624800,1442.41666666667,2.39444395230355,1.81166100987036,17.7918746527384,18.8154756657877
124716600,1443.47916666667,2.20564248574314,1.77512854062534,24.3634151859977,25.5240434685965
124809300,1444.55208333333,1.98349480994209,1.70888310339094,29.2455331138034,30.4404689773092
124902000,1445.625,1.73848315067259,1.61628938936674,27.8275981319892,28.8536760217807
124993800,1446.6875,1.48255554871202,1.5027126353995,27.6831512837529,28.5421934387649
125086500,1447.76041666667,1.22073454417136,1.3703949795002,25.291047697402,25.8160368003697
125178300,1448.82291666667,0.970643674572372,1.22630585259408,24.3646377163726,24.729188501308
125271000,1449.89583333333,0.748378000632353,1.07203227455818,26.1010266586416,26.0307155422327
125363700,1450.96875,0.597491312165366,0.91361682992472,24.621861201286,23.9592787117746
125455500,1452.03125,0.575204562366455,0.758189676177942,17.0509707307838,15.9647322752526
125547300,1453.09375,0.68581175685274,0.612096099644506,13.9784789249228,12.8048718332585
125640000,1454.16666666667,0.874073155708147,0.487643882604099,11.8434960837193,10.9574466141955
125732700,1455.23958333333,1.09074858863147,0.409945149048821,11.3246764855135,10.8422495607459
125825400,1456.3125,1.31171463385823,0.405132026981122,15.963485247483,16.0811296755885
125917200,1457.375,1.52298055887278,0.470781235064544,22.3564681349105,23.0845988222616
126009900,1458.44791666667,1.72192269117417,0.5802362537069,23.3158221792026,24.4655023125302
126101700,1459.51041666667,1.90040889996926,0.708031576844888,22.6612403921198,23.87034329205
126193500,1460.57291666667,2.05752500494724,0.842971370910869,25.0577651980987,26.2475431828579
126286200,1461.64583333333,2.19228664067272,0.980601828174203,26.1121288265429,27.2289160509134
126378000,1462.70833333333,2.30026007709632,1.1152753689629,29.0571671579908,29.9975613397684
126470700,1463.78125,2.38174475983508,1.24765780976396,31.695874719893,32.2610125928254
126563400,1464.85416666667,2.43345710240273,1.37443811486895,26.0802400758133,26.1019887111573
126656100,1465.92708333333,2.45284589670937,1.49297936766927,21.5828876107409,21.4084287217984
126748800,1467,2.4369415029277,1.59960839539182,19.6474152424256,19.0630206912217
126840600,1468.0625,2.38346165576931,1.68882647838958,17.7029867612419,16.7840611565519
126932400,1469.125,2.29021724564954,1.75655895599543,16.2432313852502,15.0721722626465
127028700,1470.23958333333,2.14908189049449,1.79918085264831,17.2455725332783,16.3005557350574
127121400,1471.3125,1.9733767901254,1.80899254047513,15.9108921856539,15.9649806070223
127213200,1472.375,1.76556426787872,1.78724678441643,13.9023397506151,14.417578819325
127305900,1473.44791666667,1.52838359724472,1.73481695027814,17.2869803699162,18.1151406966599
127398600,1474.52083333333,1.27166920023194,1.65522172984464,21.4429440336953,22.5027479197682
127490400,1475.58333333333,1.0062983643656,1.55433957387083,25.2369372235544,26.4374925465629
127583100,1476.65625,0.735837997585353,1.4354626682761,30.253384104749,31.4538614506424
127675800,1477.72916666667,0.476265045023493,1.30475257429322,29.1826002729611,30.1564416103955
127767600,1478.79166666667,0.272710892404036,1.16855990121455,25.2689151206108,26.1010612814612
127860300,1479.86458333333,0.277452623665997,1.02897176504241,26.5662994059299,27.189335537002
127952100,1480.92708333333,0.472906803555382,0.893527703517988,27.5531355359042,27.8199535421036
128044800,1482,0.70739759917458,0.765241982433122,24.9399978928006,24.7224961526956
128137500,1483.07291666667,0.940573109993513,0.652982670445853,23.8040612991238,23.106283461095
128229300,1484.13541666667,1.15999577722429,0.567854918944269,17.4945545746186,16.3514352246312
128322000,1485.20833333333,1.36499921261159,0.520843662849261,11.2679731714755,10.0961952689366
128414700,1486.28125,1.54996398629283,0.522378856513513,11.6191611858871,10.6229636560625
128506500,1487.34375,1.71083501508893,0.57013386907194,15.1888059910379,14.7586484164041
128599200,1488.41666666667,1.84880124904885,0.653838177984012,17.6466430866281,18.0363596403468
128691900,1489.48958333333,1.96073861347236,0.760812744008038,21.6635698650896,22.484592668296
128783700,1490.55208333333,2.04497901815044,0.880712761448214,24.9781523522948,26.1483960682745
128877300,1491.63541666667,2.10291507982006,1.01111384009604,22.5044767020217,23.7284325270933
128969100,1492.69791666667,2.13170364989453,1.14253638760204,24.6652200853707,25.8760619026925
129061800,1493.77083333333,2.13181362455388,1.27469255332195,30.2481208853789,31.3599011101678
129153600,1494.83333333333,2.10215449114709,1.40067161104742,30.4949608584413,31.3153713048796
129246300,1495.90625,2.04078183058487,1.5179302000831,29.7970137928524,30.3198547922838
129339000,1496.97916666667,1.94652191789598,1.619606668161,26.3189978639734,26.3201959543302
129430800,1498.04166666667,1.82012068875528,1.6993801678999,20.6848016109291,20.4233861073808
129523500,1499.11458333333,1.65980919162792,1.753921715786,19.5744869836044,19.057011244538
129616200,1500.1875,1.46928498388289,1.77901689957681,20.4745800233279,19.4935363240282
129708000,1501.25,1.25538236767974,1.77382458986138,16.692705191575,15.5240608069284
129800700,1502.32291666667,1.02011223436262,1.73961579301032,14.7928348125362,13.9644721948241
129895200,1503.41666666667,0.767978204900372,1.67829774181273,15.6885300364283,15.7406760849531
129987000,1504.47916666667,0.520166375560469,1.59780310664385,14.9150362365339,15.5477649448394
130081500,1505.57291666667,0.280900720564937,1.49863657776684,17.0895319541779,17.9426944207219
130174200,1506.64583333333,0.169221702143831,1.39019598669585,24.7118037212996,25.759822360518
130266000,1507.70833333333,0.327115618034758,1.27613261855798,28.5925782653411,29.8162486223295
130359600,1508.79166666667,0.552105393958997,1.15661273418259,28.6240111577719,29.8002205585007
130451400,1509.85416666667,0.772231759215565,1.03922789044952,28.9626872252379,29.9573905422186
130544100,1510.92708333333,0.983138231337529,0.923337447907372,26.6080949517522,27.4099548259271
130635900,1511.98958333333,1.17626341056357,0.814341167935249,26.3342021900447,26.9411646978224
130728600,1513.0625,1.35224247625142,0.714630179623757,30.0187556865902,30.2444283639645
130820400,1514.125,1.50504075420483,0.633173854306294,26.2611283613085,25.8391756000883
130912200,1515.1875,1.63420620527316,0.579272909326478,20.205350637352,19.4081395898383
131004900,1516.26041666667,1.73875988493468,0.56473094297669,16.0537424920117,14.9282010486022
131096700,1517.32291666667,1.81530685335148,0.596547824166818,12.6911711664762,11.5205191961572
131189400,1518.39583333333,1.86458036032568,0.671687078967009,11.4026096801056,10.4890289714226
131281200,1519.45833333333,1.88547997098055,0.777936775937962,16.4224817780991,16.0145775293123
131373900,1520.53125,1.87878426450739,0.905596501327294,21.4416578282266,21.9731105166952
131465700,1521.59375,1.84529617163931,1.04240265061934,21.4352663229154,22.4248551763298
131558400,1522.66666666667,1.78513192290269,1.18295478028842,22.9223064075756,24.102406056875
131651100,1523.73958333333,1.69922450166089,1.31898393645185,24.6485412746838,25.8762211983549
131742900,1524.80208333333,1.58951046778737,1.44312282029773,26.2216671286252,27.422791184374
131834700,1525.86458333333,1.45629220778624,1.55130148732151,31.2349911989105,32.347527438868
131927400,1526.9375,1.29976279042836,1.63962903218067,33.022888612425,33.7657032313546
132020100,1528.01041666667,1.12449684715991,1.70335688823784,28.033365902649,28.4145352982001
132112800,1529.08333333333,0.936318343588934,1.74044920607766,24.432024792825,24.5080447686732
132204600,1530.14583333333,0.746976717478341,1.75069310774455,22.8322750180921,22.5848027596739
132296400,1531.20833333333,0.572450791106054,1.73602108039238,19.8946721290186,19.2259921265972
132389100,1532.28125,0.447825522255164,1.69871817519014,20.1795268793844,19.1616146048377
132480900,1533.34375,0.430319527110902,1.64302326606636,18.2834874771517,17.1419673603776
132573600,1534.41666666667,0.527809338299086,1.57154929755197,14.2402233217588,13.7107312055555
132665400,1535.47916666667,0.684805610607276,1.48899381172954,13.2774378940551,13.4015977274001
132758100,1536.55208333333,0.862743084641235,1.39643713961815,15.9774475964097,16.4549703659956
132849900,1537.61458333333,1.03920877270934,1.29760707665148,19.9853481605914,20.8982166299979
132942600,1538.6875,1.20836384876181,1.19188953676666,24.7310063024835,25.8218478538994
133034400,1539.75,1.36155271233455,1.08232242455549,30.7332885271806,31.9609775395333
133127100,1540.82291666667,1.4979344141221,0.967964517992503,29.1243297705547,30.2654521420075
133218900,1541.88541666667,1.6117836405774,0.853287435471349,26.6934269150435,27.6949423088942
133311600,1542.95833333333,1.7026283979383,0.740806034287748,28.7169492925964,29.5875396041895
133403400,1544.02083333333,1.76640391705303,0.642023554506767,29.0964355602982,29.6135905031703
133496100,1545.09375,1.802527659616,0.571461957839287,28.662221584581,28.8312975988332
133588800,1546.16666666667,1.80910286660412,0.551549476588251,26.9224661474573,26.4732686860906
133680600,1547.22916666667,1.78627234797552,0.593824894580893,19.8041060239563,18.9008738688369
133772400,1548.29166666667,1.73500782259583,0.68921564657582,13.5547707965381,12.4433350356242
133865100,1549.36458333333,1.65610190780381,0.819370296846524,13.8353556376166,12.6463646905681
133956900,1550.42708333333,1.55351149518536,0.963811680320979,14.896732968997,14.0832752317014
134050500,1551.51041666667,1.4268730014306,1.11385040981542,16.2460098404854,16.0687693528353
134143200,1552.58333333333,1.28294601555376,1.25618045861563,21.446310991986,22.0162792166721
134235000,1553.64583333333,1.12629268956544,1.38476891497275,23.1478969821802,24.1898676745922
134326800,1554.70833333333,0.961039195799107,1.49671064077692,22.0572526376951,23.2613205273401
134419500,1555.78125,0.794311936308293,1.58984504171032,24.7121084177875,25.9342351630881
134511300,1556.84375,0.64520288034421,1.66056309510946,30.4440800867229,31.6395511046292
134604000,1557.91666666667,0.540033647021845,1.70951956540457,31.5227987618093,32.5714742920238
134696700,1558.98958333333,0.519362688506692,1.73617135910368,32.3231231451827,33.0624357039358
134788500,1560.05208333333,0.593337111158207,1.74165758481837,28.6200999468034,28.9652478948972
134881200,1561.125,0.731565584631129,1.72774696819073,23.2093507604522,23.2439645863727
134973000,1562.1875,0.896538183826772,1.69661052566133,23.6732881393231,23.5244090689077
135065700,1563.26041666667,1.07036928252261,1.64951798003282,23.0151774877334,22.2576998626542
135158400,1564.33333333333,1.2399560110028,1.58829067179215,18.7913636837026,17.6607816025549
135250200,1565.39583333333,1.39708549864049,1.51486900884686,16.4577075366832,15.3409195678281
135342900,1566.46875,1.54048410962636,1.42852422288601,14.5538903293286,14.0394719186276
135435600,1567.54166666667,1.66532952691551,1.33031536641309,13.5152183318088,13.8001120472166
135524700,1568.57291666667,1.765365652729,1.22506640747208,15.1809187403814,15.613621750309
135617400,1569.64583333333,1.84632508265415,1.10499454915621,23.5168069022269,24.3785838967913
135709200,1570.70833333333,1.90098115735738,0.977258649457146,26.939574569784,28.0994781041842
135801900,1571.78125,1.92813376690425,0.843483332241433,29.3958853587088,30.6263393052325
135893700,1572.84375,1.92521384770252,0.714746220973326,29.6100962114626,30.7656895741088
135986400,1573.91666666667,1.89058849839945,0.605147063972693,27.7402789510496,28.7222052101918
136078200,1574.97916666667,1.82425235571393,0.543586262613399,28.2857214453571,29.1779508474702
136170900,1576.05208333333,1.72551034269722,0.555122554836493,32.4672412677288,32.9771287182572
136262700,1577.11458333333,1.59840097925787,0.638306614148104,29.3754730631248,29.3841063891322
136357200,1578.20833333333,1.44090925104809,0.770886089558331,24.010675206457,23.5195575722332
136449000,1579.27083333333,1.26712863666208,0.918915327686988,19.4426754162589,18.5895879113131
136541700,1580.34375,1.07728710970036,1.07062110498984,14.550119482584,13.4065352794495
136633500,1581.40625,0.883374865558095,1.2134138484579,12.9987701512637,11.8111056952518
136726200,1582.47916666667,0.694805968073646,1.34459133593324,16.8379046668999,16.0108933827332
136818000,1583.54166666667,0.540583456169239,1.4586764141778,19.0774516716396,19.1153870466002
136910700,1584.61458333333,0.466547807584703,1.5564308962628,20.5577182290443,21.2914535204791
137002500,1585.67708333333,0.516177666975052,1.63533869773106,21.5529651601901,22.5842756620399
137095200,1586.75,0.662082563018107,1.69677737062853,24.1968344263741,25.3961025880731
137188800,1587.83333333333,0.85328863751795,1.74028063697551,25.4067009850495,26.6362948328402
137281500,1588.90625,1.05540865504523,1.76520176691022,32.3496632356637,33.5485326241978
137373300,1589.96875,1.25334973873777,1.77231634846459,33.9838568349982,34.9656478508434
137466000,1591.04166666667,1.44279154624857,1.762037575929,30.6521952317193,31.2981027826825
137557800,1592.10416666667,1.61495033170574,1.73482197074379,27.4825151304425,27.9025219136842
137650500,1593.17708333333,1.76966874904643,1.69035201551347,25.5104896974626,25.5415248898068
137742300,1594.23958333333,1.90142823599525,1.6296528754013,23.3883946081182,23.1401852351217
137835000,1595.3125,2.01085333274245,1.55167913778168,23.8509604525587,23.0762982470282
137927700,1596.38541666667,2.09486606622474,1.45716580176065,19.947895008446,18.7701659561982
138021300,1597.46875,2.15227389519945,1.34545015689296,14.6517704561929,13.6840088105482
138114000,1598.54166666667,2.18025463990213,1.21977764591531,12.1623772807068,11.6504811818468
138206700,1599.61458333333,2.17762160551023,1.08142437269286,15.1195273361962,15.2548507948335
138298500,1600.67708333333,2.14290762899028,0.93632460347293,17.3122180492915,17.8874850023505
138391200,1601.75,2.07363338576919,0.790176248925837,24.498221719059,25.4165249699117
138483900,1602.82291666667,1.96880047740016,0.660470045566597,29.6815345298207,30.8663393883439
138575700,1603.88541666667,1.83005244767949,0.574906248208494,29.6257841221295,30.8395597617577
138668400,1604.95833333333,1.65671823617782,0.56243167575432,27.3710101922429,28.5228916514455
138762000,1606.04166666667,1.45237324642762,0.631131757925675,30.2674785393439,31.2754942973481
138854700,1607.11458333333,1.22808407096583,0.752869808313143,30.5563696933731,31.3526595204754
138946500,1608.17708333333,0.994387097026643,0.896336892808323,32.0555181510531,32.4845194336008
139039200,1609.25,0.761830572794528,1.04531949106636,29.9830907947885,29.880131910491
139131000,1610.3125,0.563519491481496,1.18698675070632,22.7435819986934,22.1111904996515
139223700,1611.38541666667,0.458353474911436,1.31921688948673,16.8860662571448,16.0844127864665
139315500,1612.44791666667,0.514245812255234,1.43726958960926,16.4407316909342,15.3186317493384
139408200,1613.52083333333,0.690837074279947,1.54249244001833,14.9865983817027,13.8372157810657
139500000,1614.58333333333,0.912274279756657,1.63227578017418,16.5411323472192,15.8877657473298
139592700,1615.65625,1.1475421937407,1.70776882535058,19.7586308237974,19.9141608954527
139685400,1616.72916666667,1.37912752424322,1.76721411849685,22.1044156517391,22.9664383981549
139777200,1617.79166666667,1.59665877553791,1.80931641910281,20.0549036517405,21.138583155406
139869900,1618.86458333333,1.79898964335529,1.83389395996637,25.0088910349782,26.1801625106518
139965300,1619.96875,1.9848678257135,1.8393966150796,29.5322741846381,30.7627057007418
140058000,1621.04166666667,2.14074034357359,1.82477960089729,32.9535352686941,34.1085179936822
140149800,1622.10416666667,2.26888340839271,1.79048141762272,33.9502366025665,34.8929378973287
140242500,1623.17708333333,2.37019816622694,1.73571376450044,30.6657951397591,31.2245642308945
140334300,1624.23958333333,2.44148982276718,1.66175398462078,25.7046770589126,26.090975286752
140426100,1625.30208333333,2.48282390176094,1.56874131588999,27.2644655238243,27.3441126230413
140518800,1626.375,2.49305147189218,1.45652283770326,25.762176171451,25.3378748096906
140611500,1627.44791666667,2.47030035308998,1.32763037948275,22.0206810593374,21.0820155405387
140704200,1628.52083333333,2.41301093256609,1.18484975961868,18.3278440447017,17.1366211986125
140796000,1629.58333333333,2.32059795263067,1.03431517092905,14.8698972871091,13.987906742848
140888700,1630.65625,2.18987565339115,0.880929615035628,11.041237867995,10.7346619191939
140980500,1631.71875,2.02300969274952,0.741125718117186,15.3962952538508,15.4459788184654
141073200,1632.79166666667,1.81831888569535,0.634702458055624,21.6302006242363,22.2362991847208
141165000,1633.85416666667,1.58432006152031,0.592272966195366,26.391199167652,27.4334293328779
141256800,1634.91666666667,1.32762110428882,0.627478606127143,28.7174149259074,29.9246661971801
141349500,1635.98958333333,1.05938092871136,0.725939788585679,30.4968876478958,31.704368471705
141441300,1637.05208333333,0.808416064316157,0.857122464629595,27.4281667629616,28.5557854609301
141534000,1638.125,0.6169607482286,1.00194260224101,30.8431692173667,31.8697439210648
141625800,1639.1875,0.567896945050308,1.14568361928548,34.1198976954411,34.8581891823115
141718500,1640.26041666667,0.689415991912086,1.28504260444557,32.158908505753,32.4231564887097
141811200,1641.33333333333,0.908614588521774,1.41540991216351,27.2606397304903,27.1167447657157
141903000,1642.39583333333,1.15913119102632,1.53373126147251,22.7560408357939,22.1307202996816
141995700,1643.46875,1.41741165689245,1.64070796536586,16.5978797488133,15.7243675947809
142087500,1644.53125,1.66545917969045,1.73260037525897,16.4337325464511,15.323008695043
142180200,1645.60416666667,1.90068569115384,1.80938432060308,17.426618513167,16.3142413091096
142272000,1646.66666666667,2.1135037525293,1.86771926151399,18.4554790423217,18.0907970094793
142364700,1647.73958333333,2.3042095371452,1.90699587248814,18.2976639328361,18.6705722885456
142456500,1648.80208333333,2.46607478867195,1.92501474935905,21.3835960208133,22.2355382990762
142549200,1649.875,2.59988505962411,1.92111510663608,21.7842524149921,22.8875745843787
142641000,1650.9375,2.70128149254358,1.89489440358425,25.6529817193807,26.8299993940356
142734600,1652.02083333333,2.77149244830861,1.84532851208312,32.2884504987412,33.5158159977848
142827300,1653.09375,2.80710007764191,1.77414385876083,35.1407443479411,36.2397180494328
142919100,1654.15625,2.80837068567903,1.68308560837899,31.8305147497914,32.7089143252765
143011800,1655.22916666667,2.77458918569654,1.57194358204936,30.5516751729283,31.1658079064756
143104500,1656.30208333333,2.70466087805527,1.44359474011578,27.3456876059517,27.6858345891765
143196300,1657.36458333333,2.598701461844,1.30223248722411,27.2684342423579,27.2952330209461
143289000,1658.4375,2.45356582232292,1.1489057390573,27.2623822947132,26.7831605483439
143381700,1659.51041666667,2.26963922752408,0.990817690072873,22.6031372733629,21.5538959145116
143474400,1660.58333333333,2.04806167094026,0.837668575441641,15.1378930480399,13.9531483670599
143566200,1661.64583333333,1.79561622813031,0.706999969114231,13.3197946907891,12.3882796678483
143658000,1662.70833333333,1.51902694587062,0.621885734524064,12.999530568385,12.6518937786244
143750700,1663.78125,1.23135199506067,0.608160600668069,16.3773182962498,16.560537811665
143842500,1664.84375,0.966705406019576,0.67024374114603,22.866119428435,23.5126687755202
143935200,1665.91666666667,0.773142556659549,0.786870219870543,29.3281819052533,30.4152604524165
144027000,1666.97916666667,0.729282672733386,0.929776001695256,28.2207092551579,29.4464392558501
144119700,1668.05208333333,0.854760434369859,1.08418560665029,28.763857944582,29.9738800921928
144211500,1669.11458333333,1.08046048815734,1.23721517696065,30.2360459452921,31.367087018032
144304200,1670.1875,1.34761295421721,1.38603369227773,32.4469591464839,33.4179778539468
144396000,1671.25,1.61955928766075,1.52395038730384,34.5230835628548,35.2175436021929
144488700,1672.32291666667,1.88632378597091,1.65067553918209,33.441606599045,33.6096637412408
144581400,1673.39583333333,2.13677258403921,1.76214448980974,25.3021420534278,25.0358680608359
144673200,1674.45833333333,2.36331190673553,1.85507324762382,21.1790436374198,20.6456029598221
144765000,1675.52083333333,2.56447420905526,1.9284292152323,18.9771969804496,18.1003950255126
144857700,1676.59375,2.73856590007171,1.98072150020146,17.274967725362,16.1036665022319
144949500,1677.65625,2.87951543317957,2.00947109733823,16.8718475254069,15.8196413057126
145042200,1678.72916666667,2.98790442495153,2.01432766726508,19.5393609796081,19.2764256874622
145134000,1679.79166666667,3.0600183603819,1.99493369362968,19.1219915391443,19.6971436656879
145226700,1680.86458333333,3.09616674125716,1.95130123691849,19.3561877286626,20.2439166713491
145319400,1681.9375,3.09479512106922,1.88449799354713,23.2858155730687,24.338319222907
145411200,1683,3.05608729839336,1.79695443485555,28.9872537044774,30.1836339576283
145503900,1684.07291666667,2.9790196755988,1.68872509297622,32.6567267854039,33.8747442159655
145596600,1685.14583333333,2.86351086071836,1.56252914825615,35.9735141287204,37.0514449217128
145689300,1686.21875,2.70931175128328,1.42048515228502,31.8190120747035,32.6184729389785
145781100,1687.28125,2.51858918830231,1.26664657696192,28.9349472018494,29.556914884353
145872900,1688.34375,2.29122204472544,1.10310146078768,29.8839262100183,30.2593191479671
145968300,1689.44791666667,2.01991445866705,0.929004710779289,29.2883453617098,29.1578720622874
146061000,1690.52083333333,1.73028666340271,0.767039585383979,25.5173999086129,24.9074025689995
146152800,1691.58333333333,1.43349475675255,0.634336097405048,21.9286447669917,20.8543826895886
146245500,1692.65625,1.15178126011262,0.562163548867713,14.8437714918197,13.6903662621012
146337300,1693.71875,0.940242480692742,0.581687316253337,11.3846830392283,10.5124591220234
146430000,1694.79166666667,0.866331354903437,0.684904732490906,14.1116334726771,13.6569461444151
146521800,1695.85416666667,0.964014681725243,0.83516305498721,20.2802951188347,20.5452567762404
146614500,1696.92708333333,1.18282484125284,1.00695882036179,24.0135246079306,24.8325807075083
146706300,1697.98958333333,1.45233837444514,1.18096648690221,28.841350693551,29.9591467684835
146799000,1699.0625,1.73858529798153,1.35161183464099,29.296053132858,30.5192833946657
146891700,1700.13541666667,2.01933298599393,1.51168356170882,28.1458210662831,29.3427111031468
146983500,1701.19791666667,2.28168920393332,1.65606667514257,31.5094979741697,32.6485660544553
147076200,1702.27083333333,2.52457231874541,1.78468891807726,36.1126344299091,37.0202094439331
147168900,1703.34375,2.74092209858439,1.89361767202458,34.1822304970267,34.7314866422945
147260700,1704.40625,2.92557312176037,1.98002778147263,31.5183341872366,31.648045150302
147352500,1705.46875,3.07781582380231,2.04338926554552,25.458063150187,25.1537526508179
147445200,1706.54166666667,3.19603731553341,2.08268888144274,20.4197258764796,19.8415064999185
147537000,1707.60416666667,3.27575093650791,2.09639447648367,19.7886447381514,18.9227839738679
147629700,1708.67708333333,3.31681758336383,2.08459425322905,19.7422644196467,18.5545665089164
147721500,1709.73958333333,3.31735197326113,2.04794678606037,17.2041483342937,16.3751759761055
147814200,1710.8125,3.2768761796527,1.98671230109975,17.8044080715048,17.7200453303281
147906900,1711.88541666667,3.19524102523283,1.90249782634404,19.1561757907988,19.755825440305
147998700,1712.94791666667,3.07431045094633,1.79795707775981,20.3254755257999,21.2589509673966
148091400,1714.02083333333,2.91253344901994,1.67251141555931,24.0941107164627,25.1474189353954
148183200,1715.08333333333,2.7142826581233,1.52992431693152,32.3950366659768,33.5925663626218
148275900,1716.15625,2.4777508538242,1.36878478897338,34.5953135556829,35.7796685610721
148367700,1717.21875,2.21127140184182,1.19416254357495,33.9870673652566,35.0194125772011
148460400,1718.29166666667,1.91665059579334,1.00627761857088,32.0049319844494,32.8165276452145
148552200,1719.35416666667,1.612283302999,0.816111684232644,30.0362482679597,30.6141156296756
148644900,1720.42708333333,1.31550278416201,0.63575893212094,30.3104513429086,30.6418660345066
148736700,1721.48958333333,1.07362043391381,0.502520040651938,31.43163520877,31.2391183696987
148828500,1722.55208333333,0.948401189526889,0.469878752474838,25.3966520925201,24.6311148501677
148921200,1723.625,0.992918902308069,0.559963521540244,18.7146004939777,17.6133346527849
149013000,1724.6875,1.18026272872055,0.722754228084582,14.301781275624,13.1377114101398
149105700,1725.76041666667,1.44507220392489,0.91457871405108,12.8711817084774,12.0315779360202
149198400,1726.83333333333,1.73604545421017,1.1107560011966,14.5587888512658,14.2192202129265
149290200,1727.89583333333,2.02409378857425,1.29849683616439,22.0505816491189,22.3473511560778
149382900,1728.96875,2.30137131680265,1.4756828075516,26.9420172262018,27.8576232714897
149474700,1730.03125,2.55503726885124,1.63539217497466,27.8121449712671,28.9788883919542
149566500,1731.09375,2.78316301998623,1.77701709665516,28.2125136400248,29.4315366167003
149659200,1732.16666666667,2.98403770816925,1.89976914430786,30.6115290031993,31.8040622907758
149751000,1733.22916666667,3.15070138615575,1.99964091111106,32.7531492657601,33.8587192488231
149843700,1734.30208333333,3.28349026893762,2.07712246407998,37.3264723049156,38.2077641645392
149935500,1735.36458333333,3.37704098314537,2.12943832493379,35.5937648982674,36.0422712399105
150028200,1736.4375,3.43060261351771,2.15658172504776,29.2714252001131,29.3193767322191
150120000,1737.5,3.44104995250022,2.15736681481479,24.7172855218851,24.4967840433068
150211800,1738.5625,3.40776236974132,2.13197923319963,22.7657900386333,22.1683406150951
150304500,1739.63541666667,3.32934930148905,2.08006560239492,19.9210822016922,18.9549437246891
150396300,1740.69791666667,3.2079408467331,2.00333653219353,19.6028339893385,18.4205310710816
150489000,1741.77083333333,3.04276651933762,1.90128773742,18.4832466837384,17.7753511345416
150580800,1742.83333333333,2.83951508143863,1.77702056009342,17.3975443345154,17.5458613445738
150673500,1743.90625,2.59763855459441,1.62930419702768,17.2366223515556,17.8529135269027
150765300,1744.96875,2.32646051759141,1.46239762097691,21.9875258568647,22.8549549987089
150858000,1746.04166666667,2.02746856203257,1.27504148889144,26.8170290036281,27.9144753470468
150949800,1747.10416666667,1.71702380372873,1.07419107729612,32.8651288602169,34.0700478900387
151042500,1748.17708333333,1.40718000061951,0.861984502808535,36.1367233927955,37.3013248244724
151135200,1749.25,1.13396169812898,0.65242197822592,33.6068215799064,34.5783101682031
151227000,1750.3125,0.956275542523013,0.474830801683916,30.7110242844347,31.5353832979922
151318800,1751.375,0.937006062832604,0.390024043502713,32.7810081404411,33.3799604275131
151411500,1752.44791666667,1.08333897309551,0.458089697586188,32.0686782694455,32.2716778539269
151504200,1753.52083333333,1.33076770639466,0.626752360875058,30.3440300426732,30.0700733099909
151596000,1754.58333333333,1.61555309957439,0.825949797960556,25.3819360927627,24.5712760268789
151687800,1755.64583333333,1.90689508469153,1.02899069770849,17.7782249560367,16.6433091841583
151780500,1756.71875,2.19070490367478,1.22655722749142,12.479224617132,11.3207044961928
151873200,1757.79166666667,2.45493881305193,1.41132221882963,14.4211892112701,13.499904826601
151965000,1758.85416666667,2.69209056568156,1.5789135215449,17.7268135727678,17.5269783418314
152057700,1759.92708333333,2.90329880284491,1.73091804068846,22.3976674315318,22.8669629635212
152150400,1761,3.08325037096503,1.86432669231833,27.130015906976,28.0860340961933
152242200,1762.0625,3.22792294143196,1.97689648710002,28.6281875759322,29.8104698943366
152334900,1763.13541666667,3.33719478061684,2.06943300454797,27.3578747884075,28.5731451230405
152426700,1764.19791666667,3.40579093963593,2.13849557415835,32.0678198342002,33.2636686159567
152518500,1765.26041666667,3.43179634401092,2.18323893694858,36.3725711955807,37.4319463125446
152611200,1766.33333333333,3.41200299524527,2.20181654582068,36.9921433351563,37.7810243519243
152703000,1767.39583333333,3.34490355547314,2.19219741730808,34.7429103686594,35.15597482278
152795700,1768.46875,3.22872320117065,2.15306318203058,29.4109234453167,29.4127994861931
152887500,1769.53125,3.0670297660637,2.08485979397307,23.9390347742367,23.6983034389548
152980200,1770.60416666667,2.85979673370399,1.98683923920892,24.1857576148178,23.6097669822403
153072900,1771.67708333333,2.61316175944527,1.86097724719868,22.2049944634002,21.1474322414352
153164700,1772.73958333333,2.33613315226572,1.71105065429707,18.6598256328497,17.520806057221
153256500,1773.80208333333,2.03387661481655,1.5387548664834,16.9144613117534,16.3073173060731
153349200,1774.875,1.71281045675626,1.34569295727509,17.5047008733478,17.6945080076721
153441000,1775.9375,1.39335441588334,1.14036403472543,17.5535921222455,18.2346956881479
153533700,1777.01041666667,1.09407214815711,0.925649807213192,22.4481810971221,23.2957748974359
153625500,1778.07291666667,0.868111227172781,0.716887949210595,30.4209033178521,31.5262288368492
153718200,1779.14583333333,0.788215534822963,0.532350243355446,34.4169743962531,35.6270167806803
153810000,1780.20833333333,0.893922552590862,0.423263715718017,34.7066865040317,35.8448029287593
153901800,1781.27083333333,1.12256131894874,0.445700098294304,33.915162090378,34.8853654413923
153994500,1782.34375,1.40409482973502,0.579544880582763,31.5492515737827,32.3353926612503
154087200,1783.41666666667,1.69597149953784,0.759464862259663,33.5379796303064,34.1204306953011
154179000,1784.47916666667,1.97614040113658,0.948512981729039,34.6128526008041,34.734237549395
154270800,1785.54166666667,2.23795292430417,1.13468972857194,29.8571618842432,29.4277198627499
154363500,1786.61458333333,2.47846137926699,1.31392836849119,22.6507373991084,21.8045274931119
154455300,1787.67708333333,2.68990469738919,1.48012150970843,17.4684812644479,16.35503052774
154548000,1788.75,2.87421782098742,1.63518756547746,13.3630379655305,12.2220633211768
154639800,1789.8125,3.02581183902289,1.77517510958169,14.5609013148399,13.6807775910408
154732500,1790.88541666667,3.14531295847925,1.90168821119134,20.0035866660031,19.8504960654391
154824300,1791.94791666667,3.22750646053765,2.01057225057151,24.7257071738757,25.3452188652538
154917000,1793.02083333333,3.27044458835491,2.10143714525538,26.1609015422605,27.1973087091352
155008800,1794.08333333333,3.26941168722938,2.16922349618077,27.683758733413,28.8582604051094
155101500,1795.15625,3.2206718131332,2.21138463664337,29.4429808817683,30.6526504764843
155193300,1796.21875,3.12257312797271,2.22331440157408,33.09997594195,34.2807759084249
155286000,1797.29166666667,2.97256878857392,2.20222573334554,38.4120379657659,39.4445160801128
155377800,1798.35416666667,2.77556596925109,2.14707798863591,38.2511052949302,38.9457316875696
155470500,1799.42708333333,2.5324341378122,2.05729993713721,32.5759179612432,32.9092944642896
155562300,1800.48958333333,2.25475371563424,1.93706966180216,28.906639901665,28.9648427215629
155655000,1801.5625,1.94554028961743,1.78807463950375,26.0461904474373,25.7600778522012
155746800,1802.625,1.62029874576921,1.61828430153599,24.1828750971142,23.5211920603735
155839500,1803.69791666667,1.28422277255038,1.43028090662242,22.6567655550475,21.5692637513042
155931300,1804.76041666667,0.960831347788734,1.2343183648802,19.3634577227522,18.291549841599
156024000,1805.83333333333,0.679721758126088,1.0345519074694,15.6729639248243,15.297457270939
156116700,1806.90625,0.533596336915867,0.843692396074741,15.5973691587573,15.801709482768
156208500,1807.96875,0.618205387091385,0.679874860163698,19.411042373449,20.0282961156466
156301200,1809.04166666667,0.856613617940558,0.566602766368729,24.6554547692036,25.5709298371153
156393000,1810.10416666667,1.13912276714985,0.53727855931271,31.5476825125491,32.6774066987616
156484800,1811.16666666667,1.42539599462356,0.596482304476799,36.1778773499065,37.3807839160208
156577500,1812.23958333333,1.70173659216997,0.716679863075444,34.3271911558965,35.4202436786564
156669300,1813.30208333333,1.95519301350653,0.864226338272452,32.592786428994,33.5688720963626
156762000,1814.375,2.18674152575222,1.02367377282172,34.3475666568999,35.135391493942
156853800,1815.4375,2.38973669401105,1.18319940724154,35.1498423377898,35.6300834915607
156946500,1816.51041666667,2.56687253615171,1.34177830972202,34.3323801737097,34.3741141919604
157038300,1817.57291666667,2.71370824665461,1.49423156413744,29.8379773634851,29.332994483333
157131000,1818.64583333333,2.83189233286847,1.64201182735857,21.1531912318352,20.2346823071542
157222800,1819.70833333333,2.91730968710127,1.78045145707835,15.8621454619509,14.7795518286259
157315500,1820.78125,2.96891113081527,1.90958144421259,15.3872055229526,14.2370820536051
157407300,1821.84375,2.98208746319814,2.02306994732199,16.6740672831619,15.9520490320799
157499100,1822.90625,2.9532957168391,2.11723940399059,20.2943265456375,20.3164695689893
157591800,1823.97916666667,2.87739581879537,2.18681096056965,25.2169487666581,25.9127511955561
157680000,1825,2.75863540684205,2.22373632252595,26.8721457171388,27.9481024368651
