elapsed_seconds,elapsed_days,earth_ssb_error_km,earth_heliocentric_error_km,saturn_ssb_error_km,saturn_heliocentric_error_km
92700,1.07291666666667,0.00348576178806813,0.00348591270411042,1.62862110157792e-06,1.88518618304205e-06
185400,2.14583333333333,0.014167295964429,0.0141680315871253,4.63586019330035e-06,5.880001637757e-06
277200,3.20833333333333,0.0318540567034135,0.0318559107872733,7.96479557129422e-06,1.01945156209842e-05
369900,4.28125,0.0561043265304465,0.0561079267480059,1.31316397538732e-05,1.70219161328498e-05
461700,5.34375,0.084646709541778,0.0846526735708222,2.04336551292692e-05,2.66720839426877e-05
553500,6.40625,0.115002851159785,0.115011731229905,2.94090665954108e-05,3.82497638526808e-05
646200,7.47916666666667,0.144282338201493,0.144294710645274,4.1346081616777e-05,5.36048882590674e-05
738000,8.54166666666667,0.168885803647128,0.168902116134841,5.40572360127569e-05,6.98793900207734e-05
830700,9.61458333333333,0.187047327401532,0.187068006787114,6.81684279478557e-05,8.78308622839333e-05
922500,10.6770833333333,0.197491081792826,0.197516391321006,8.4490294627072e-05,0.000108668652095214
1014300,11.7395833333333,0.200960510547261,0.200990645684548,0.000101594773079993,0.000130772305459587
1107000,12.8125,0.199225471246807,0.199260693275764,0.000121831584190975,0.00015651728894786
1198800,13.875,0.195054551451219,0.195095056732656,0.000144186756329712,0.000184887013874236
1291500,14.9479166666667,0.191657373664922,0.191703684755239,0.000168801317977308,0.000215841318204333
1383300,16.0104166666667,0.192433611839462,0.192486309059309,0.000194239347981419,0.000248025022129819
1476000,17.0833333333333,0.2001827052243,0.200242533838958,0.000221278057851664,0.00028249048478635
1567800,18.1458333333333,0.215997704772565,0.216065145120297,0.000249116476293559,0.000318135850052461
1659600,19.2083333333333,0.239105338205181,0.239180903002557,0.000279418125376367,0.000356484131462888
1752300,20.28125,0.267280290556662,0.267364508367244,0.000312215800992944,0.000398215592054275
1844100,21.34375,0.29662898230067,0.296722100974184,0.000346224467174457,0.000441552821442725
1936800,22.4166666666667,0.324397478984559,0.324499669015525,0.000382750525615588,0.0004874604001223
2028600,23.4791666666667,0.347446809068544,0.347557560678439,0.000418682184706377,0.0005335268323556
2121300,24.5520833333333,0.364679308401749,0.364797657307512,0.000457752119808664,0.000583078044705815
2213100,25.6145833333333,0.375455719344451,0.375579676803596,0.000499178184956576,0.000635457776581992
2304900,26.6770833333333,0.380795185717348,0.380921969236115,0.000542700516015372,0.00069019640659982
2397600,27.75,0.382297877228439,0.382423811510816,0.000586509590607919,0.000745757671377488
2489400,28.8125,0.381808550824682,0.381929581579506,0.000632204776514649,0.00080349373692589
2582100,29.8854166666667,0.380951137698803,0.381063425621631,0.000680497508968696,0.000864270097031007
2673900,30.9479166666667,0.380810062396675,0.380911133143268,0.000729765469328808,0.000926580775950731
2765700,32.0104166666667,0.381989469435052,0.382078478049994,0.000780086024554297,0.000990333507022524
2858400,33.0833333333333,0.385061171868388,0.385138947898752,0.000832856501066402,0.0010571206618906
2950200,34.1458333333333,0.390752238947321,0.390820988742095,0.000887139787576772,0.00112574081401224
3042900,35.21875,0.40026214790413,0.400324104707973,0.000942632517567266,0.00119618747201971
3134700,36.28125,0.414480361510153,0.414536921923192,0.000999349963988089,0.00126806895035822
3227400,37.3541666666667,0.434394275640968,0.434444812295301,0.00105960017746706,0.00134410641207357
3319200,38.4166666666667,0.459750008008648,0.459791880179063,0.0011204643160613,0.00142086971424343
3411000,39.4791666666667,0.490314329857568,0.490343168341237,0.00118309832109094,0.00150013095189726
3503700,40.5520833333333,0.525607289941386,0.525617823886271,0.00124768775226568,0.00158172396866343
3595500,41.6145833333333,0.563667246403294,0.563654908557986,0.00131318167740719,0.00166428763362086
3688200,42.6875,0.603530732245301,0.603491717619464,0.00138155926337313,0.00175032168331131
3780000,43.75,0.642487022307393,0.642419594849011,0.00145039244188585,0.00183712920207202
3872700,44.8229166666667,0.679439969286565,0.679343393444679,0.00152223540220538,0.00192774276287105
3964500,45.8854166666667,0.712372645853026,0.712248170705214,0.00159585503330201,0.00202049243565309
4056300,46.9479166666667,0.741266405714327,0.741116072885902,0.00167037705692793,0.00211413809369078
4149000,48.0208333333333,0.767044618314945,0.766871102936065,0.00174813321289299,0.0022119845120156
4240800,49.0833333333333,0.790944699279227,0.790751687050408,0.00182682862023741,0.00231073989126456
4333500,50.15625,0.816001789450083,0.815792704773174,0.00190651599892508,0.0024116068335832
4425300,51.21875,0.844651343335149,0.844429574356715,0.00198965208709133,0.0025157042818134
4518000,52.2916666666667,0.880316534576141,0.880084341114787,0.00207415810638254,0.00262212638084662
4609800,53.3541666666667,0.924552571136349,0.924310983746367,0.00215917661296569,0.00272913296882862
4702500,54.4270833333333,0.979519679023037,0.979268037712358,0.00224612040959998,0.00283852226187988
4794300,55.4895833333333,1.04421117206721,1.04394782138249,0.00233564054075139,0.0029511724335716
4886100,56.5520833333333,1.11791286920707,1.11763482682928,0.00242668651345588,0.00306542888056807
4978800,57.625,1.1991490163293,1.19885296465916,0.00252020648809019,0.00318327838353729
5070600,58.6875,1.28329533892488,1.28297861507846,0.0026133740583969,0.00330058850566453
5163300,59.7604166666667,1.36869220728423,1.36835205778842,0.00270963553184694,0.0034216683251313
5255100,60.8229166666667,1.45079104207282,1.45042595202063,0.00280673890084458,0.00354419306732349
5346900,61.8854166666667,1.52849053255604,1.52809975183102,0.00290558157496887,0.00366878815822806
5439600,62.9583333333333,1.60188718400328,1.60147096148735,0.00300680303664016,0.00379665789405372
5531400,64.0208333333333,1.6704826327471,1.67004249097595,0.00310874765144094,0.00392553703962433
5624100,65.09375,1.73796100754031,1.73749861344958,0.00321376499696287,0.00405820568100058
5715900,66.15625,1.80624609133559,1.80576389429054,0.00331981000800443,0.00419246522976601
5808600,67.2291666666667,1.88018278986163,1.87968294733359,0.00342786686959099,0.00432935778760786
5900400,68.2916666666667,1.96123786612533,1.96072222873759,0.00353757339795669,0.0044680585297057
5992200,69.3541666666667,2.05175766807144,2.05122679150985,0.00364795369773593,0.00460784647094076
6084900,70.4270833333333,2.15283319654849,2.15228671221481,0.00376154006353378,0.00475165711102975
6176700,71.4895833333333,2.26097549209745,2.2604120810717,0.00387686786125457,0.00489744226332325
6269400,72.5625,2.37552682431968,2.37494431689295,0.00399456907366716,0.00504610910302576
6361200,73.625,2.49091607011033,2.49031235285567,0.00411191048971456,0.00519443210943804
6453000,74.6875,2.60498376874155,2.60435663847291,0.00423087762140681,0.00534498831834444
6545700,75.7604166666667,2.71618690956084,2.71553452072963,0.00435258176473238,0.00549886218271333
6637500,76.8229166666667,2.82083254472535,2.82015436835298,0.00447666188241245,0.00565517686311172
6730200,77.8958333333333,2.92073696754452,2.92003289116566,0.00460328876428388,0.00581491545414257
6822000,78.9583333333333,3.01504074613587,3.01431213105089,0.00473022715001192,0.00597512056776977
6913800,80.0208333333333,3.10694037865025,3.10618913826339,0.0048583436301509,0.00613662626687287
7006500,81.09375,3.20034778542773,3.19957653594532,0.004988878351798,0.00630137300993869
7098300,82.15625,3.29680507976468,3.29601713331612,0.00512054774198261,0.00646723399388664
7191000,83.2291666666667,3.40139812435685,3.40059638835503,0.00525445567948815,0.00663617833678181
7282800,84.2916666666667,3.51449398043652,3.51368121937117,0.00539072559269744,0.00680748748655742
7375500,85.3645833333333,3.63950310038355,3.6386809922497,0.00552879845613977,0.00698131538213646
7467300,86.4270833333333,3.77368676143695,3.77285605375085,0.00566642872054987,0.00715443392056593
7559100,87.4895833333333,3.91644157572225,3.9156018718371,0.00580596552580265,0.00733032877290486
7651800,88.5625,4.0663576546165,4.06550757637141,0.00594969134541957,0.00751067410989873
7743600,89.625,4.21707758787405,4.2162155844707,0.00609290093381628,0.00769084487908403
7836300,90.6979166666667,4.36825054171823,4.36737478460204,0.00623989027295406,0.00787557465130283
7928100,91.7604166666667,4.51455080311245,4.51366019453878,0.00638758039815811,0.00806093044976682
8019900,92.8229166666667,4.6564502790763,4.65554452005643,0.00653637782170129,0.00824796607334522
8112600,93.8958333333333,4.79584869240266,4.79492835167457,0.00668767009306002,0.00843837883862564
8204400,94.9583333333333,4.93206189635734,4.93112889790866,0.00684026637315741,0.00863008407698239
8297100,96.03125,5.07084310337936,5.06989990367508,0.00699682816341317,0.00882664854333064
8388900,97.09375,5.21290929391341,5.21195907621307,0.00715264889036504,0.00902268952679738
8480700,98.15625,5.36262416558215,5.36166983695433,0.00731069610350652,0.00922113891295747
8573400,99.2291666666667,5.52364487381272,5.52268889354758,0.00747170065833377,0.00942351491298893
8665200,100.291666666667,5.69349587831276,5.69253974270575,0.00763212569596434,0.00962557555775291
8757900,101.364583333333,5.87463758043397,5.87368174100043,0.00779649451312621,0.00983215511548628
8849700,102.427083333333,6.06139593266311,6.06043982664705,0.00796037580742546,0.0100383941769325
8942400,103.5,6.25439020337837,6.25343255374135,0.00812989776243376,0.0102510275042266
9034200,104.5625,6.44659904266458,6.44563818025655,0.00829764431729081,0.0104620456430904
9126000,105.625,6.63694029949085,6.63597467905997,0.00846655318075584,0.0106746765092729
9218700,106.697916666667,6.8250660956963,6.82409460039432,0.00864002558218219,0.0108924988048977
9310500,107.760416666667,7.00628916712307,7.00531160039302,0.00881234028515928,0.0111093675369259
9403200,108.833333333333,7.1844129274922,7.18342998407347,0.00898921743836627,0.0113319278884587
9495000,109.895833333333,7.35745666811343,7.35647024452258,0.0091657527111233,0.0115539733765664
9586800,110.958333333333,7.52961910147852,7.52863196399563,0.00934474646416386,0.011779329659624
9679500,112.03125,7.70564615910232,7.7046617348826,0.00952533885698485,0.0120068203412886
9771300,113.09375,7.88519739844549,7.8842193533643,0.00970727362627579,0.0122358441793729
9864000,114.166666666667,8.07435251771066,8.07338436779551,0.00989160415735247,0.012468269859507
9955800,115.229166666667,8.27088688861573,8.2699312684148,0.0100778996301928,0.0127027033756992
10047600,116.291666666667,8.47663273891982,8.47569138782746,0.0102642350658443,0.012937706657731
10140300,117.364583333333,8.69232229032669,8.69139600850819,0.0104538948027945,0.0131766123252272
10232100,118.427083333333,8.9112088951346,8.91029722370962,0.0106433624754579,0.0134156870766347
10324800,119.5,9.13440072229401,9.13350297719058,0.0108362173102418,0.013659140635548
10416600,120.5625,9.35454242878352,9.35365755704183,0.0110295547751079,0.0139028807138723
10509300,121.635416666667,9.57369094699195,9.57281862272621,0.0112268148797376,0.0141514357251319
10601100,122.697916666667,9.78662704643655,9.785767532921,0.0114242917518042,0.0144002530205083
10692900,123.760416666667,9.995984611991,9.99513941146504,0.0116232666588748,0.0146512031106115
10785600,124.833333333333,10.2056039486867,10.204775807726,0.0118258739230725,0.0149068060833443
10877400,125.895833333333,10.4141785316219,10.4133707737581,0.0120286421494672,0.0151624915500983
10970100,126.96875,10.6289802314376,10.6281971040299,0.0122349939914421,0.0154228070315878
11061900,128.03125,10.8487333639726,10.847978589196,0.0124409388199855,0.0156825593039527
11153700,129.09375,11.0775733692169,11.0768504645176,0.012648522731925,0.0159445873790201
11246400,130.166666666667,11.3187929295371,11.3181048923444,0.0128596121604216,0.0162110456762956
11338200,131.229166666667,11.5672792882898,11.5666273818083,0.0130705006626355,0.0164773797740979
11430900,132.302083333333,11.8262157349225,11.8256008863873,0.0132855628595488,0.0167486823502474
11522700,133.364583333333,12.0879854189549,12.0874069784393,0.0134996152851689,0.0170189519867458
11614500,134.427083333333,12.352044793353,12.3515019532209,0.0137156782719396,0.017291675111769
11707200,135.5,12.6180054557545,12.6174976177686,0.0139351170869886,0.0175690684240662
11799000,136.5625,12.8782820311,12.8778083569999,0.0141546479613645,0.0178462549980972
11891700,137.635416666667,13.1364982008771,13.1360592004576,0.0143788264079884,0.0181291870744988
11983500,138.697916666667,13.3873825560474,13.3869790139577,0.0146018340670792,0.018410982574771
12075300,139.760416666667,13.6344481615349,13.6340823355131,0.0148260658827224,0.0186946690713087
12168000,140.833333333333,13.8821449265653,13.881820457444,0.0150551516833008,0.0189842709393259
12259800,141.895833333333,14.1284169726686,14.1281373859579,0.0152832287309816,0.019272759774817
12352500,142.96875,14.3810249548308,14.3807947761303,0.0155147564448974,0.0195659704250272
12444300,144.03125,14.6374743461062,14.637296936501,0.0157462113035835,0.0198592475607337
12536100,145.09375,14.9015540598639,14.901432534867,0.0159791873147928,0.0201546045797034
12628800,146.166666666667,15.1759608419127,15.1758979050927,0.0162169018237451,0.0204560391668282
12721500,147.239583333333,15.4567199178525,15.4567165491507,0.0164555264249458,0.0207589544888249
12813300,148.302083333333,15.7385391482511,15.7385948945358,0.0166941850512041,0.0210619727290323
12905100,149.364583333333,16.0211834053416,16.0212980581798,0.0169345554273428,0.0213674042592221
12997800,150.4375,16.3046386420625,16.304812398577,0.0171795853352209,0.0216789996823324
13089600,151.5,16.5814187053391,16.5816511174096,0.0174234568553445,0.0219890830151663
13182300,152.572916666667,16.8561522440231,16.8564451877475,0.017671585303347,0.0223050907901073
13274100,153.635416666667,17.1240485877341,17.1244035237132,0.0179189697683123,0.022620384599195
13366800,154.708333333333,17.3921283925391,17.3925489687646,0.0181705651315481,0.0229410116349942
13458600,155.770833333333,17.6577798809377,17.658269475907,0.0184210523311648,0.0232604552274944
13551300,156.84375,17.929197213604,17.9297610200667,0.0186757058603073,0.0235855621710472
13643100,157.90625,18.2038677591621,18.2045093190799,0.018929470014661,0.0239097252982051
13735800,158.979166666667,18.4892781863221,18.4900019319358,0.0191876649208778,0.0242394664014344
13827600,160.041666666667,18.7809136912011,18.7817217252434,0.0194454138306973,0.0245681647870647
13919400,161.104166666667,19.0813113750838,19.0822056898356,0.0197042117934625,0.0248985267113295
14012100,162.177083333333,19.3921584110766,19.3931408021077,0.0199676559526128,0.0252347575642902
14103900,163.239583333333,19.705103063425,19.7061726188411,0.0202302040496917,0.0255695034109468
14196600,164.3125,20.0233792870512,20.0245364561926,0.020497341194473,0.0259097686849588
14288400,165.375,20.3378809792246,20.3391244253094,0.020763884316417,0.0262493033980855
14381100,166.447916666667,20.6522590205292,20.6535892368221,0.0210349732968371,0.0265941347337124
14472900,167.510416666667,20.9588025011751,20.9602190740211,0.0213051712414337,0.0269377198733768
14565600,168.583333333333,21.2630852785459,21.2645904563196,0.0215792839631957,0.0272861944538342
14657400,169.645833333333,21.5600333253814,21.5616286390387,0.0218532013174596,0.0276340108913716
14750100,170.71875,21.857434038606,21.8591236460993,0.022130437560266,0.0279861749066087
14841900,171.78125,22.1521521906855,22.1539389822512,0.0224075161155202,0.0283377800425368
14933700,172.84375,22.4498042751685,22.4516921167089,0.0226859239068231,0.0286909825067799
15026400,173.916666666667,22.7555625431161,22.7575559257138,0.0229688256661473,0.029049752483346
15119100,174.989583333333,23.0676408265434,23.0697424805435,0.0232534357283165,0.0294103265560558
15210900,176.052083333333,23.3826213741244,23.3848319315909,0.0235375042484085,0.0297701193024754
15302700,177.114583333333,23.701904088573,23.7042243166193,0.0238229886713317,0.0301316031282413
15395400,178.1875,24.0261256773541,24.0285567843877,0.0241130066242211,0.0304985093784961
15488100,179.260416666667,24.3492490460361,24.3517908806317,0.024404913039899,0.0308677558060329
15579900,180.322916666667,24.6655768048151,24.6682284122768,0.0246953611258777,0.0312349499074191
15671700,181.385416666667,24.9765253775189,24.9792874758084,0.0249876849569382,0.0316044297732366
15764400,182.458333333333,25.284461407362,25.2873366687552,0.0252848620967059,0.0319797634423465
15856200,183.520833333333,25.5840451259961,25.5870350171869,0.0255813096691428,0.0323539037811295
15948900,184.59375,25.8829136259224,25.886022704759,0.0258816550166851,0.0327331857352005
16040700,185.65625,26.1777792489563,26.1810103709003,0.0261807314577224,0.0331105706889332
16133400,186.729166666667,26.4773036697197,26.4806623317484,0.026484330153357,0.0334936142770037
16225200,187.791666666667,26.7783479788512,26.7818370114116,0.0267869647913253,0.0338753801207158
16317000,188.854166666667,27.0858416340049,27.0894645516073,0.0270913942206184,0.0342590495970357
16409700,189.927083333333,27.4039802993377,27.407741156218,0.0274006449974941,0.0346488200015509
16501500,190.989583333333,27.7264982862646,27.73039751244,0.0277083695436841,0.0350366023802772
16594200,192.0625,28.058455734453,28.062495521444,0.0280211986943433,0.035430477742369
16686000,193.125,28.3912051298099,28.3953841781191,0.0283325337657704,0.0358224454267613
16777800,194.1875,28.7251825656825,28.7295004897547,0.0286449205163246,0.0362157010804099
16870500,195.260416666667,29.0607772111353,29.0652349049397,0.0289634844911182,0.03661616727936
16962300,196.322916666667,29.3890238956428,29.3936198181434,0.0292802249751046,0.037014361532265
17055000,197.395833333333,29.7147840081219,29.719519972224,0.0296011252787526,0.037417726991834
17146800,198.458333333333,30.0313866028427,30.036262457488,0.0299214750352826,0.0378199849720807
17239500,199.53125,30.3460013996791,30.3510205555914,0.0302464309951567,0.0382279316025783
17331300,200.59375,30.6545585755917,30.6597222832062,0.0305701713595921,0.0386342495522749
17424000,201.666666666667,30.9657949299159,30.9711075305308,0.0308990173311963,0.039046763269252
17515800,202.729166666667,31.2762810257955,31.2817438265563,0.0312264446834802,0.0394572922441922
17608500,203.802083333333,31.5940373790987,31.5996541333146,0.0315583929485062,0.0398733065652998
17700300,204.864583333333,31.9136075278879,31.9193782015071,0.0318888500374767,0.0402875402239534
17792100,205.927083333333,32.237401548106,32.2433267741876,0.032221154140829,0.0407037751719282
17884800,207,32.5667786228347,32.5728598302196,0.0325584395832904,0.041125989062328
17976600,208.0625,32.8927179401971,32.8989531364527,0.0328939486235584,0.0415459153651652
18069300,209.135416666667,33.2187569751738,33.225147093035,0.0332350201365348,0.0419725090086401
18161100,210.197916666667,33.5361304544587,33.542673718215,0.0335744483955989,0.0423967612488548
18253800,211.270833333333,33.8494455101506,33.8561436745432,0.0339184955645305,0.042826619909868
18345600,212.333333333333,34.152139740328,34.1589922705264,0.0342610975609209,0.0432545666888388
18438300,213.40625,34.4508621873532,34.4578722887858,0.0346087606076824,0.0436885277931798
18531000,214.479166666667,34.7443941453217,34.7515640758298,0.0349589174895401,0.0441253213867787
18622800,215.541666666667,35.0324608236603,35.0397916744957,0.0353076110869909,0.0445601048077056
18715500,216.614583333333,35.3235562526865,35.3310522575396,0.0356606085210913,0.0450001607986813
18807300,217.677083333333,35.6146784195573,35.6223403841366,0.0360124393486313,0.0454386351160664
18899100,218.739583333333,35.9106716759287,35.9185015063805,0.036365343283737,0.0458783000072896
18991800,219.8125,36.215595393984,36.223595934348,0.0367240966847209,0.0463251380596382
19083600,220.875,36.5234404259892,36.5316104391212,0.0370809861556986,0.0467694660910909
19176300,221.947916666667,36.8389707970269,36.8473116669216,0.0374427887865777,0.0472197632338499
19268100,223.010416666667,37.1538442203761,37.1623535194745,0.0378027642286159,0.0476676500496249
19360800,224.083333333333,37.4714163305949,37.4800946017138,0.038168288567212,0.0481223077765673
19452600,225.145833333333,37.7826909303831,37.7915354956147,0.0385322669919179,0.0485747422135665
19545300,226.21875,38.0914198877987,38.1004316101459,0.0389011170285497,0.0490332103391535
19637100,227.28125,38.3902788951837,38.3994558709377,0.0392680380896511,0.0494889665234462
19728900,228.34375,38.682255058963,38.6915975582092,0.0396369325990229,0.0499473703929483
19821600,229.416666666667,38.9713839145852,38.9808942260212,0.0400117735136138,0.0504129373100308
19913400,230.479166666667,39.2543216719268,39.2639991933906,0.0403844989310824,0.0508758552714283
20006100,231.552083333333,39.5393697379446,39.5492172839951,0.0407623870888495,0.0513452753570637
20098800,232.625,39.8262732160378,39.8362914692905,0.041141996689497,0.0518169845659499
20190600,233.6875,40.1138379139024,40.1240255160881,0.04151938117074,0.0522860845822174
20282400,234.75,40.4051862370668,40.4155429966648,0.0418985666201549,0.0527576109642454
20375100,235.822916666667,40.702248069117,40.7127748055326,0.0422835301905466,0.0532362982565152
20466900,236.885416666667,40.9971911740288,41.0078848759983,0.0426668538267277,0.0537132113854509
20559600,237.958333333333,41.2930557296729,41.30391653552,0.0430554375323163,0.0541970007322983
20651400,239.020833333333,41.5812922832634,41.592317223395,0.0434425540340583,0.0546788021955958
20744100,240.09375,41.8651465808558,41.8763360579893,0.043834612100289,0.0551672058317758
20835900,241.15625,42.1375792520225,42.1489305754151,0.0442247598390951,0.0556533712900496
20928600,242.229166666667,42.4034990552627,42.4150129800329,0.044619984346404,0.0561461234987615
21020400,243.291666666667,42.6584790441152,42.6701536664525,0.0450130809535437,0.0566363399438551
21113100,244.364583333333,42.9093143391728,42.9211509811967,0.0454123855093262,0.0571342232545766
21204900,245.427083333333,43.1536468393763,43.1656434554824,0.0458092213003629,0.0576291899053863
21296700,246.489583333333,43.3967519298295,43.4089081699478,0.0462079614456889,0.0581263157847191
21389400,247.5625,43.6436926148399,43.6560093008766,0.0466123403075648,0.0586303703291585
21481200,248.625,43.8917161360709,43.9041904153273,0.0470147195225228,0.0591318199526053
21573900,249.697916666667,44.1467357929635,44.1593675374058,0.0474230550862685,0.0596403749550397
21665700,250.760416666667,44.4036232459484,44.4164088858284,0.0478281601133345,0.0601451316639265
21758400,251.833333333333,44.6660210515425,44.6789595734726,0.0482393508437385,0.060656962271538
21850200,252.895833333333,44.9265037200639,44.9395908966081,0.048649004198403,0.061166207623606
21942000,253.958333333333,45.1847943062444,45.1980274035248,0.0490605099839371,0.061677526754929
22034700,255.03125,45.4405996086837,45.4539774123232,0.0494773594933473,0.0621952642732425
22126500,256.09375,45.6868435721932,45.7003621697141,0.0498917163312638,0.0627097000690497
22219200,257.166666666667,45.9273630013589,45.9410213006694,0.0503124514374069,0.0632313394797338
22311000,258.229166666667,46.1578709017915,46.1716652406291,0.0507305090839748,0.0637496074614173
22402800,259.291666666667,46.3823890587519,46.3963172563721,0.0511502405800087,0.0642695493826194
22495500,260.364583333333,46.6055889262935,46.6196499128136,0.0515758120745672,0.064796509288813
22587300,261.427083333333,46.8259269792197,46.8401169103777,0.0519990807785359,0.0653203579570912
22680000,262.5,47.0501288844514,47.0644462992418,0.0524284547170374,0.0658515911995206
22771800,263.5625,47.2752452518472,47.2896859481947,0.0528554785993946,0.0663795263001827
22864500,264.635416666667,47.5058214936148,47.5203834927497,0.053288229299093,0.0669145256780259
22956300,265.697916666667,47.7362274141207,47.7509062848961,0.0537184791781415,0.0674461694593867
23049000,266.770833333333,47.9687726995278,47.9835662719751,0.0541551123744546,0.0679854603524918
23140800,267.833333333333,48.1961728353876,48.2110767341458,0.0545889333079238,0.0685211783322827
23232600,268.895833333333,48.4178721526873,48.4328831626743,0.0550245512923478,0.0690589121187828
23325300,269.96875,48.6335255466676,48.6486414920501,0.0554662913223482,0.069603976673263
23417100,271.03125,48.8373739217629,48.852590526699,0.0559054533235058,0.0701456960063426
23509800,272.104166666667,49.0329411936642,49.0482560582486,0.0563505957925579,0.0706947378345624
23601600,273.166666666667,49.2171498065528,49.2325583992616,0.056793005159239,0.0712402258445363
23694300,274.239583333333,49.3954298466151,49.4109292304062,0.0572415987747292,0.0717932602475726
23786100,275.302083333333,49.5668941600293,49.5824793420833,0.0576877565737254,0.0723431591718371
23877900,276.364583333333,49.7361977630161,49.7518643765867,0.0581356983758158,0.0728949917809951
23970600,277.4375,49.9077283779275,49.9234725724269,0.058589630106853,0.0734543221499277
24062400,278.5,50.0801970598254,50.0960133705948,0.0590416187519757,0.0740109744530575
24155100,279.572916666667,50.2579451508454,50.2738295544008,0.0594992500869492,0.0745745987182364
24246900,280.635416666667,50.4371697731566,50.4531170197206,0.0599541954213897,0.0751349358566519
24339600,281.708333333333,50.6197694126407,50.6357756875999,0.0604151221182343,0.0757023808594546
24431400,282.770833333333,50.7996823139447,50.8157428037069,0.0608732181775174,0.0762664963482538
24524100,283.84375,50.9774934415026,50.9936044926409,0.0613380120988155,0.0768387239389464
24615900,284.90625,51.14709374511,51.1632506242245,0.0618003513160463,0.0774076065831862
24707700,285.96875,51.3084393858587,51.3246376344449,0.0622641794464391,0.0779782451087497
24800400,287.041666666667,51.4624413544856,51.478676445201,0.0627339870516894,0.0785564133004487
24892200,288.104166666667,51.6069596863384,51.623225879706,0.0632014507946946,0.0791314444554315
24984900,289.177083333333,51.7469089240382,51.7632005727712,0.0636745589146103,0.0797135326246643
25076700,290.239583333333,51.8823551061902,51.8986657002894,0.0641450700956203,0.0802924138895552
25169400,291.3125,52.0188719326367,52.0351951018409,0.0646224088018199,0.0808793637605443
25261200,292.375,52.1561549966271,52.1724841746608,0.0650965156312469,0.0814624092447311
25353000,293.4375,52.2968411230576,52.3131701523853,0.0655727780068446,0.0820481369581321
25445700,294.510416666667,52.4424141413767,52.4587371591263,0.0660553634443444,0.0826414254092617
25537500,295.572916666667,52.5888435788902,52.6051553272893,0.0665354117151081,0.0832314927665927
25630200,296.645833333333,52.7367526975005,52.7530481171676,0.0670215314743497,0.0838291500011334
25722000,297.708333333333,52.880450150007,52.8967247531142,0.0675043269811445,0.0844227096511107
25814700,298.78125,53.0197982007209,53.0360471299756,0.0679942545661523,0.0850247719884402
25906500,299.84375,53.149580277704,53.1657989095838,0.0684803011614032,0.0856223647472814
25998300,300.90625,53.269524040363,53.2857070075273,0.0689693346986154,0.0862232099461166
26091000,301.979166666667,53.3801173842208,53.3962581361376,0.0694646116336872,0.0868317128303082
26182800,303.041666666667,53.4799209753861,53.4960129848394,0.0699574615744157,0.0874369389624726
26275500,304.114583333333,53.5727731522813,53.5888080919207,0.0704562637674386,0.0880498087106743
26367300,305.177083333333,53.6595636064962,53.6755336521661,0.0709518959656793,0.0886585339035243
26460000,306.25,53.7450711799353,53.7609669336848,0.071454399256253,0.0892756901949462
26551800,307.3125,53.8304290865029,53.8462426370161,0.071953764375446,0.0898889807624998
26644500,308.385416666667,53.9193159778527,53.9350382529403,0.072459136745256,0.0905098611479005
26736300,309.447916666667,54.0107472987697,54.0263717132577,0.0729616840561318,0.0911269895572035
26829000,310.520833333333,54.1058441316901,54.1213630877956,0.0734711241994619,0.0917528157983036
26920800,311.583333333333,54.2008362469673,54.2162449496974,0.0739781019735949,0.0923754907058517
27013500,312.65625,54.2948003344596,54.3100922568335,0.0744910475859468,0.0930057136285204
27105300,313.71875,54.3829616725191,54.3981326351279,0.0750011594405557,0.0936326075129519
27198000,314.791666666667,54.4645395562409,54.4795825823014,0.0755173065869313,0.0942668976296531
27289800,315.854166666667,54.536510839434,54.5514205145513,0.0760305303586784,0.0948978224568391
27381600,316.916666666667,54.5996329874053,54.6144015504794,0.0765456791211475,0.095531216600121
27474300,317.989583333333,54.6557145589303,54.6703316640759,0.0770677964735128,0.0961732610770937
27566100,319.052083333333,54.7060771511014,54.7205345363601,0.0775861487260416,0.0968111609251223
27658800,320.125,54.7547578419573,54.7690436048391,0.0781121365581151,0.0974584428135408
27750600,321.1875,54.8038092646084,54.8179148401921,0.0786354664348765,0.0981028070399746
27843300,322.260416666667,54.8566242504466,54.8705381007655,0.0791641036657228,0.0987543274497129
27935100,323.322916666667,54.9135350427472,54.9272504503942,0.0796894431940337,0.0994024032972311
28026900,324.385416666667,54.9751183521946,54.9886279591075,0.0802167686876275,0.100053397082032
28119600,325.458333333333,55.0408544761947,55.0541500432542,0.0807515895951346,0.100714191136304
28211400,326.520833333333,55.1072485365545,55.120327128312,0.0812821999067067,0.101370449228032
28304100,327.59375,55.1727034432595,55.1855582870213,0.0818210824285317,0.102037131178512
28395900,328.65625,55.2329441914028,55.245573056365,0.0823558161095427,0.102699495069697
28488600,329.729166666667,55.2864980334537,55.2988937730659,0.0828979100744756,0.103371422995055
28580400,330.791666666667,55.3305628843109,55.3427217723351,0.0834357091092673,0.104038543515849
28672200,331.854166666667,55.3651370343885,55.3770517084305,0.0839754694446891,0.104708320015108
28764900,332.927083333333,55.3911962901113,55.4028554781976,0.0845222231420431,0.105387350605874
28856700,333.989583333333,55.4102317334359,55.4216277996277,0.0850657371311495,0.106062302635684
28949400,335.0625,55.4255180768998,55.4366372927221,0.0856169420952243,0.106746899160972
29041200,336.125,55.4399150021725,55.4507488481288,0.086164201491391,0.107426529568487
29133000,337.1875,55.4563361221825,55.4668740892253,0.0867132070823319,0.108108389863123
29225700,338.260416666667,55.4767623481422,55.4869921506553,0.0872695140683438,0.108799604369759
29317500,339.322916666667,55.5011673561373,55.5110841260643,0.0878226754287462,0.109486290460157
29410200,340.395833333333,55.5289064923013,55.5385008142307,0.0883825266594127,0.110181375321304
29502000,341.458333333333,55.5571301065773,55.5664001039879,0.0889380864291291,0.110871351432212
29594700,342.53125,55.5833932067432,55.5923310477505,0.0895010234919133,0.11157006103568
29686500,343.59375,55.6042651098758,55.6128691163638,0.0900601236988197,0.112263881351934
29779200,344.666666666667,55.6179020359329,55.6261629049978,0.0906273397749547,0.112967483276109
29871000,345.729166666667,55.6229960998774,55.6309095713592,0.0911904500474471,0.113665839687872
29963700,346.802083333333,55.6200106605878,55.6275638453072,0.0917611726254642,0.114373355276449
30055500,347.864583333333,55.6106942762106,55.617879636341,0.092327895949486,0.115075783750815
30147300,348.927083333333,55.5977277130745,55.604533151028,0.0928965621292698,0.115780496864035
30240000,350,55.5841493723216,55.5905584828411,0.0934721355144149,0.116493668387866
30331800,351.0625,55.5733256364903,55.5793301246394,0.0940448400916332,0.117202862263528
30424500,352.135416666667,55.5675461233952,55.5731309572687,0.0946239830212669,0.117920329522939
30516300,353.197916666667,55.5683395976027,55.5734996485716,0.0951997880236781,0.118633457757114
30609000,354.270833333333,55.5758593632019,55.5805832188384,0.0957829814748357,0.119355577157033
30700800,355.333333333333,55.5888097178488,55.5930963798029,0.0963628822848645,0.120073587693446
30792600,356.395833333333,55.6050265091019,55.6088723144142,0.0969439479700686,0.12079310439294
30885300,357.46875,55.6217862933365,55.625184099286,0.0975328213264493,0.121522229369209
30977100,358.53125,55.6356975723834,55.6386489981464,0.0981174180582975,0.122246172392467
31069800,359.604166666667,55.6443248772864,55.6468220018751,0.0987093271502476,0.122979147759168
31161600,360.666666666667,55.6457393660406,55.6477816237513,0.0992976641107383,0.123707714723057
31253400,361.729166666667,55.639583824281,55.6411644061571,0.099886704023132,0.124437302890741
31346100,362.802083333333,55.6266434014817,55.6277489665554,0.100484866754133,0.125177885351132
31437900,363.864583333333,55.6093892902769,55.6100142962455,0.101078868248852,0.125913363229813
31530600,364.9375,55.5905631131751,55.5906919736174,0.101679279835269,0.126657033529574
31622400,366,55.5737089991641,55.5733361838181,0.102276094418179,0.127396033222386
31714200,367.0625,55.5611939735449,55.5603105774083,0.102874885779621,0.128137437088694
31806900,368.135416666667,55.5543215416948,55.5529156653231,0.103482059445726,0.128889154287095
31898700,369.197916666667,55.553046777605,55.5511189723306,0.104084428972307,0.129635056721829
31991400,370.270833333333,55.5556890105696,55.5532316311866,0.104694828339616,0.130390891215142
32083200,371.333333333333,55.5595276475491,55.5565445879134,0.105300742392496,0.131141146675304
32175000,372.395833333333,55.561526641033,55.5580169326417,0.105909182021391,0.131894440187615
32267700,373.46875,55.5588638173371,55.5548205410737,0.106525289097761,0.132657279540126
32359500,374.53125,55.5496772576166,55.5451023204709,0.107136885093402,0.133414453993162
32452200,375.604166666667,55.5331200715618,55.5280028985073,0.10775721984259,0.13418228210885
32544000,376.666666666667,55.510238246386,55.5045767613207,0.108372385763129,0.134943790447815
32636700,377.739583333333,55.4825827233514,55.4763624836852,0.108995496993917,0.135715088672712
32728500,378.802083333333,55.4535632038752,55.4467796886356,0.109614305467233,0.136480889647365
32821200,379.875,55.4259272561374,55.4185648770208,0.110241017861616,0.137256478667014
32913000,380.9375,55.4033319895654,55.3953873114815,0.110863268213348,0.138026472511864
33005700,382.010416666667,55.387813245985,55.3792732085538,0.111493676998153,0.138806365812757
33097500,383.072916666667,55.3810447513868,55.3719101922872,0.112119381670281,0.139580422985377
33189300,384.135416666667,55.3829152897617,55.373183759195,0.11274713437176,0.140356827431618
33282000,385.208333333333,55.3923445932086,55.3820101236217,0.11338275984058,0.14114284782409
33373800,386.270833333333,55.4068612597309,55.3959313282355,0.114014842117626,0.141924158924161
33466500,387.34375,55.4237584266281,55.4122297669848,0.114654610199482,0.142715071564614
33558300,388.40625,55.4396385846085,55.4275195003639,0.115289896168027,0.143500273330454
33650100,389.46875,55.4520937990876,55.4393858321299,0.11592655158183,0.144287132239287
33742800,390.541666666667,55.4596135257915,55.4463107724344,0.116571351100984,0.14508382576253
33834600,391.604166666667,55.4618744029712,55.4479806083245,0.117211280878967,0.145874476295349
33927300,392.677083333333,55.460233701191,55.445739315529,0.117859794738986,0.146675588736379
34019100,393.739583333333,55.4572315466585,55.442137640756,0.118504262896576,0.147471045575503
34111800,394.8125,55.455991165082,55.4402870392699,0.119156328408423,0.148276048146024
34203600,395.875,55.4595376561533,55.4432255322705,0.119804217727942,0.149075547403547
34295400,396.9375,55.469941646818,55.4530198272173,0.120454860230208,0.149878090010634
34388100,398.010416666667,55.488131797844,55.4705949323956,0.121112083541298,0.150688927155385
34479900,399.072916666667,55.5129382886691,55.4947952455772,0.121765008201283,0.151494209332876
34572600,400.145833333333,55.5426996003174,55.523949060896,0.12242643895287,0.152309831963172
34664400,401.208333333333,55.5739336509684,55.5545869102098,0.123083597879577,0.153120013067347
34757100,402.28125,55.6041746412322,55.5842311340782,0.123747629966416,0.15393881458798
34848900,403.34375,55.6302899589632,55.6097596938515,0.124407499734102,0.154752438511583
34940700,404.40625,55.6510389943228,55.6299246695529,0.125070176266054,0.155569060278486
35033400,405.479166666667,55.6662555461787,55.6445524491423,0.125740706981871,0.156395510158035
35125200,406.541666666667,55.6766692423224,55.6543823934573,0.126406641488845,0.157216498205554
35217900,407.614583333333,55.6846804553111,55.6618022793289,0.127080381241969,0.158047136524211
35309700,408.677083333333,55.6930784303741,55.6696127700929,0.127749895382724,0.158872536844343
35401500,409.739583333333,55.7051567500953,55.681102047903,0.128421210288572,0.159700340169751
35494200,410.8125,55.7241076569763,55.699457700098,0.129100266302083,0.160538073469997
35586000,411.875,55.7518167166129,55.7265789391126,0.129774824817729,0.161370483524714
35678700,412.947916666667,55.7899812563892,55.7641539270415,0.130458764472537,0.162214526161789
35770500,414.010416666667,55.8376929402746,55.811287850485,0.131137835902022,0.163053107830672
35862300,415.072916666667,55.8938415079343,55.8668663483975,0.13181825664305,0.16389361354922
35955000,416.145833333333,55.9566249312463,55.9290832791535,0.132507080393914,0.164744923066455
36046800,417.208333333333,56.021820470823,55.9937276829219,0.133190761248727,0.165590385346059
36139500,418.28125,56.0877058618735,56.0590663208456,0.133882704438645,0.166446314501046
36231300,419.34375,56.150703323586,56.1215308944918,0.134569971573983,0.167296573515694
36324000,420.416666666667,56.2109203026668,56.1812174220518,0.135266047008213,0.168157850326974
36415800,421.479166666667,56.2675441556344,56.2373226275392,0.135957460830211,0.169013257282119
36507600,422.541666666667,56.3229344769966,56.2921998672166,0.136650729366767,0.169870640188155
36600300,423.614583333333,56.3804090509273,56.3491620194312,0.137352192689862,0.170738268255251
36692100,424.677083333333,56.4419211336674,56.4101730022099,0.138049175416977,0.171599561102253
36784800,425.75,56.5113034507308,56.47905687015,0.138754956278003,0.172471310627041
36876600,426.8125,56.5886807770256,56.5559496391686,0.139455168872796,0.173335783166138
36969300,427.885416666667,56.6755872401263,56.6423775625554,0.140164347177169,0.174210878425129
37061100,428.947916666667,56.7689315570331,56.7352599005081,0.140867253378141,0.175077662180785
37152900,430.010416666667,56.8670641709198,56.8329430117173,0.141573470771914,0.175947521287119
37245600,431.083333333333,56.9680008916626,56.9334385485203,0.142288497856202,0.17682778633587
37337400,432.145833333333,57.0668861443741,57.0318991767931,0.142997580265213,0.177700294306314
37430100,433.21875,57.16337464657,57.1279706694583,0.143715744893182,0.178583320112052
37521900,434.28125,57.254380642801,57.2185745385062,0.144429193145291,0.179459609757621
37613700,435.34375,57.3408957252977,57.3046975153686,0.145144486218815,0.18033773698439
37706400,436.416666666667,57.4249840480836,57.3883997008712,0.145868408004587,0.181225955737165
37798200,437.479166666667,57.5073033674531,57.4703462933228,0.146587104106869,0.182107153684471
37890900,438.552083333333,57.5924425765377,57.555119165401,0.147314480842294,0.182998470947649
37982700,439.614583333333,57.6818382428281,57.6441627449789,0.148036705868914,0.183882897161165
38074500,440.677083333333,57.7790015114153,57.7409855154037,0.148760524820304,0.184768864325189
38167200,441.75,57.8869005119815,57.8485534790641,0.149493617171438,0.185665560864111
38259000,442.8125,58.0041470658889,57.9654858323569,0.150221027597701,0.186554999439553
38351700,443.885416666667,58.1324268068398,58.0934627743808,0.150957462606654,0.187454759250714
38443500,444.947916666667,58.2674379105636,58.2281887814698,0.151688809459276,0.188347983813751
38536200,446.020833333333,58.4091232636959,58.3696012454966,0.152429154605121,0.189251762115051
38628000,447.083333333333,58.5517420616107,58.5119645279011,0.153164585876592,0.190149235482449
38719800,448.145833333333,58.6939970175239,58.6539783534787,0.153900359424874,0.191046992239819
38812500,449.21875,58.8355032223907,58.7952554302065,0.154646217221336,0.191956398214428
38904300,450.28125,58.973092575578,58.9326320172698,0.155386331674225,0.192858664298394
38997000,451.354166666667,59.1105133585409,59.0698523710913,0.156135974367521,0.193771985255137
39088800,452.416666666667,59.2473448839257,59.2065000492966,0.156880242666577,0.194678373101055
39180600,453.479166666667,59.3877974485827,59.3467838114864,0.157626103370521,0.195586610112368
39273300,454.552083333333,59.5361429046525,59.4949745589827,0.158381137931955,0.196505664002779
39365100,455.614583333333,59.6915426538884,59.650237043442,0.159131312765088,0.197418180846533
39457800,456.6875,59.8578508622944,59.8164228511503,0.159890064481027,0.198340971806979
39549600,457.75,60.0312357608085,59.989702434102,0.160643475672039,0.199256909500416
39642300,458.822916666667,60.213235818932,60.1716119141606,0.161406521883698,0.20018428283133
39734100,459.885416666667,60.3976526023727,60.3559541844106,0.162163644748037,0.201104223741007
39826800,460.958333333333,60.5851087237311,60.5433501480935,0.162930049768677,0.202034993291912
39918600,462.020833333333,60.769273470189,60.7274701405533,0.163691521700661,0.20295946577443
40010400,463.083333333333,60.9500308297126,60.9081976553149,0.164454033837152,0.203885052462715
40103100,464.15625,61.1282122638032,61.0863645861555,0.165226129213983,0.204821986161586
40194900,465.21875,61.3006886876825,61.2588428173561,0.165992193571836,0.205751414784247
40287600,466.291666666667,61.4723498085349,61.4305229765517,0.166767561256161,0.206691759627053
40379400,467.354166666667,61.6422575017936,61.6004674035141,0.167537682927165,0.207625576959394
40472100,468.427083333333,61.8166733660893,61.7749391055701,0.168316740785312,0.208570037720062
40563900,469.489583333333,61.9950920109752,61.9534319205157,0.169090735707447,0.209507991016326
40655700,470.552083333333,62.1815155433445,62.139948341382,0.169866063596166,0.210447249765527
40748400,471.625,62.3792732578726,62.3378183258357,0.170651016725563,0.211397840193361
40840200,472.6875,62.5846436842835,62.5433173482396,0.171430136944966,0.212341109114599
40932900,473.760416666667,62.8004658660424,62.7592859011846,0.172218510732113,0.213295398559405
41024700,474.822916666667,63.020314119766,62.9792945104542,0.173001747186705,0.214243084992523
41117400,475.895833333333,63.2456284129995,63.2047856399564,0.173794094957169,0.215201599453078
41209200,476.958333333333,63.4692162395473,63.428563221347,0.174581242142937,0.216153335745391
41301900,478.03125,63.6932703317908,63.65282420287,0.175377773785707,0.217116391447362
41393700,479.09375,63.9124385686576,63.8722134645567,0.176167896708898,0.218071412633989
41485500,480.15625,64.1293064682182,64.0893197440974,0.176960092903457,0.219028672493527
41578200,481.229166666667,64.3476906999254,64.307963591651,0.177762293516449,0.219997728203335
41670000,482.291666666667,64.565946990157,64.5264966220997,0.17855841520341,0.220959337305009
41762700,483.364583333333,64.7912471182238,64.7520963128466,0.17936380702721,0.221931974684795
41854500,484.427083333333,65.0216556832255,64.9828209888041,0.180163792392121,0.222897772413614
41946300,485.489583333333,65.2607962479977,65.222295923554,0.180965013783873,0.223865015470564
42039000,486.5625,65.5113528526595,65.4732070512275,0.18177591458751,0.22484357049579
42130800,487.625,65.7673858110683,65.729606112515,0.182580658742998,0.225814863061315
42223500,488.697916666667,66.0317637808751,65.9943674788306,0.183395137870212,0.226797646430943
42315300,489.760416666667,66.2966003658839,66.2595962157838,0.184203865860765,0.227773344563503
42407100,490.822916666667,66.5615899366817,66.5249900539918,0.18501423730234,0.22875101931311
42499800,491.895833333333,66.8268239849419,66.7906450941246,0.185835304485015,0.229741511339091
42591600,492.958333333333,67.0854791223275,67.0497309478596,0.186649770831776,0.230724110647308
42684300,494.03125,67.3420424207125,67.3067446758561,0.187474182102995,0.231718891415067
42776100,495.09375,67.5921497652164,67.5573151624637,0.188291626297707,0.232705927733163
42868800,496.166666666667,67.8424354345167,67.80808739272,0.189119044560349,0.233705110901835
42960600,497.229166666667,68.0905363458355,68.056690038036,0.189940539477138,0.234697552706381
43053300,498.302083333333,68.3441815337324,68.3108622168922,0.190771890351201,0.235702327458427
43145100,499.364583333333,68.6010609077356,68.5682829632418,0.19159742433169,0.236700653203021
43237800,500.4375,68.8681115782272,68.8358985327066,0.192433505304609,0.237712038630409
43329600,501.5,69.1408851933786,69.1092474420675,0.193262960994915,0.238716195254547
43422300,502.572916666667,69.4241492582392,69.3931059901304,0.194102241227078,0.239733021807046
43514100,503.635416666667,69.7106263733015,69.6801832168946,0.194935424438762,0.240742891798021
43606800,504.708333333333,70.0033021401761,69.973474905187,0.195778529901819,0.241765766584014
43698600,505.770833333333,70.293653273869,70.2644453851812,0.196615595082684,0.242781633874546
43790400,506.833333333333,70.5820914185466,70.5535129483819,0.197453840948027,0.243799576983999
43883100,507.90625,70.8699254127647,70.8419943849476,0.198302056127093,0.244830011167138
43974900,508.96875,71.1513874516291,71.1241114198916,0.19914370355345,0.245853099147572
44067600,510.041666666667,71.4331667953591,71.4065683441314,0.1999957695866,0.246889051624332
44159400,511.104166666667,71.7120050457761,71.6860953428853,0.200842280223774,0.247917853611512
44251200,512.166666666667,71.993384970959,71.9681823743276,0.201690102023632,0.248948381651762
44343900,513.239583333333,72.2828208249302,72.2583503601296,0.202547825022526,0.249991017981764
44435700,514.302083333333,72.5767436961028,72.5530146366888,0.203399384320823,0.251025944092375
44528400,515.375,72.8819274986256,72.8589615075084,0.204261554160567,0.252073143116169
44620200,516.4375,73.1922075163101,73.1700087694117,0.205116848898808,0.253111818624843
44712000,517.5,73.5091034477534,73.4876808921307,0.205974135868913,0.254152650033609
44804700,518.572916666667,73.8334859518349,73.8128544505592,0.206842212817398,0.255205910423942
44896500,519.635416666667,74.1562649397444,74.1364229179499,0.207703312878383,0.256250475494217
44989200,520.708333333333,74.4809498855608,74.4619112493692,0.208574763347066,0.257307230964976
45081000,521.770833333333,74.7989418850765,74.7807060105427,0.209439656658057,0.25835552670096
45173700,522.84375,75.1150497144392,75.0976335649009,0.210314137057826,0.259415276916285
45265500,523.90625,75.4228632360355,75.4062701690721,0.21118317524862,0.260467916017204
45357300,524.96875,75.7263878611904,75.7106313879616,0.212053989510344,0.261522363783047
45450000,526.041666666667,76.0304969778205,76.0156008196816,0.212934531832953,0.262588648208065
45541800,527.104166666667,76.3318795632537,76.3178515903715,0.213809231795097,0.263647323692866
45634500,528.177083333333,76.6392007532518,76.6260655214022,0.214693422039583,0.264717453138397
45726300,529.239583333333,76.9487556608069,76.9365188657579,0.215571758912899,0.265780292681804
45819000,530.3125,77.2679240782585,77.2566065130506,0.216459651370659,0.266854674867684
45910800,531.375,77.5905230289689,77.5801247077715,0.217340855253991,0.267920790232292
46002600,532.4375,77.9183444100489,77.9088714475447,0.218224511246363,0.268989615790734
46095300,533.510416666667,78.2523609753889,78.2438265806205,0.219118830620588,0.270071256173012
46187100,534.572916666667,78.5833007531738,78.5756990291304,0.22000583568214,0.271144056389817
46279800,535.645833333333,78.9149757019414,78.9083194633731,0.22090354371296,0.272229833131375
46371600,536.708333333333,79.2390408714518,79.2333261503417,0.221794358996673,0.273307258068629
46463400,537.770833333333,79.5579886572485,79.5532229404389,0.222687476245766,0.274387264694428
46556100,538.84375,79.8754292058696,79.8716318817829,0.22359139448414,0.275480388417035
46647900,539.90625,80.1869201210662,80.1840938205425,0.224487993541936,0.276564650304922
46740600,540.979166666667,80.5011168456298,80.4992843667918,0.225395387646752,0.277662172401586
46832400,542.041666666667,80.8147003621691,80.8138651580208,0.226295562219649,0.278751033395564
46924200,543.104166666667,81.1331883836021,81.1333622100153,0.227198202081157,0.279842743069315
47016900,544.177083333333,81.4615130523224,81.4627154562939,0.228111713723903,0.280947664506536
47108700,545.239583333333,81.7939353853587,81.7961630490424,0.229018222247238,0.282044096807432
47201400,546.3125,82.1364082288131,82.1396749110027,0.229935392174752,0.28315361176268
47293200,547.375,82.4806354818946,82.4849321188474,0.230845114730645,0.28425416964744
47385900,548.447916666667,82.8308920407707,82.8362278929074,0.231765670848983,0.285367889601396
47477700,549.510416666667,83.17756094926,83.1839242909936,0.232679576984097,0.286473601397706
47569500,550.572916666667,83.5213549890904,83.5287445105794,0.233595615674928,0.287581733822246
47662200,551.645833333333,83.8634661791592,83.8718919501397,0.234521987640243,0.288702523870025
47754000,552.708333333333,84.1961068111563,84.2055608462968,0.235441365154684,0.289815007916959
47846700,553.78125,84.5258484465927,84.5363452852143,0.236371428658391,0.290940354532693
47938500,554.84375,84.8475289618358,84.8590649532223,0.237294741753464,0.292057620561469
48030300,555.90625,85.1665489118745,85.1791318155367,0.238219864477769,0.293177138093103
48123000,556.979166666667,85.4886880762455,85.5023362310356,0.239156261887501,0.294310483353444
48214800,558.041666666667,85.810229458127,85.8249394360112,0.240085138919524,0.29543468856695
48307500,559.114583333333,86.1393069403242,86.1550939605888,0.241025457579002,0.296572684550138
48399300,560.177083333333,86.4701564024035,86.4870119816376,0.24195815863321,0.297701568995306
48492000,561.25,86.8085363067918,86.8264700166117,0.242901581187772,0.298843687700369
48583800,562.3125,87.1459746979924,87.1649729089285,0.243837881942122,0.299977065672952
48676500,563.385416666667,87.4864149088284,87.5064835949347,0.244785143988037,0.301123641637175
48768300,564.447916666667,87.8204714162344,87.841595744294,0.245725898349339,0.302262245975443
48861000,565.520833333333,88.1523636849132,88.1745506359148,0.246677569047767,0.303414076043147
48952800,566.583333333333,88.4743076942754,88.4975455438395,0.2476221778455,0.304557238167966
49045500,567.65625,88.7924971390587,88.8167970869922,0.248577252107638,0.305713352223103
49137300,568.71875,89.1018647322914,89.1272193725969,0.24952524304852,0.30686079839393
49229100,569.78125,89.4076194273812,89.4340330621134,0.250474392076164,0.308009829232937
49321800,570.854166666667,89.7154127003131,89.742900507264,0.251434755235515,0.309172292438226
49413600,571.916666666667,90.0220202414285,90.0505759135821,0.25238929890111,0.310327567279399
49506300,572.989583333333,90.3358034018339,90.3654399200908,0.253353899200104,0.311495207960858
49598100,574.052083333333,90.6521415597797,90.6828485629209,0.254311067488233,0.312654086573922
49689900,575.114583333333,90.9744223876053,91.0061973520908,0.255271128926225,0.313816043420974
49782600,576.1875,91.3050862630974,91.3379344342721,0.256241895711875,0.314991271435632
49874400,577.25,91.6358814713433,91.6697851150855,0.257204675875006,0.316156910945618
49967100,578.322916666667,91.9707063414436,92.0056670561262,0.258179145099457,0.317336839706223
50058900,579.385416666667,92.3002227352298,92.3362212109667,0.259146018937448,0.31850768537848
50151600,580.458333333333,92.6282434206998,92.6652812610016,0.260124378618695,0.319692569854977
50243400,581.520833333333,92.9464925392982,92.9845524043889,0.261095407030897,0.320868953443955
50335200,582.583333333333,93.2573638435333,93.2964404841605,0.262068127166676,0.322047556879821
50427900,583.65625,93.5642383237007,93.604338307852,0.263052143921219,0.323240288130081
50519700,584.71875,93.8627732407708,93.903884307115,0.264028823130229,0.324424779663937
50612400,585.791666666667,94.1612928152227,94.2034233036013,0.26501690598334,0.325623531446994
50704200,586.854166666667,94.4566851299377,94.4998231463054,0.265997198738904,0.326813431831476
50796900,587.927083333333,94.7570326930077,94.8011843522133,0.266989530933757,0.328018747591422
50888700,588.989583333333,95.0577661673264,95.1029155985847,0.267973732917239,0.329215034788566
50980500,590.052083333333,95.3617302132365,95.4078691708905,0.268959944010003,0.330414499398953
51073200,591.125,95.670573112522,95.7177009717478,0.269957186797853,0.331628322458973
51165000,592.1875,95.9759484846541,96.0240439418633,0.270947081228294,0.332833912658187
51257700,593.260416666667,96.2810093879485,96.3300692816745,0.271949595387465,0.334055232114484
51349500,594.322916666667,96.5771904256417,96.6271931783042,0.272944230868417,0.335267602970927
51441300,595.385416666667,96.8655422410771,96.9164771166999,0.273940469206933,0.336482534433566
51534000,596.458333333333,97.1478867260607,97.1997531044912,0.274947559711038,0.337711246066571
51625800,597.520833333333,97.4190802261863,97.4718606521001,0.275947150213353,0.338931009203243
51718500,598.59375,97.6859392753686,97.7396356723148,0.276958579504242,0.340165087641732
51810300,599.65625,97.9456282627863,98.0002250669331,0.277961833215407,0.341389224759455
51902100,600.71875,98.2035351997843,98.259025498341,0.278968045244934,0.34261652168846
51994800,601.791666666667,98.4649324478821,98.5213171359617,0.279985491117305,0.343857220009408
52086600,602.854166666667,98.726969248836,98.7842303437418,0.280994745741471,0.345087636569205
52179300,603.927083333333,98.9961229585789,99.0542576855307,0.282015326667971,0.3463313835386
52271100,604.989583333333,99.2673553670012,99.3263420277727,0.283028620052198,0.347565324282221
52363800,606.0625,99.5449863677711,99.6048182769148,0.284053145036713,0.348812323830135
52455600,607.125,99.8216268131965,99.8822796258839,0.285070323224569,0.350049743066045
52547400,608.1875,100.097312079027,100.158769016233,0.286088977884946,0.351288232135544
52640100,609.260416666667,100.371849351369,100.434101229254,0.287120320672946,0.352541187654911
52731900,610.322916666667,100.637404466705,100.70042719978,0.288143029747223,0.353782984695701
52824600,611.395833333333,100.897515031171,100.961300648625,0.289177640038174,0.355038492001367
52916400,612.458333333333,101.146697368535,101.211224053931,0.290204415338847,0.356283653687562
53009100,613.53125,101.390743835015,101.45600519044,0.291242998852816,0.357542386803812
53100900,614.59375,101.626943326652,101.692919099859,0.292273537367204,0.358790850614765
53192700,615.65625,101.860348747326,101.927025679768,0.29330567215119,0.360040607278996
53285400,616.729166666667,102.095874855526,102.163245559051,0.294349970264151,0.361304362499728
53377200,617.791666666667,102.330887557744,102.398929978162,0.295386350061144,0.362557809472629
53469900,618.864583333333,102.570750021385,102.639453889892,0.296435030829619,0.363825373454294
53561700,619.927083333333,102.810179641332,102.879520632679,0.297474973473533,0.365082055115581
53654400,621,103.052010288326,103.121975683532,0.298527047547742,0.366352778500011
53746200,622.0625,103.288919322548,103.359483869838,0.299571591340064,0.367613464490369
53839800,623.145833333333,103.524894074873,103.596049884708,0.300638035046153,0.368900162847875
53936100,624.260416666667,103.759047553712,103.830791391421,0.301736866304674,0.370225314434694
54023400,625.270833333333,103.962166062684,104.034425681232,0.302735414653986,0.371428863721644
54111600,626.291666666667,104.158033627234,104.230798096903,0.303745369929286,0.372645588819183
54208800,627.416666666667,104.3636909409,104.436993199467,0.304861101351777,0.373989015839898
54297900,628.447916666667,104.544498509843,104.618276666739,0.305886043839811,0.375222627109563
54384300,629.447916666667,104.71500707022,104.789230855859,0.306881441392719,0.376420055152752
54480600,630.5625,104.902430483785,104.97713196586,0.307993322940158,0.377757033592439
54573300,631.635416666667,105.083126241658,105.158267810621,0.309065073435265,0.379045130123244
54663300,632.677083333333,105.261012980088,105.33656239118,0.310107880370495,0.380297713132393
54756000,633.75,105.448031820537,105.523980419824,0.311184117124392,0.381589922876331
54849600,634.833333333333,105.640858901229,105.717188310704,0.312271923835776,0.382895500630364
54945000,635.9375,105.840285445246,105.916979431372,0.313382766404359,0.38422803015898
55038600,637.020833333333,106.036467177231,106.11349550659,0.314474580268105,0.385537042291327
55135800,638.145833333333,106.237570789788,106.314921796968,0.315611041037155,0.386898790340541
55230300,639.239583333333,106.427391408566,106.505032283706,0.316718427057294,0.388224755178256
55321200,640.291666666667,106.602371198701,106.680268793859,0.317784979498591,0.389501266607933
55407600,641.291666666667,106.760701214299,106.838822693255,0.318800609132826,0.390716252514268
55514700,642.53125,106.946409517394,107.024781002173,0.320062425907432,0.392224533675157
55603800,643.5625,107.093641046631,107.172196859429,0.321113377933709,0.393480299537895
55690200,644.5625,107.232417629841,107.311131174908,0.322134468451827,0.394699639767897
55776600,645.5625,107.369663008075,107.44851313222,0.323157212554136,0.395920389678338
55869300,646.635416666667,107.517586286562,107.596559064796,0.324256787995003,0.397231932319019
55960200,647.6875,107.664840483001,107.743909284792,0.325336704453363,0.398519232376134
56064600,648.895833333333,107.836968733811,107.916118249083,0.326579846083264,0.400000383134748
56158200,649.979166666667,107.992712237286,108.071907532996,0.327696718255904,0.401329891977348
56250900,651.052083333333,108.145869066281,108.225085250386,0.328804068298201,0.402647605453873
56341800,652.104166666667,108.292180421907,108.37139371901,0.329892720071553,0.403942007073189
56430900,653.135416666667,108.4291993135,108.508387354111,0.330960894766083,0.405211385425871
56520000,654.166666666667,108.557735575149,108.636875953151,0.332031003763809,0.406482346890757
56618100,655.302083333333,108.687895721528,108.766957080482,0.333211511606525,0.407883429205897
56725200,656.541666666667,108.816125545826,108.895067706355,0.33450279878863,0.409415009262368
56813400,657.5625,108.912002571055,108.990819648611,0.335568524692643,0.410678098780908
56906100,658.635416666667,109.005531789081,109.084190100713,0.336690853135288,0.412007305138627
56998800,659.708333333333,109.094518917759,109.172989618046,0.337815032739925,0.41333793894989
57090600,660.770833333333,109.181234838106,109.259490750162,0.338929535155781,0.414656370582793
57186900,661.885416666667,109.273661884986,109.351661329017,0.340101045392366,0.416041379521133
57274200,662.895833333333,109.360555170096,109.438294982094,0.341164902538021,0.417298430468782
57367800,663.979166666667,109.457762514349,109.535196035798,0.342307471047446,0.418647864156488
57463200,665.083333333333,109.560546619336,109.637639346814,0.343473922257621,0.420024591816987
57562200,666.229166666667,109.669050007191,109.745759868282,0.344686168133104,0.421454904838379
57663000,667.395833333333,109.77806206115,109.854352506709,0.345923574100418,0.422914181628674
57752100,668.427083333333,109.870112565268,109.946007684564,0.347019189596864,0.424205492308017
57845700,669.510416666667,109.959831431235,110.035285990973,0.348172429953826,0.425564383352151
57942900,670.635416666667,110.043769141504,110.118737727096,0.349371523617525,0.42697692352764
58031100,671.65625,110.111682313288,110.186183482474,0.350461781808121,0.428260895207947
58138200,672.895833333333,110.185394627668,110.259292363413,0.351788281908563,0.429822955449743
58224600,673.895833333333,110.240390827327,110.313771978198,0.352860855462762,0.431085910473593
58311000,674.895833333333,110.294083622745,110.366921236184,0.3539343791238,0.432349882340467
58403700,675.96875,110.352871774639,110.425096610547,0.355088806153938,0.433709505086014
58497300,677.052083333333,110.415456303202,110.487032399367,0.356256418092772,0.435084608529136
58587300,678.09375,110.479382089836,110.550307846093,0.357381216764463,0.436409924492798
58678200,679.145833333333,110.547034883508,110.617278859431,0.358519345662988,0.437750790414489
58764600,680.145833333333,110.612587957949,110.682162427619,0.359602198755334,0.439027126779918
58857300,681.21875,110.681709608029,110.750543645692,0.360766951342024,0.440400231913742
58945500,682.239583333333,110.743574012004,110.811682586173,0.361876899218579,0.44170865720082
59033700,683.260416666667,110.799116120609,110.866478443827,0.362988289189291,0.443018875687455
59133600,684.416666666667,110.852033629708,110.918524341936,0.364248950294747,0.444505092724248
59227200,685.5,110.890830674138,110.956477262879,0.365432422103844,0.445900281033028
59321700,686.59375,110.919666112076,110.984430792976,0.366628718163255,0.447309904535925
59413500,687.65625,110.939275683665,111.003152734756,0.367793365377034,0.448681612650685
59510700,688.78125,110.953830550987,111.016732774334,0.369028663074628,0.450135624262683
59597100,689.78125,110.964312316641,111.026317058664,0.370128378945141,0.451429550780604
59688000,690.833333333333,110.975819295518,111.036848341613,0.371288067770367,0.452792821299084
59780700,691.90625,110.990624381786,111.050626288263,0.372472145758279,0.454183724543103
59876100,693.010416666667,111.010794714352,111.069708314376,0.373692923171567,0.455616914062445
59965200,694.041666666667,111.034393093618,111.092264038876,0.374834402487258,0.456955930768389
60051600,695.041666666667,111.060677216423,111.117515370782,0.375944230487836,0.458256580276451
60146100,696.135416666667,111.091015189351,111.146701388718,0.377159978640347,0.459680311115578
60236100,697.177083333333,111.118638743816,111.173207281596,0.378318753985448,0.461036331431603
60322500,698.177083333333,111.141382900987,111.194859564326,0.379433768589453,0.462340188177208
60409800,699.1875,111.158604312857,111.210957786899,0.380562376915659,0.463658878720666
60507000,700.3125,111.169732628334,111.220809626878,0.381820746045571,0.465128087993465
60594300,701.322916666667,111.172723720512,111.222628488111,0.382952563297386,0.466448717145795
60686100,702.385416666667,111.170319101891,111.218962531471,0.384144936503607,0.46783889604895
60777900,703.447916666667,111.164870241964,111.212221465849,0.385338647850084,0.469230044096354
60873300,704.552083333333,111.159349758902,111.205325140484,0.386582330197146,0.470678176574075
60977700,705.760416666667,111.157250800074,111.201683695768,0.387945347928974,0.472264400987534
61065900,706.78125,111.160797665117,111.203900094603,0.389098291817557,0.473605469936133
61163100,707.90625,111.171135540977,111.212746482806,0.390371652906444,0.475085594078306
61262100,709.052083333333,111.187721688895,111.227790433766,0.391671045775309,0.476595410370798
61348500,710.052083333333,111.20531509766,111.244021772672,0.392806874364418,0.477914441585539
61434900,711.052083333333,111.223419151021,111.260750441967,0.393943687951691,0.479234246311971
61522200,712.0625,111.239638223103,111.275566917849,0.395094610264255,0.480569937556722
61608600,713.0625,111.251234601896,111.285761930088,0.3962363700739,0.481894129317188
61695900,714.072916666667,111.256562149917,111.28965868349,0.397390575157287,0.483232450355295
61785900,715.114583333333,111.254242035123,111.285845548298,0.398582316272245,0.484614027481971
61873200,716.125,111.244436601316,111.274571802187,0.399740087094304,0.485955605341211
61968600,717.229166666667,111.226555001255,111.255060148502,0.401007309284956,0.487423457206727
62057700,718.260416666667,111.205408829739,111.232365539635,0.402193909873069,0.488797244428016
62149500,719.322916666667,111.182188390431,111.207522700948,0.403417656353456,0.490213722261872
62235900,720.322916666667,111.161861671381,111.18564467549,0.404571229540047,0.491548579421311
62322300,721.322916666667,111.145357875855,111.167567976072,0.405727385109864,0.492886009181337
62408700,722.322916666667,111.134149368671,111.15476794052,0.406884860198682,0.494224533210289
62495100,723.322916666667,111.12862124605,111.147633162818,0.408044216788813,0.495564806218256
62592300,724.447916666667,111.128193588159,111.145384185418,0.409349906799041,0.497074072687897
62696700,725.65625,111.131677111484,111.146899299776,0.410755432813589,0.498698198931044
62799300,726.84375,111.134990872371,111.148268471349,0.412139184848107,0.500296760732002
62903700,728.052083333333,111.13407459892,111.145362594877,0.413550097477052,0.501926201010054
63004500,729.21875,111.126342005169,111.135695658129,0.414914273565317,0.503501415376772
63095400,730.270833333333,111.112937224934,111.120531850848,0.416146814043175,0.504923952130719
63181800,731.270833333333,111.095387678025,111.101294608709,0.417319845668301,0.506277748662174
63273600,732.333333333333,111.07369418602,111.077788930632,0.418568852275616,0.507718732271769
63366300,733.40625,111.051599423123,111.053843457223,0.419831557176466,0.509175321299936
63453600,734.416666666667,111.033578751889,111.034061538652,0.421022878420413,0.510549034275711
63559800,735.645833333333,111.018844101476,111.017163492422,0.422474638215946,0.512222930588374
63656100,736.760416666667,111.01452008726,111.010862605989,0.423792934367728,0.513742511316238
63765000,738.020833333333,111.020667628207,111.014763947404,0.425286420234539,0.515463578820358
63851400,739.020833333333,111.032853051549,111.025163770933,0.426473387638778,0.516831332028037
63957600,740.25,111.053815859389,111.043932084425,0.427934620153029,0.51851469894703
64053900,741.364583333333,111.075006959108,111.063135877427,0.429262308850745,0.520043844547594
64143000,742.395833333333,111.093295957772,111.07958870391,0.430492988352796,0.521461119675023
64234800,743.458333333333,111.108210593985,111.092612781036,0.431762854072816,0.522923275328103
64323000,744.479166666667,111.117196803087,111.099781510605,0.432985205555408,0.524330396390123
64425600,745.666666666667,111.120512828987,111.100978366039,0.434408074023148,0.525968308178244
64522800,746.791666666667,111.117722761521,111.096172177175,0.435759101773922,0.527523185893303
64609200,747.791666666667,111.112545695231,111.089194103246,0.436961593879875,0.528906968602068
64695600,748.791666666667,111.107448292755,111.082286883921,0.438166471491318,0.53029323584839
64788300,749.864583333333,111.10510272591,111.077990947299,0.43946121282385,0.531782747001016
64899000,751.145833333333,111.110269059511,111.080820766104,0.44100945913245,0.533563803397078
64999800,752.3125,111.124537764757,111.092960802549,0.442422265512418,0.535188853159505
65088000,753.333333333333,111.144369382237,111.110933911166,0.4436604330519,0.536613166899624
65179800,754.395833333333,111.170651045446,111.135289068305,0.444951105920463,0.538097938285095
65272500,755.46875,111.20034429948,111.163047510931,0.446256515672781,0.539599769771636
65364300,756.53125,111.229802003326,111.190600383234,0.447551559199057,0.541090004187179
65451600,757.541666666667,111.255354171999,111.214350627725,0.448784700783983,0.542509379193605
65548800,758.666666666667,111.27903357774,111.236031945885,0.450158787504725,0.544091648514758
65635200,759.666666666667,111.295358725796,111.250585591767,0.45138314196743,0.545501730761595
65732400,760.791666666667,111.309342107496,111.26257852032,0.452762257390334,0.547091043231455
65829600,761.916666666667,111.321107361651,111.272353558495,0.454144108058029,0.548684091863426
65924100,763.010416666667,111.333728002232,111.283038989932,0.455488831199578,0.550235439246364
66014100,764.052083333333,111.350041829541,111.297510967973,0.456771825963513,0.551716635129501
66101400,765.0625,111.372449349697,111.318135593417,0.458018596273067,0.553156870836099
66187800,766.0625,111.402747778552,111.346676164895,0.459254293826391,0.554585502146076
66291300,767.260416666667,111.450707458996,111.392543664906,0.460736744511967,0.556300699982077
66380400,768.291666666667,111.501753113884,111.441804660247,0.462015640164386,0.55778146629757
66475800,769.395833333333,111.564628198472,111.502790030727,0.463386298240816,0.559369936977868
66562200,770.395833333333,111.62655321506,111.563024741371,0.464629471483945,0.56081183764021
66649500,771.40625,111.691276229325,111.626060931871,0.465887480521959,0.562271702462815
66735900,772.40625,111.75496632097,111.688102620645,0.467134480676092,0.563719536764082
66833100,773.53125,111.823693870371,111.754999434603,0.468539718393811,0.565351646689612
66940200,774.770833333333,111.894057613031,111.823371733056,0.470090089378696,0.567153132904658
67029300,775.802083333333,111.948415073689,111.876090682907,0.471382234012761,0.568654664196502
67125600,776.916666666667,112.004623271501,111.930544716899,0.472780851785775,0.570280122256603
67221900,778.03125,112.061157487692,111.985341452033,0.474182227933989,0.571908517109698
67318200,779.145833333333,112.121567265323,112.044031528872,0.475585597900916,0.573539236536024
67419900,780.322916666667,112.193051920598,112.113722373363,0.477069806814605,0.575263247103449
67509000,781.354166666667,112.263922578491,112.183043727413,0.478372465313943,0.576776143035745
67598100,782.385416666667,112.342688599689,112.260284492413,0.479676929738143,0.578290752931415
67686300,783.40625,112.427303289531,112.343415686447,0.480970367620588,0.579792247710514
67782600,784.520833333333,112.524737937843,112.439262602812,0.482384174395199,0.581433068027013
67869900,785.53125,112.614844770996,112.527959659057,0.483667448451916,0.582922105901593
67962600,786.604166666667,112.709508729764,112.621156912722,0.485032393379123,0.584505453668226
68054400,787.666666666667,112.800029584608,112.710254631117,0.486386597617106,0.58607591811443
68148000,788.75,112.887880285972,112.796682556959,0.487769493911521,0.587679494912513
68236200,789.770833333333,112.966756553275,112.874242548687,0.489074431844044,0.589192264358843
68328000,790.833333333333,113.046258446117,112.952398443566,0.490435230264827,0.590769636890021
68428800,792,113.133410470972,113.038100312104,0.491931324250504,0.592503616891784
68517000,793.020833333333,113.212582286198,113.116027716584,0.493242324330822,0.594022893048196
68610600,794.104166666667,113.302710920863,113.204862365772,0.494636122549549,0.595637693450986
68701500,795.15625,113.39873717779,113.299660355884,0.495991458516898,0.597208034922069
68792400,796.208333333333,113.504700320401,113.40442578147,0.497348689464333,0.598780452644746
68883300,797.260416666667,113.621000512603,113.519561287748,0.498707683152096,0.600354974084139
68974200,798.3125,113.746835744881,113.644267017781,0.5000687666133,0.601931816212201
69063300,799.34375,113.877635633461,113.773995414839,0.501405401224522,0.60348019656826
69156900,800.427083333333,114.020276786774,113.915549822013,0.502811668788192,0.605109153852066
69252300,801.53125,114.167949423647,114.062155856723,0.504246510604627,0.606771475648733
69347700,802.635416666667,114.314902465296,114.208083098513,0.505683766605556,0.608436729752306
69443100,803.739583333333,114.459040770738,114.351235348399,0.507123141623278,0.610104344104494
69534900,804.802083333333,114.594463187416,114.485745439164,0.508510742052488,0.611712089840403
69622200,805.8125,114.721024050441,114.611471313908,0.509832105907213,0.613243074097091
69726600,807.020833333333,114.872082270158,114.761572638075,0.511414833243512,0.615076972471626
69818400,808.083333333333,115.007761286132,114.896448348252,0.512808350856096,0.616691600176413
69915600,809.208333333333,115.157626881755,115.045503538935,0.514286460375537,0.61840432319539
70011000,810.3125,115.313244057207,115.200367052892,0.515739814816569,0.620088207580732
70103700,811.385416666667,115.473356826164,115.35978852962,0.517154046222206,0.621726893886239
70192800,812.416666666667,115.634824864086,115.520631210142,0.51851513425033,0.623303948857596
70280100,813.427083333333,115.798478778089,115.683710035868,0.519850348289761,0.624851205251634
70376400,814.541666666667,115.982407857056,115.867048015996,0.521325862409452,0.626560950870041
70472700,815.65625,116.166634603956,116.050728763562,0.522804218972491,0.62827383292621
70562700,816.697916666667,116.336517404666,116.220141644428,0.524187565731162,0.629876653849412
70659000,817.8125,116.514109139722,116.397273376418,0.525669439460155,0.631593781747596
70746300,818.822916666667,116.67099468928,116.553780066311,0.527014329513453,0.633152344599918
70835400,819.854166666667,116.827854960206,116.710291295407,0.528390583316267,0.634746880453794
70926300,820.90625,116.986289065826,116.868408962404,0.529795877461759,0.636375173818585
71015400,821.9375,117.142486276714,117.024335592019,0.531174688673612,0.637972513619769
71109000,823.020833333333,117.310524223424,117.192132386145,0.532625827449039,0.639653670090439
71202600,824.104166666667,117.485528412343,117.366940404787,0.534079592343717,0.641337535918306
71298900,825.21875,117.675248796114,117.556506565502,0.535576484849956,0.643071326698813
71391600,826.291666666667,117.868327932891,117.749483113422,0.537020027109169,0.644743109562347
71478000,827.291666666667,118.057427025046,117.938526953216,0.538367694519547,0.646303692536228
71564400,828.291666666667,118.254254561238,118.135337819534,0.539716747580971,0.647865655164894
71661600,829.416666666667,118.482590548969,118.363700536739,0.541236590987347,0.649625187350357
71757000,830.520833333333,118.71069618813,118.591878567101,0.542730740259769,0.651354744808276
71846100,831.552083333333,118.924467530706,118.805758458807,0.544128655686497,0.65297245271031
71932500,832.552083333333,119.130385710465,119.011819635352,0.54548532009398,0.654542445415445
72037800,833.770833333333,119.378014937033,119.259673953532,0.547141069589106,0.656458209407004
72134100,834.885416666667,119.601469409964,119.483384139616,0.548657848400693,0.658212901197282
72221400,835.895833333333,119.803077308469,119.68526602951,0.550034196622741,0.659805163349154
72314100,836.96875,120.018658715952,119.901183085986,0.551499341744405,0.661499414235319
72404100,838.010416666667,120.2321525382,120.115047234347,0.552922984679928,0.663145380126089
72491400,839.020833333333,120.445382525276,120.328678016087,0.554306914069833,0.664745160681738
72578700,840.03125,120.665932892218,120.54966942125,0.555692345294648,0.666346530892906
72670500,841.09375,120.90590536745,120.790147782654,0.557151208364356,0.66803242766675
72773100,842.28125,121.18244680295,121.067303757234,0.558784305816003,0.669919438071943
72872100,843.427083333333,121.454773290549,121.340270542537,0.560361697336317,0.671742257412336
72964800,844.5,121.711480329456,121.597618244567,0.561841354399674,0.673451968074693
73057500,845.572916666667,121.966937859174,121.853755913713,0.563323045078819,0.675163783751606
73143900,846.572916666667,122.201950236364,122.089438125555,0.564705230123772,0.676761092467535
73247400,847.770833333333,122.478167302982,122.366504530669,0.566364585467644,0.678679009929973
73344600,848.895833333333,122.732357765289,122.621541146919,0.567924889832776,0.680482863999252
73436400,849.958333333333,122.969134670568,122.859162165425,0.56940133029176,0.68218999677403
73528200,851.020833333333,123.204959500718,123.09587612115,0.57087979779176,0.683900125833985
73620000,852.083333333333,123.442591218526,123.334442760129,0.572360266426463,0.685613318110978
73714500,853.177083333333,123.692089845904,123.584951628362,0.573886801255227,0.68738083892673
73806300,854.239583333333,123.941678596283,123.835567012495,0.575371836452007,0.689101191843354
73908900,855.427083333333,124.230966306388,124.126053001424,0.577033530728554,0.691026697923756
73997100,856.447916666667,124.488761456991,124.384918383633,0.578464182494766,0.692685685015938
74100600,857.645833333333,124.800881821235,124.698338630614,0.580146115099974,0.694636338346417
74207700,858.885416666667,125.13181087775,125.030659625747,0.581889250161487,0.696658886884944
74300400,859.958333333333,125.421488422554,125.321578522287,0.583399229209859,0.698411409070836
74387700,860.96875,125.694340280787,125.595630044877,0.584823431120416,0.70006475520239
74475000,861.979166666667,125.965299298404,125.867819382821,0.586249724908118,0.701720498265658
74568600,863.0625,126.252582365914,126.156457567251,0.587780677468629,0.703497444730565
74661300,864.135416666667,126.533987884094,126.439244282168,0.589298785733159,0.705258781125644
74759400,865.270833333333,126.830128247037,126.736890972805,0.590908377426766,0.707125683162107
74845800,866.270833333333,127.091862204844,126.999990885187,0.592328939781406,0.708772416581835
74934900,867.302083333333,127.365212317362,127.274788426606,0.593794882013515,0.710471066486092
75022200,868.3125,127.638515850839,127.549547064709,0.59523368269119,0.712136985513207
75120300,869.447916666667,127.953681513129,127.866388432093,0.596851466491651,0.714009619486916
75222900,870.635416666667,128.292641299205,128.207142852168,0.598546654759028,0.71596987012109
75309300,871.635416666667,128.584345686474,128.500388413391,0.599976420614984,0.717622051647119
75396600,872.645833333333,128.88294815291,128.800573400301,0.601422907993731,0.719292496198187
75493800,873.770833333333,129.21710330233,129.136518710359,0.603035754775366,0.721153704247494
75589200,874.875,129.54372094333,129.464921823185,0.604622502660841,0.722982910161529
75694500,876.09375,129.899579531244,129.822785268397,0.606375349217665,0.725002448503641
75787200,877.166666666667,130.20724123379,130.132243936894,0.607920491365165,0.726781715167406
75878100,878.21875,130.503618553932,130.430415194266,0.609437800747603,0.728527822265535
75969000,879.270833333333,130.795697201645,130.724321913076,0.610957282959191,0.730274988338908
76064400,880.375,131.099689516625,131.030271692116,0.612555322746725,0.732111507940867
76161600,881.5,131.409703211303,131.342321815021,0.614184598209914,0.733982851916738
76248000,882.5,131.688150868862,131.622614812363,0.615634803591781,0.735647947610052
76349700,883.677083333333,132.022217666203,131.958893848185,0.617344438823033,0.737609361938723
76449600,884.833333333333,132.358967029649,132.297854391457,0.619025677272206,0.739537269026304
76542300,885.90625,132.679502122735,132.620470484765,0.620588229325009,0.741328260402735
76649400,887.145833333333,133.058162849225,133.001564767572,0.622396358318499,0.743399274055774
76743900,888.239583333333,133.397187617622,133.342758848598,0.623994013111461,0.745228331293561
76842900,889.385416666667,133.753931113585,133.701794789195,0.625670377791609,0.747146387635211
76929300,890.385416666667,134.063974580222,134.013855435161,0.627135252569284,0.7488218238819
77026500,891.510416666667,134.409105589808,134.361275819428,0.628786184667313,0.750708837299141
77118300,892.572916666667,134.730570989328,134.684925637984,0.630347370253312,0.752492616663134
77216400,893.708333333333,135.06981138303,135.026527640836,0.632018130469803,0.754400713876432
77307300,894.760416666667,135.381989576201,135.340921704196,0.633567762631,0.756169873922378
77400000,895.833333333333,135.70081170984,135.662031892027,0.635150707897595,0.757976262131694
77491800,896.895833333333,136.019706502444,135.983219847387,0.636720197896329,0.759766632453908
77584500,897.96875,136.347195976007,136.313049924887,0.638307497406951,0.761576440546553
77676300,899.03125,136.67818310156,136.646375763035,0.639881262309353,0.763369800056285
77768100,900.09375,137.015842832242,136.98639048831,0.641457239779947,0.765165332168972
77860800,901.166666666667,137.362373501838,137.335311455694,0.643051812010553,0.766980803670361
77952600,902.229166666667,137.708877672877,137.684191454923,0.644632492587234,0.768780063165627
78045300,903.302083333333,138.059385706966,138.03710544263,0.646230637661226,0.770598208829371
78137100,904.364583333333,138.404298999185,138.384407744125,0.647815411469332,0.77240052519727
78229800,905.4375,138.747977934146,138.730506781198,0.649418202967121,0.774222490886166
78323400,906.520833333333,139.088688762128,139.073671501126,0.651038215928951,0.776063300873813
78419700,907.635416666667,139.432128840641,139.419650397153,0.652706554719089,0.777958406231015
78506100,908.635416666667,139.734805635229,139.724620003871,0.654206631047236,0.779661688632203
78603300,909.760416666667,140.071033516016,140.063446716188,0.655895773763725,0.781578703825025
78689700,910.760416666667,140.368364301261,140.363105725284,0.657400817668745,0.783285787409646
78782400,911.833333333333,140.688444228914,140.685702062109,0.65901646117169,0.785117976072033
78874200,912.895833333333,141.008924056605,141.008690381212,0.660619447818525,0.786934916334415
78966000,913.958333333333,141.334592507349,141.336880050397,0.662225118543414,0.788754020934459
79058700,915.03125,141.669294489037,141.674136291391,0.663847612139142,0.790591754720569
79150500,916.09375,142.005824010547,142.013198902373,0.665456230159644,0.792412951684571
79243200,917.166666666667,142.348900439405,142.358833044279,0.667083259920166,0.794254167858984
79335000,918.229166666667,142.689252416581,142.701715372066,0.668696942988374,0.796079444849412
79427700,919.302083333333,143.030729737002,143.045744783033,0.670327083333477,0.797922737726168
79520400,920.375,143.367609817543,143.385175205074,0.671959951950256,0.799768611108565
79612200,921.4375,143.695338604433,143.715430402767,0.673579409440925,0.801598415191712
79704900,922.510416666667,144.020290067392,144.042937069847,0.675217449511533,0.803448429928223
79796700,923.572916666667,144.337395281018,144.362579387354,0.676840795474061,0.80528121784802
79888500,924.635416666667,144.652053111859,144.679782501699,0.678466769886841,0.807116331689317
79981200,925.708333333333,144.970048087586,145.000355913815,0.680111000157787,0.808971581570285
80073000,926.770833333333,145.287789982694,145.320657460964,0.681740945789863,0.810810032433836
80165700,927.84375,145.613445428685,145.648900556023,0.683389352984025,0.812668809040107
80257500,928.90625,145.94154692655,145.979563188102,0.68502341443275,0.814510812130942
80350200,929.979166666667,146.278167643963,146.318764260144,0.686675926102911,0.816373295041425
80442000,931.041666666667,146.615282784012,146.658424945146,0.688314534434898,0.818219730698347
80534700,932.114583333333,146.957128465546,147.002828451358,0.689972245531781,0.820087233493042
80626500,933.177083333333,147.294286604967,147.342505591106,0.691616707344602,0.82193973596233
80718300,934.239583333333,147.627357435732,147.678081488165,0.693262067101041,0.823793407158748
80811000,935.3125,147.957298037681,148.010539581387,0.694926409779645,0.825668297315843
80902800,936.375,148.276369706256,148.332094113645,0.69657636078215,0.827527338378601
80995500,937.447916666667,148.59062860617,148.648852936473,0.698246098556353,0.829409085382992
81087300,938.510416666667,148.894950102752,148.955645446447,0.699899567713621,0.831272982525264
81180000,939.583333333333,149.197302260849,149.260489507564,0.701572589107316,0.833159865560707
81271800,940.645833333333,149.494403446732,149.560054856817,0.703231325782476,0.835031591373705
81364500,941.71875,149.7947833376,149.862917958513,0.704909118472344,0.836925497536363
81456300,942.78125,150.094780475292,150.165366364795,0.706572046743826,0.838803813386612
81549000,943.854166666667,150.401469573778,150.474518740865,0.708253880953164,0.840704646929409
81640800,944.916666666667,150.70879305506,150.784265009198,0.709920514051158,0.842589359937289
81733500,945.989583333333,151.021380591845,151.099278339965,0.711606956339328,0.844497319070241
81825300,947.052083333333,151.33081281284,151.411089921044,0.713278822883089,0.846389420063371
81917100,948.114583333333,151.637349104608,151.719981718629,0.714952980908658,0.848284863056656
82009800,949.1875,151.941326065905,152.026313092912,0.71664626175425,0.850202021778195
82101600,950.25,152.235011025436,152.322307877911,0.718324623094976,0.852102770884158
82194300,951.322916666667,152.523492074263,152.613101711304,0.720022203460388,0.854025092579126
82286100,952.385416666667,152.801806355198,152.89368903363,0.72170464769639,0.855930058868449
82378800,953.458333333333,153.07722074248,153.171382980832,0.723407648363082,0.857857839159954
82470600,954.520833333333,153.3469348685,153.4433392884,0.725095245398678,0.859767762999565
82563300,955.59375,153.619052721943,153.717704918897,0.726801356165767,0.861698066565321
82656000,956.666666666667,153.893430535291,153.994311707198,0.728510223010259,0.863630358454238
82747800,957.729166666667,154.169045619069,154.272112490361,0.730204554067565,0.865545340565338
82840500,958.802083333333,154.451883669623,154.557132269108,0.731917043934445,0.867480319561562
82932300,959.864583333333,154.7358379036,154.843218465954,0.733615065231677,0.869397880513366
83025000,960.9375,155.024764430496,155.1342661231,0.73533226125026,0.871336073243544
83116800,962,155.310583482431,155.422152488821,0.737033679090621,0.873255998672159
83209500,963.072916666667,155.596038396942,155.709660782183,0.738755695855757,0.875197929713427
83301300,964.135416666667,155.872896006876,155.988518376832,0.74046297021025,0.877122622806538
83393100,965.197916666667,156.141884880312,156.259475176398,0.742171887204891,0.879048172319134
83485800,966.270833333333,156.4044280735,156.52397494038,0.743900500520637,0.880995327311123
83577600,967.333333333333,156.655550466409,156.777006335473,0.745613575383405,0.882924226627232
83670300,968.40625,156.901520569392,157.02487661294,0.747346396108525,0.884874826674997
83762100,969.46875,157.139831774128,157.265042708167,0.749064503939633,0.886808215684812
83854800,970.541666666667,157.377918842218,157.504975001192,0.750802312564179,0.888763305157517
83946600,971.604166666667,157.613721064209,157.742575183969,0.752524412791576,0.890700432538167
84038400,972.666666666667,157.851331693353,157.98195201145,0.754249172371055,0.892640155791954
84131100,973.739583333333,158.093690751716,158.226059425533,0.755992898943999,0.894600894100531
84222900,974.802083333333,158.335313310365,158.469375920089,0.757722318608777,0.896545096652028
84315600,975.875,158.578952632296,158.714686006784,0.759470528004823,0.898509962319868
84407400,976.9375,158.817196109642,158.954543678796,0.76120370542184,0.900457893473041
84499200,978,159.049643137267,159.188564748448,0.762939491519435,0.902408587574068
84591900,979.072916666667,159.276170552752,159.416641680532,0.764694225618511,0.904380209247987
84683700,980.135416666667,159.491067432365,159.633034663273,0.766434218043765,0.906334878975163
84776400,981.208333333333,159.698481742737,159.841922169013,0.768193634380695,0.908311282926829
84868200,982.270833333333,159.895567868345,160.040430793535,0.769939462033044,0.910271932177366
84960900,983.34375,160.088409813666,160.234672564619,0.771703246549807,0.912253046828434
85052700,984.40625,160.276040945932,160.423653039989,0.773452310791555,0.914217418105012
85145400,985.479166666667,160.465027373728,160.61396346435,0.775219679210977,0.916202494039458
85237200,986.541666666667,160.654110037362,160.804317204177,0.776973005849241,0.918171561569307
85329000,987.604166666667,160.846659434274,160.998095727878,0.778728774627401,0.920143548978403
85421700,988.677083333333,161.045047098142,161.197679927608,0.780503691845099,0.922136667731414
85513500,989.739583333333,161.244658030727,161.398429818986,0.782263410346959,0.924112762648733
85606200,990.8125,161.447557147195,161.602431371613,0.784043327497201,0.92611125528021
85698000,991.875,161.647230094471,161.803148138981,0.785807378587844,0.928091947612253
85790700,992.947916666667,161.844680401652,162.001603968287,0.787591159124502,0.930095038465762
85883400,994.020833333333,162.035229049784,162.193109648659,0.789378057583698,0.932101028376095
85975200,995.083333333333,162.215192304413,162.373973339992,0.791150182980742,0.934090322481463
86067900,996.15625,162.387284459388,162.546927455175,0.792941737601519,0.936101495074499
86159700,997.21875,162.548672646263,162.709122601295,0.794717099488311,0.938094739217171
86251500,998.28125,162.702798261975,162.864008591431,0.79649499740141,0.940090371671424
86344200,999.354166666667,162.85367904089,163.015609319926,0.798292204704048,0.942108020177556
86436000,1000.41666666667,163.001220110677,163.163814969268,0.800074517825868,0.94410855766153
86528700,1001.48958333333,163.150733759812,163.313949722947,0.801876980823317,0.946131820129232
86620500,1002.55208333333,163.300662865922,163.464443338803,0.803663041126878,0.948136575742203
86713200,1003.625,163.453919995726,163.618218622286,0.805469940292256,0.950164603699039
86805000,1004.6875,163.60614539887,163.770905303593,0.807261931797888,0.952175654351843
86896800,1005.75,163.756434723503,163.921604147825,0.809056372320216,0.954189193774251
86989500,1006.82291666667,163.903334506036,164.068865007075,0.810871293089103,0.956225671855252
87081300,1007.88541666667,164.041277293935,164.207113488375,0.812669012542784,0.958243022390151
87174000,1008.95833333333,164.170940996653,164.337033468207,0.814487058256597,0.960282811318833
87265800,1010.02083333333,164.288912921604,164.45520695669,0.816288794508412,0.962304860112034
87357600,1011.08333333333,164.396875588045,164.563318634853,0.818094402965606,0.964330358273574
87450300,1012.15625,164.497331689788,164.663870991037,0.819918749017715,0.966377021405849
87542100,1013.21875,164.59082425543,164.757404190651,0.821728751673684,0.96840747335757
87634800,1014.29166666667,164.682208212387,164.848772933118,0.823558291306491,0.970459860417008
87726600,1015.35416666667,164.772670883405,164.939164091263,0.82537284437581,0.972495635400761
87819300,1016.42708333333,164.86646047228,165.032823909221,0.827206697584831,0.974552932782578
87911100,1017.48958333333,164.963271650667,165.129449575763,0.829024683832865,0.976592454184781
88003800,1018.5625,165.065342211473,165.231275636199,0.830862580178835,0.978654849156715
88095600,1019.625,165.169789330701,165.335424671151,0.83268535813658,0.980700447969658
88188300,1020.69791666667,165.276654329144,165.441932945236,0.834528316646334,0.982769015785055
88280100,1021.76041666667,165.381152844173,165.546023789779,0.836356037183484,0.984820720098763
88371900,1022.82291666667,165.481405704442,165.645815304347,0.838185961411168,0.986875744471292
88464600,1023.89583333333,165.575714172378,165.739603361147,0.840036752991064,0.988954627399611
88556400,1024.95833333333,165.660538265772,165.823857446922,0.841870941146236,0.991015800273175
88649100,1026.03125,165.737106638711,165.899793919964,0.843724850457535,0.99310023199815
88740900,1027.09375,165.804916657863,165.96692111225,0.845563740567537,0.995168964197496
88832700,1028.15625,165.866935979047,166.028199593303,0.847404839048535,0.997241309791431
88925400,1029.22916666667,165.926610103925,166.087065971347,0.849266761028919,0.99933863042259
89017200,1030.29166666667,165.985660663252,166.145257640841,0.851112150239982,1.00141893063653
89109900,1031.36458333333,166.047419401731,166.206089874495,0.852977898699088,1.00352347736297
89201700,1032.42708333333,166.11157677619,166.269272996122,0.854827951443086,1.00561226114358
89294400,1033.5,166.178824011209,166.335480776048,0.856698537413584,1.00772534308486
89386200,1034.5625,166.246005457606,166.401579186941,0.858553938379477,1.00982240340133
89478900,1035.63541666667,166.311699673407,166.4661268924,0.860429805668472,1.01194360160042
89570700,1036.69791666667,166.371661103229,166.524901047695,0.862288756125448,1.01404683523494
89663400,1037.77083333333,166.424398378729,166.576386282115,0.864169159539488,1.01617482688396
89755200,1038.83333333333,166.467098201135,166.617791817801,0.866033015690883,1.01828423187208
89847000,1039.89583333333,166.499704393583,166.649047377539,0.86789913070416,1.02039637935842
89939700,1040.96875,166.523065870472,166.670985532627,0.869785901356613,1.02253173693958
90031500,1042.03125,166.538581428886,166.685030455999,0.871656772651536,1.02464868244194
90124200,1043.10416666667,166.549324600727,166.69422476862,0.873548809006702,1.02678909224703
90216000,1044.16666666667,166.558254133697,166.701556429642,0.875424545447738,1.02891017468148
90308700,1045.23958333333,166.56866626702,166.710291065174,0.877320228929508,1.03105329561761
90400500,1046.30208333333,166.582842503897,166.722743809772,0.879199198679125,1.03317664392007
90492300,1047.36458333333,166.602330208462,166.740448682052,0.881081433944266,1.03530259626947
90585000,1048.4375,166.627608539813,166.76386970561,0.882983777185886,1.037450519864
90676800,1049.5,166.657096711029,166.7914653473,0.88487139901771,1.03958038869271
90769500,1050.57291666667,166.68915503362,166.821561662911,0.886778863872339,1.0417319621761
90861300,1051.63541666667,166.720289407866,166.850704468334,0.888670622753535,1.04386475407309
90954000,1052.70833333333,166.748093902402,166.876449297778,0.890583365777617,1.0460202093041
91045800,1053.77083333333,166.769580417469,166.895847081352,0.892479387854195,1.0481560503925
91137600,1054.83333333333,166.78369553914,166.907822528916,0.89437738298272,1.05029310432209
91230300,1055.90625,166.790549191123,166.912461050311,0.896295693290399,1.05245246707456
91322100,1056.96875,166.79154151319,166.91120323385,0.898197111607233,1.05459199613796
91414800,1058.04166666667,166.789370346392,166.906701228774,0.900120637583965,1.05675550410375
91506600,1059.10416666667,166.787189022274,166.902153645769,0.902027441908528,1.05889911109272
91599300,1060.17708333333,166.787803851982,166.900322209657,0.903955973706218,1.06106664829398
91691100,1061.23958333333,166.79304630442,166.90308928083,0.905867964450118,1.06321463513558
91783800,1062.3125,166.803486297238,166.910980506974,0.907801377926701,1.06538598628885
91875600,1063.375,166.817937044101,166.9228629253,0.90971883000616,1.06753857641073
91968300,1064.44791666667,166.834474837718,166.936766095237,0.911654982319935,1.06971184489781
92060100,1065.51041666667,166.849883128256,166.949526836529,0.913577125919987,1.07186826627132
92151900,1066.57291666667,166.861313583051,166.958271969928,0.915499515953972,1.07402482731299
92244600,1067.64583333333,166.866206821816,166.960414091524,0.917443893503417,1.07620492420293
92336400,1068.70833333333,166.862790467778,166.954231778086,0.919371483463492,1.07836550552121
92429100,1069.78125,166.850528290533,166.939131210696,0.921321285728165,1.08055036061381
92520900,1070.84375,166.830503644778,166.916247425633,0.923253317010253,1.08271439479957
92613600,1071.91666666667,166.804380776124,166.887185745012,0.925207675449185,1.08490276388551
92705400,1072.97916666667,166.775560843956,166.855402855157,0.927142741448727,1.08706927008194
92798100,1074.05208333333,166.746806236969,166.823603217211,0.929100208936465,1.08925977534057
92889900,1075.11458333333,166.721799808039,166.795530904384,0.931041994353192,1.09143178806967
92981700,1076.17708333333,166.702661593215,166.773280464648,0.932986099051832,1.09360556551635
93074400,1077.25,166.690603158594,166.758037461036,0.934950076892197,1.09580119801021
93166200,1078.3125,166.685796523179,166.750041399347,0.936897703455431,1.09797754411815
93258900,1079.38541666667,166.686717260488,166.747710689219,0.938866707402323,1.10017732777093
93350700,1080.44791666667,166.690869003858,166.748616147345,0.940819518639101,1.10235761224914
93442500,1081.51041666667,166.695230950746,166.749707669023,0.942775439017459,1.10454053370887
93535200,1082.58333333333,166.696899405603,166.748049087108,0.944752904830344,1.10674681866754
93627000,1083.64583333333,166.693694976717,166.74152358612,0.946712567049612,1.1089323811513
93719700,1084.71875,166.684693690303,166.729138704787,0.948693462355566,1.11114087299036
93811500,1085.78125,166.670748146181,166.711809184499,0.950658472745735,1.11333028656815
93904200,1086.85416666667,166.653678534807,166.691286194349,0.952644041453459,1.11554193533186
93996000,1087.91666666667,166.63678639584,166.670937576602,0.954613262361497,1.11773429598579
94088700,1088.98958333333,166.622949434388,166.653574898749,0.956603537314303,1.11994913535907
94180500,1090.05208333333,166.61506748499,166.642170333443,0.958577810751802,1.12214490696798
94273200,1091.125,166.614525273623,166.638045102435,0.960573306815051,1.12436351808514
94365000,1092.1875,166.621445903029,166.641398035723,0.962551210213235,1.12656176142543
94456800,1093.25,166.634518195702,166.650889003214,0.964532156235576,1.12876193981814
94549500,1094.32291666667,166.651564559795,166.66430963162,0.966534203734165,1.13098489522453
94641300,1095.38541666667,166.669258316291,166.678406199421,0.968519622917562,1.13318810249531
94734000,1096.45833333333,166.684850586704,166.690359781893,0.970527197039001,1.13541461713289
94825800,1097.52083333333,166.695472440017,166.697370588363,0.972517225553189,1.13762074440625
94918500,1098.59375,166.699689663729,166.697930551674,0.974529204209455,1.1398502568475
95010300,1099.65625,166.697036008017,166.69164071233,0.976524467086304,1.14205979253219
95103000,1100.72916666667,166.68841138673,166.679326050396,0.978541100149864,1.14429198309318
95194800,1101.79166666667,166.676109572897,166.663349411424,0.980540462105082,1.14650408777627
95287500,1102.86458333333,166.662892191558,166.646399512172,0.982562776452537,1.1487405664023
95379300,1103.92708333333,166.652304845565,166.632095780044,0.984568334609052,1.15095701348939
95471100,1104.98958333333,166.64721258278,166.623270700968,0.986574797750411,1.15317399684539
95563800,1106.0625,166.649851416577,166.622128947994,0.988602849848454,1.15541398612786
95655600,1107.125,166.661094502348,166.629623574011,0.990613684179865,1.15763417968096
95748300,1108.19791666667,166.680633958273,166.645379851087,0.992647012302333,1.1598781841761
95840100,1109.26041666667,166.706237294832,166.667244349311,0.994662148756127,1.16210212981916
95931900,1110.32291666667,166.735299116199,166.692578604934,0.996680106355557,1.16432834965934
96024600,1111.39583333333,166.765040802983,166.718568506138,0.998720238840745,1.16657885623577
96116400,1112.45833333333,166.792199943762,166.742024007533,1.00074330789213,1.16881054046566
96209100,1113.53125,166.81563283627,166.761725784732,1.00278872663261,1.17106682783651
96300900,1114.59375,166.834656877516,166.777060057081,1.00481673712113,1.17330397643597
96393600,1115.66666666667,166.850925813904,166.789605505901,1.00686731366546,1.17556642724394
96485400,1116.72916666667,166.866591947698,166.801585544638,1.00889917354979,1.17780902103833
96578100,1117.80208333333,166.885114880308,166.81638819528,1.01095288964434,1.18007659932354
96669900,1118.86458333333,166.909202132901,166.83679607728,1.01298961896572,1.18232582653537
96761700,1119.92708333333,166.941372606876,166.865296990472,1.01502852351186,1.18457827742366
96854400,1121,166.983293475886,166.903528902433,1.0170899823943,1.18685625095229
96946200,1122.0625,167.034006171193,166.950611364124,1.01913310628066,1.18911492690791
97038900,1123.13541666667,167.093034130876,167.00600199373,1.02120044361629,1.19140030222403
97130700,1124.19791666667,167.156764389636,167.066162725508,1.02324900230654,1.19366557674521
97223400,1125.27083333333,167.223385598343,167.129214904326,1.02531958303428,1.19595532034803
97315200,1126.33333333333,167.28856516795,167.190895028821,1.02737309905143,1.19822570009841
97407900,1127.40625,167.351026249538,167.249856310828,1.02944865775875,1.20052024236237
97499700,1128.46875,167.407998284247,167.303393533889,1.0315065736498,1.20279441548059
97592400,1129.54166666667,167.460291152057,167.35224601283,1.03358703727976,1.20509242321143
97684200,1130.60416666667,167.507918058029,167.396491013472,1.03564995347514,1.20737001829118
97776900,1131.67708333333,167.554039484994,167.43922111273,1.03773503580063,1.20967062790222
97868700,1132.73958333333,167.600732952635,167.482579879655,1.03980194319895,1.21194980338314
97960500,1133.80208333333,167.651603280588,167.530141127564,1.04187209601962,1.21423072833178
98053200,1134.875,167.709978640106,167.585204960682,1.04396344498128,1.21653401072148
98145000,1135.9375,167.776455400451,167.648437159277,1.04603812314631,1.2188169606074
98237700,1137.01041666667,167.85268392788,167.721430120659,1.04813474246839,1.22112272183841
98329500,1138.07291666667,167.936067648532,167.801655034502,1.0502141415418,1.22340775222509
98421300,1139.13541666667,168.025007295421,167.88748458305,1.05229523460916,1.22569325845942
98514000,1140.20833333333,168.117453241543,167.976841144866,1.05439941385909,1.22800268291802
98605800,1141.27083333333,168.208659418964,168.065038512442,1.05648490219498,1.23029022803905
98698500,1142.34375,168.298134885942,168.151525039353,1.05859351330058,1.2326018554493
98790300,1143.40625,168.383100709628,168.233577448763,1.06068423499311,1.23489260952235
98883000,1144.47916666667,168.465624001087,168.313203360876,1.06279807895854,1.23720735239875
98974800,1145.54166666667,168.545841600752,168.39059437345,1.06489388718753,1.23950117036471
99067500,1146.61458333333,168.628065238266,168.470006695372,1.06701260143763,1.24181892898706
99155700,1147.63541666667,168.710319669508,168.549627783271,1.06903111790853,1.24402618226987
99250200,1148.72916666667,168.805733646033,168.642268184933,1.07119541900318,1.24639167213719
99351000,1149.89583333333,168.918314245584,168.751949599165,1.07350769657026,1.2489178869278
99438300,1150.90625,169.025761093888,168.856939282781,1.0755121237149,1.25110686107924
99531000,1151.97916666667,169.149571883687,168.978199637769,1.07764236836468,1.2534323134512
99630900,1153.13541666667,169.292322284046,169.118273004327,1.07994007416384,1.25594009580916
99729000,1154.27083333333,169.438826594796,169.262223238765,1.08220008285174,1.25840567317202
99819900,1155.32291666667,169.576977729264,169.39807471765,1.08429713559479,1.26069272737605
99912600,1156.39583333333,169.717261182935,169.536078903029,1.08643724714249,1.26302617438113
100011600,1157.54166666667,169.863829114922,169.68028478078,1.08872620348673,1.26552086771202
100101600,1158.58333333333,169.992962494298,169.807333805282,1.09080809280483,1.26778979822382
100199700,1159.71875,170.129461592193,169.941627596834,1.09308123393149,1.27026607620981
100296900,1160.84375,170.26210177255,170.072150347852,1.09533723294778,1.27272307278623
100392300,1161.94791666667,170.392686073722,170.20072214149,1.09755362320053,1.27513627592925
100488600,1163.0625,170.528358819607,170.334430951857,1.0997923212411,1.27757337059058
100584000,1164.16666666667,170.669691298758,170.473887337335,1.10201253967517,1.27998998024685
100680300,1165.28125,170.821417238088,170.623792796892,1.10425777188371,1.28243282483035
100775700,1166.38541666667,170.981161355603,170.781809160055,1.10648316743205,1.28485388564734
100863000,1167.39583333333,171.13456000518,170.933694882358,1.10852306832514,1.28707267495349
100949400,1168.39583333333,171.29122636746,171.088929211617,1.11054266391942,1.28926915270014
101041200,1169.45833333333,171.460273863745,171.256526769553,1.11269115538978,1.29160534652487
101133000,1170.52083333333,171.629154520569,171.424030993673,1.11484173136229,1.29394338175233
101220300,1171.53125,171.787502490671,171.581137525653,1.11688922936336,1.29616906554958
101307600,1172.54166666667,171.94256185692,171.735020557127,1.11893919123157,1.2983971407168
101403000,1173.64583333333,172.108304790926,171.899551865635,1.12118199390184,1.30083412795445
101489400,1174.64583333333,172.256270603218,172.046486814804,1.1232161170564,1.30304415205222
101576700,1175.65625,172.405748154583,172.194987328037,1.12527213653447,1.3052777545246
101667600,1176.70833333333,172.564034199706,172.352325925527,1.12741637015056,1.30760676824775
101755800,1177.72916666667,172.722880647212,172.51032244634,1.12949928246138,1.3098688196503
101847600,1178.79166666667,172.896144068568,172.68277525738,1.13166893357439,1.31222473202525
101940300,1179.86458333333,173.080973170972,172.86686379874,1.13386305428582,1.31460680137908
102038400,1181,173.287917663674,173.073111144696,1.13618573875854,1.31712843635382
102135600,1182.125,173.503551902587,173.288143114176,1.13849098346753,1.31963062075108
102228300,1183.19791666667,173.716945601693,173.501044587506,1.14069301027472,1.32202014875859
102314700,1184.19791666667,173.920187611158,173.703899795305,1.14274610361243,1.32424835855408
102401100,1185.19791666667,174.125106547805,173.90850095471,1.14480148053094,1.32647870934768
102487500,1186.19791666667,174.329419577236,174.112564848979,1.14685877294175,1.32871062845375
102573900,1187.19791666667,174.531401417324,174.314365942522,1.14891938958791,1.33094619721826
102666600,1188.27083333333,174.744555746894,174.527402429715,1.15113103934542,1.33334580064113
102753000,1189.27083333333,174.940128693417,174.722936799817,1.15319523346605,1.33558492107569
102847500,1190.36458333333,175.152135579533,174.934980906484,1.15545479228967,1.33803617748282
102942900,1191.46875,175.366821962129,175.149789856072,1.15773853547501,1.34051353205298
103041000,1192.60416666667,175.591667272561,175.374851064904,1.16008981569523,1.34306424376318
103131000,1193.64583333333,175.80423687311,175.587699059251,1.16224972193894,1.34540742349813
103228200,1194.77083333333,176.042324096925,175.826172867489,1.16458476007393,1.34794084434017
103324500,1195.88541666667,176.287103212595,176.071421975326,1.16690190533525,1.35045504135388
103419900,1196.98958333333,176.536881282932,176.321749543179,1.16919914205013,1.35294814394954
103506300,1197.98958333333,176.767135700772,176.552572463798,1.17128081483412,1.35520835870701
103601700,1199.09375,177.022864674813,176.809006254442,1.17358263075133,1.35770828761313
103698900,1200.21875,177.281963495025,177.068905949381,1.17593200103624,1.36026081556279
103786200,1201.22916666667,177.511464641789,177.299197836119,1.17804372967888,1.36255616290313
103872600,1202.22916666667,177.734804680198,177.523387742313,1.18013586868452,1.36483174586128
103968900,1203.34375,177.979632895817,177.769243361655,1.18247002886878,1.36737232843135
104066100,1204.46875,178.224078958668,178.014813746504,1.18482905427503,1.36994187243116
104153400,1205.47916666667,178.443678880827,178.235499319434,1.1869498276938,1.37225396500966
104243400,1206.52083333333,178.672820578884,178.465836167147,1.18913747451737,1.37464109668852
104339700,1207.63541666667,178.924063579366,178.71844337796,1.19148174577393,1.37720094686329
104438700,1208.78125,179.191569833214,178.987442610823,1.19389424883895,1.37983812284847
104529600,1209.83333333333,179.446820551864,179.244143361853,1.19611202319799,1.38226415968306
104622300,1210.90625,179.716757969751,179.515635261127,1.19837569225393,1.38474235650777
104714100,1211.96875,179.992586963238,179.793076191831,1.20062010746872,1.38720111485081
104809500,1213.07291666667,180.28597582496,180.088213988727,1.20295470099318,1.38976031984569
104895900,1214.07291666667,180.555105183496,180.358990777264,1.20507166672715,1.3920821131769
104992200,1215.1875,180.855880323978,180.661672566098,1.20743425704419,1.39467396995763
105084000,1216.25,181.140870541198,180.948549714022,1.20968825949708,1.39714728610663
105175800,1217.3125,181.422567879924,181.232202792609,1.21194554947557,1.39962441141567
105268500,1218.38541666667,181.703359597843,181.515041412049,1.21422590131214,1.40212765894352
105360300,1219.44791666667,181.978818987174,181.792601544847,1.21648788813478,1.40461014848782
105453000,1220.52083333333,182.256525692163,182.072505400098,1.21877485282689,1.40711997334195
105544800,1221.58333333333,182.533838011923,182.352068945643,1.22104090025626,1.40960706535148
105636600,1222.64583333333,182.816080454753,182.636636744803,1.22331000514596,1.41209679291919
105729300,1223.71875,183.107978746781,182.93095561709,1.22560422738074,1.41461368808123
105821100,1224.78125,183.404478607003,183.229920600126,1.22787776501386,1.4171077874772
105913800,1225.85416666667,183.710599930541,183.538595882264,1.23017570127869,1.41962822301853
106006500,1226.92708333333,184.021454773356,183.85206604065,1.23247621386632,1.42215099836304
106098300,1227.98958333333,184.331242835569,184.164502058159,1.23475696585622,1.42465206537269
106191000,1229.0625,184.643159413177,184.479150218834,1.23706197330563,1.4271795017533
106283700,1230.13541666667,184.951719549155,184.790500500844,1.23936948289246,1.42970961230959
106375500,1231.19791666667,185.252464901716,185.094068510318,1.2416581279529,1.43221878370639
106467300,1232.26041666667,185.548065232328,185.392553385921,1.24394887048439,1.43473017381543
106560000,1233.33333333333,185.842199366039,185.68966593352,1.24626515446379,1.4372694988199
106651800,1234.39583333333,186.131036530542,185.981519760261,1.24856167995868,1.43978719539038
106744500,1235.46875,186.422854184667,186.276452595946,1.25088279609828,1.44233214102172
106836300,1236.53125,186.714820376594,186.57157156573,1.25318281568192,1.44485421612018
106929000,1237.60416666667,187.015297265653,186.875298546536,1.25550808622182,1.44740390157204
107020800,1238.66666666667,187.320377685241,187.183659724686,1.25781292524782,1.44993159939329
107113500,1239.73958333333,187.636969967049,187.503623026022,1.26014374237755,1.45248800439875
107205300,1240.80208333333,187.958660155137,187.828703838022,1.26245446174542,1.45502235450971
107298000,1241.875,188.290322157034,188.16383754839,1.26479070005721,1.45758495336943
107389800,1242.9375,188.623193164363,188.500190001581,1.26710610105438,1.46012529740329
107481600,1244,188.957678339815,188.838197444138,1.26942369329964,1.46266811049522
107574300,1245.07291666667,189.294303717043,189.178420520982,1.27176589286038,1.46523864291648
107666100,1246.13541666667,189.624405644681,189.512127011101,1.2740888095936,1.46778790215575
107758800,1247.20833333333,189.953411133123,189.844817245508,1.2764357987004,1.47036431557922
107850600,1248.27083333333,190.275243699036,190.170346248783,1.27876312875339,1.4729194840754
107943300,1249.34375,190.597824419681,190.496710065618,1.28111608667203,1.47550302214205
108035100,1250.40625,190.917359654279,190.820042515734,1.28344781286453,1.47806361373736
108127800,1251.47916666667,191.242857479585,191.149424850235,1.28580441522005,1.48065215910396
108219600,1252.54166666667,191.570236017741,191.480696316808,1.28814285086589,1.48322062304881
108311400,1253.60416666667,191.903826861659,191.81822097832,1.29048279349258,1.48579127686805
108404100,1254.67708333333,192.246864824186,192.165267032839,1.29284796367788,1.48839003884609
108495900,1255.73958333333,192.591285934675,192.51368735385,1.2951922131078,1.49096620475365
108588600,1256.8125,192.941456304655,192.867922379568,1.29756232265021,1.49357083295327
108680400,1257.875,193.28777029951,193.218285411391,1.29991139950121,1.49615282062437
108773100,1258.94791666667,193.634282924244,193.568910748925,1.30228762340585,1.49876472102913
108864900,1260.01041666667,193.972169815326,193.910895877484,1.30464159064543,1.50135259794658
108957600,1261.08333333333,194.306912785694,194.249805960323,1.3070225756196,1.50397018659399
109049400,1262.14583333333,194.632030697653,194.57908240299,1.309381583587,1.50656406258955
109142100,1263.21875,194.955060761113,194.906347113876,1.31176632083004,1.50918608024017
109233900,1264.28125,195.27180052702,195.227317447035,1.31413020742767,1.51178572304566
109325700,1265.34375,195.588022276402,195.54780695917,1.31649691132087,1.51438852567268
109418400,1266.41666666667,195.909590301441,195.873720678217,1.318889975155,1.51702022899052
109510200,1267.47916666667,196.232638721138,196.201104750074,1.32126108277675,1.51962823419156
109602900,1268.55208333333,196.565107505965,196.537978904985,1.32365882964898,1.5222652412957
109694700,1269.61458333333,196.901034430225,196.878289276968,1.32603580387084,1.52487936245203
109786500,1270.67708333333,197.242910962192,197.224563888006,1.32841636317668,1.52749747565348
109879200,1271.75,197.592360703804,197.578464320451,1.33082082233361,1.5301417873884
109971000,1272.8125,197.94003793542,197.930554791924,1.33320534286433,1.53276409134569
110063700,1273.88541666667,198.28990431413,198.284881993398,1.33561609570781,1.5354151532713
110155500,1274.94791666667,198.632679594749,198.632079796773,1.33800515077599,1.53804220210072
110248200,1276.02083333333,198.973462687536,198.977336343737,1.3404199334231,1.54069758778692
110340000,1277.08333333333,199.305297479528,199.313612038642,1.34281427009542,1.54333021214123
110431800,1278.14583333333,199.632519843561,199.645289220455,1.34521137396632,1.54596606923128
110524500,1279.21875,199.960387294702,199.977671006336,1.34763368524567,1.54862927521398
110616300,1280.28125,200.2851823338,200.306951754478,1.35003513901125,1.55126970618194
110709000,1281.35416666667,200.615830946346,200.642142506972,1.35246215661958,1.55393823636247
110800800,1282.41666666667,200.947681224335,200.978498340924,1.35486864569179,1.55658429592
110893500,1283.48958333333,201.28784907661,201.323217508861,1.35730112929901,1.55925902969185
110985300,1284.55208333333,201.629036887974,201.66890802781,1.35971248268605,1.56191061823275
111077100,1285.61458333333,201.972716169386,202.01708050565,1.3621257474232,1.56456497711087
111169800,1286.6875,202.319702737094,202.368591615199,1.36456643155315,1.56724948243152
111261600,1287.75,202.660443373883,202.713798865608,1.36698531106061,1.56991095155648
111354300,1288.82291666667,202.999032182911,203.056884243302,1.36943043397762,1.57260205727502
111446100,1289.88541666667,203.327044442311,203.389338185127,1.37185487783054,1.57527117466934
111538800,1290.95833333333,203.650062276117,203.716832990807,1.37430554215668,1.57797035779632
111630600,1292.02083333333,203.962118382953,204.033317195839,1.37673483633773,1.58064736437766
111723300,1293.09375,204.270738830714,204.346405932939,1.37918968242316,1.58335438428547
111816000,1294.16666666667,204.575105308698,204.655238674974,1.38164649352777,1.58606526140453
111907800,1295.22916666667,204.875015669873,204.959569236855,1.38408241453511,1.58875460768386
112000500,1296.30208333333,205.179035462049,205.268046772645,1.38654520376021,1.59147514345207
112092300,1297.36458333333,205.483386582273,205.576801671199,1.38898642877355,1.59417338870055
112185000,1298.4375,205.79523855243,205.893084072453,1.39145548233718,1.59690352313955
112276800,1299.5,206.108532924703,206.210743739183,1.39390183383089,1.59961001070024
112369500,1300.57291666667,206.428179931585,206.534770354185,1.39637434307126,1.60234616515624
112461300,1301.63541666667,206.745767182917,206.856662468759,1.39882510379245,1.60505876344128
112554000,1302.70833333333,207.06474051063,207.179948292568,1.40130335745715,1.60780189918712
112645800,1303.77083333333,207.376207823395,207.495651735008,1.40375972456591,1.61052065416966
112738500,1304.84375,207.684206346796,207.807894878657,1.40624258875367,1.61326813182816
112830300,1305.90625,207.981841694333,208.109703812872,1.40870355312775,1.61599092003761
112923000,1306.97916666667,208.27538743886,208.407436840096,1.41119087985675,1.61874195840543
113014800,1308.04166666667,208.560812490635,208.696983534551,1.41365723975814,1.6214684530711
113107500,1309.11458333333,208.846235956482,208.986544112217,1.41614996817552,1.62422275370316
113199300,1310.17708333333,209.128819798019,209.273198511133,1.41862095169566,1.62695173176006
113292000,1311.25,209.416414446888,209.564873347793,1.42111863797835,1.6297084697042
113383800,1312.3125,209.704780568525,209.857245336025,1.42359465918542,1.63243988959003
113475600,1313.375,209.996827147532,210.153258102432,1.42607405824535,1.63517330948318
113568300,1314.44791666667,210.29437192104,210.454762987135,1.42857938412198,1.6379337250203
113660100,1315.51041666667,210.589552823414,210.753817368754,1.43106412730985,1.64066959577734
113752800,1316.58333333333,210.88543808282,211.053563364157,1.43357504422814,1.64343277458864
113844600,1317.64583333333,211.173481716785,211.345379535764,1.43606342596787,1.64616973604184
113937300,1318.71875,211.456869928137,211.632527035295,1.43857886310128,1.64893497471012
114029100,1319.78125,211.728454832633,211.907786913323,1.44107095586852,1.6516732637722
114121800,1320.85416666667,211.992972835445,212.175970035495,1.44359233450802,1.65444190883596
114213600,1321.91666666667,212.245872832373,212.432456238328,1.44609080830663,1.65718412615773
114306300,1322.98958333333,212.493788322433,212.683950631894,1.44861643752253,1.65995488422268
114398100,1324.05208333333,212.734334705468,212.927999128978,1.45111905478063,1.66269910780609
114489900,1325.11458333333,212.972686394219,213.169809598033,1.45362551662753,1.66544592456927
114582600,1326.1875,213.213725749755,213.41429473699,1.45615879226659,1.66822103791066
114674400,1327.25,213.454605957779,213.658536798372,1.45867135177545,1.67097207460156
114767100,1328.32291666667,213.700780083361,213.908050262017,1.46121028244395,1.67375074056567
114858900,1329.38541666667,213.946902843434,214.157420701669,1.46372702201618,1.6765039674859
114951600,1330.45833333333,214.196029347655,214.409763497488,1.46627042854021,1.67928511182628
115043400,1331.52083333333,214.440762292104,214.657616780106,1.46879247224847,1.6820414248708
115135200,1332.58333333333,214.680738322578,214.900648129487,1.47131572951324,1.68479840033109
115227900,1333.65625,214.91580152434,215.1387312812,1.47386690153043,1.6875842700056
115319700,1334.71875,215.139916658983,215.365773852784,1.47639665138571,1.69034545306652
115412400,1335.79166666667,215.357291937487,215.586043095366,1.4789532899893,1.69313498888806
115504200,1336.85416666667,215.564847857003,215.796404438706,1.48148699872949,1.69589823240092
115596000,1337.91666666667,215.766920975023,216.001222996452,1.48402317097013,1.6986632122506
115688700,1338.98958333333,215.968198902249,216.205211318314,1.48658674072706,1.70145664235458
115780500,1340.05208333333,216.16749073447,216.407123686679,1.48912928150678,1.70422598916661
115873200,1341.125,216.370838261874,216.6130501982,1.49169777582669,1.7070225867561
115965000,1342.1875,216.575373852292,216.820069780679,1.49424552614789,1.70979516548728
116056800,1343.25,216.782921027829,217.030028111769,1.49679483370656,1.71256843361673
116149500,1344.32291666667,216.994232515111,217.243697800057,1.49937179902342,1.71537072859226
116241300,1345.38541666667,217.202967004936,217.454689881274,1.50192628608383,1.71814706939208
116334000,1346.45833333333,217.410418028375,217.664341235438,1.50450832858942,1.72095219762319
116425800,1347.52083333333,217.609751951711,217.865775410124,1.50706811240683,1.72373190930244
116518500,1348.59375,217.802487068279,218.060552408556,1.5096560676133,1.72654062007882
116610300,1349.65625,217.983383377621,218.243393403592,1.51222116273098,1.72932354655073
116703000,1350.72916666667,218.155624822369,218.417521250731,1.51481418730149,1.73213544996018
116794800,1351.79166666667,218.316730798211,218.580419077919,1.51738353468543,1.73492055352573
116887500,1352.86458333333,218.47182914019,218.737249624318,1.51998048936967,1.73773441034283
116979300,1353.92708333333,218.620567921124,218.887626367677,1.52255539100617,1.74052284349818
117072000,1355,218.768743639713,219.037376301066,1.52515905365288,1.74334104773362
117163800,1356.0625,218.915903696809,219.18601424296,1.52773866264525,1.74613207299094
117256500,1357.13541666667,219.066420951678,219.337939855878,1.53034532274307,1.74895117599483
117348300,1358.19791666667,219.21754562755,219.490374097464,1.53293024149463,1.75174547892403
117440100,1359.26041666667,219.369567662426,219.643619556449,1.53551744964277,1.75454090379455
117532800,1360.33333333333,219.521723231725,219.796922266752,1.53813255481413,1.75736520421953
117624600,1361.39583333333,219.668252530998,219.944499839949,1.54072592431753,1.76016451606967
117717300,1362.46875,219.809271954597,220.086489273259,1.54334643862144,1.76299201445627
117809100,1363.53125,219.940026225781,220.218116598415,1.54594361644983,1.76579314652752
117900900,1364.59375,220.06107028645,220.339946595666,1.54854453663735,1.76859664792883
117993600,1365.66666666667,220.173938822243,220.453520016373,1.55117271549141,1.77142864721267
118085400,1366.72916666667,220.278168358373,220.558358978283,1.553779126136,1.77423572009217
118178100,1367.80208333333,220.378450908425,220.659166337037,1.55641259875112,1.77707098427561
118269900,1368.86458333333,220.47581326679,220.756957470084,1.55902393341984,1.77988129051309
118361700,1369.92708333333,220.573984345102,220.855465658569,1.56163717750549,1.78269283418057
118454400,1371,220.675991507235,220.957719283634,1.56427805438884,1.78553345510477
118546200,1372.0625,220.780806013698,221.062684263295,1.56689742002024,1.78835002261909
118638900,1373.13541666667,220.890195570521,221.172131145983,1.56954331788406,1.79119479499284
118730700,1374.19791666667,221.000582573351,221.28248150416,1.57216645551097,1.79401453613443
118823400,1375.27083333333,221.111741678903,221.39350980104,1.57481857239172,1.79686531944776
118915200,1376.33333333333,221.218665488902,221.500211686062,1.5774463447645,1.79969027108731
119007000,1377.39583333333,221.319625508453,221.600858095004,1.58007792666362,1.80251928249342
119099700,1378.46875,221.413188872346,221.694011683488,1.58273707007664,1.80537855115572
119191500,1379.53125,221.496189263001,221.776513507227,1.5853732746809,1.80821371466588
119284200,1380.60416666667,221.570150605789,221.849876572092,1.58803791278057,1.8110805322216
119376000,1381.66666666667,221.63483697866,221.913875442135,1.59067879516225,1.81392317449341
119468700,1382.73958333333,221.693835048314,221.97208144825,1.59334851653458,1.81679786946512
119560500,1383.80208333333,221.748908005881,222.026272193407,1.59599601292322,1.8196497124963
119653200,1384.875,221.804060586871,222.080434816441,1.59867061718959,1.82253246558142
119745000,1385.9375,221.860421914727,222.135717511092,1.60132240290473,1.82539157651295
119836800,1387,221.919511298296,222.193631326668,1.60397594001725,1.82825366944414
119929500,1388.07291666667,221.981504069887,222.254340318251,1.60665911417246,1.83114830224991
120021300,1389.13541666667,222.043439923662,222.314910625233,1.60931877335973,1.83401861953406
120114000,1390.20833333333,222.103848620287,222.373846004952,1.612007186197,1.83691985450421
120205800,1391.27083333333,222.158633812604,222.427078787565,1.61467092974381,1.83979441385467
120297600,1392.33333333333,222.205879988629,222.47267908428,1.61733852038345,1.84267232738486
120390300,1393.40625,222.244322482248,222.509363443435,1.62003500217434,1.84558119533742
120482100,1394.46875,222.272886915565,222.536089234581,1.62270786858408,1.84846375093674
120574800,1395.54166666667,222.293165486121,222.554409781827,1.62540846068502,1.85137481020931
120666600,1396.60416666667,222.306938545689,222.566141642391,1.62808534207479,1.85425937411993
120758400,1397.66666666667,222.317345028582,222.57440359596,1.63076549738529,1.85714603901294
120851100,1398.73958333333,222.327621953685,222.58240957935,1.63347500881677,1.86006263595393
120942900,1399.80208333333,222.340400432369,222.592835722529,1.63616035105162,1.86295203336068
121035600,1400.875,222.357985607319,222.607943098341,1.63887399653799,1.86587058472011
121127400,1401.9375,222.380928603886,222.628333925561,1.64156348808336,1.86876173200001
121220100,1403.01041666667,222.409295082548,222.654027369056,1.64428205541707,1.87168284288571
121312800,1404.08333333333,222.441282899235,222.683249326249,1.64700422408983,1.87460620546594
121404600,1405.14583333333,222.474036186781,222.713174993969,1.64970262790843,1.87750282967838
121496400,1406.20833333333,222.50492359314,222.741148357021,1.65240411434292,1.88040159807859
121589100,1407.28125,222.531317932418,222.764512760684,1.65513450980341,1.8833302996008
121680900,1408.34375,222.550463674347,222.780570454958,1.65784069885159,1.88623184602257
121773600,1409.41666666667,222.56157906272,222.788476893088,1.66057548822691,1.88916338417123
121865400,1410.47916666667,222.564682382604,222.788309860589,1.66328635269952,1.89206830006554
121958100,1411.55208333333,222.561460750133,222.781689719968,1.66602711272851,1.89500440636137
122049900,1412.61458333333,222.554627779402,222.771394516222,1.66874404327979,1.89791397639553
122141700,1413.67708333333,222.547250693315,222.760459120454,1.67146347476119,1.90082571206677
122234400,1414.75,222.542080086445,222.75160000014,1.67421190863169,1.90376765460526
122326200,1415.8125,222.541047780652,222.746824524827,1.676936377808,1.90668360852159
122418900,1416.88541666667,222.544563323377,222.746473880301,1.67968989852568,1.9096303264753
122510700,1417.94791666667,222.55149891344,222.749500391548,1.68241939295374,1.91255055254239
122602500,1419.01041666667,222.559621508527,222.753638022131,1.6851510530171,1.9154729325267
122695200,1420.08333333333,222.566073513748,222.755991471627,1.68791269664379,1.91842690344443
122787000,1421.14583333333,222.56779194553,222.753577806967,1.69064963986696,1.9213539889234
122879700,1422.21875,222.56245051911,222.743988240947,1.6934158753706,1.92431221718442
122971500,1423.28125,222.548900534198,222.726153600958,1.69615801072815,1.92724449794091
123064200,1424.35416666667,222.526947544395,222.699791696432,1.69893068464155,1.93020898528764
123156000,1425.41666666667,222.498405642988,222.666798740134,1.70167687452898,1.93314517814215
123247800,1426.47916666667,222.465548329086,222.629403368582,1.70442718230692,1.93608530356702
123340500,1427.55208333333,222.431148221589,222.590331689369,1.70720689821039,1.9390566806049
123432300,1428.61458333333,222.399139710003,222.553610149098,1.70996164390809,1.94200132924469
123525000,1429.6875,222.371799051059,222.5214261393,1.71274630082165,1.944977796594
123616800,1430.75,222.35165458841,222.496407403131,1.71550556424924,1.94792701326423
123709500,1431.82291666667,222.339125424873,222.478884094393,1.71829612570682,1.95090950925733
123801300,1432.88541666667,222.333940437117,222.468688949582,1.72106255317836,1.95386604242487
123894000,1433.95833333333,222.334240723263,222.463871186565,1.7238574885988,1.95685333087399
123985800,1435.02083333333,222.337380534987,222.46188916191,1.72662798770903,1.9598142395164
124078500,1436.09375,222.340329508517,222.459614746689,1.72942866439965,1.96280723688755
124170300,1437.15625,222.340162905693,222.454224835455,1.73220401218703,1.96577355186443
124263000,1438.22916666667,222.334767078422,222.443501333188,1.73501022972596,1.96877248844109
124354800,1439.29166666667,222.323423543399,222.426825783677,1.73779183629306,1.97174496587481
124447500,1440.36458333333,222.306581165255,222.404538742817,1.74060336720297,1.97474950364183
124539300,1441.42708333333,222.286601290546,222.379104609523,1.74339001890922,1.97772731103711
124632000,1442.5,222.266071315552,222.353003394189,1.74620704780729,1.98073755226421
124723800,1443.5625,222.248519483914,222.329873956914,1.74899928235921,1.98372152268693
124815600,1444.625,222.236265464017,222.311987348479,1.75179469714972,1.98670859193773
124908300,1445.69791666667,222.230623247595,222.300608766515,1.75461976699191,1.98972736261752
125000100,1446.76041666667,222.231548867515,222.295813438327,1.75741924813273,1.99271885177098
125092800,1447.83333333333,222.237462331562,222.295916370712,1.76025024867282,1.99574390542577
125184600,1448.89583333333,222.245634133079,222.298306080896,1.7630550561241,1.99874126811075
125277300,1449.96875,222.253113791816,222.299921369102,1.76589042610305,2.00177105102655
125369100,1451.03125,222.25686208595,222.297836830004,1.76870100441386,2.00477457148573
125461800,1452.10416666667,222.254769051678,222.289825782768,1.77154234864712,2.00781106984349
125553600,1453.16666666667,222.245858803096,222.275023470053,1.77435740913426,2.01081932645084
125645400,1454.22916666667,222.230448089198,222.25368515618,1.77717576157564,2.01383162853704
125738100,1455.30208333333,222.209891277002,222.227103020354,1.78002474336945,2.0168764031789
125829900,1456.36458333333,222.187193517387,222.198397366249,1.78284773969288,2.01989390592532
125922600,1457.4375,222.165154196329,222.170250307608,1.78570281316017,2.0229458422856
126014400,1458.5,222.147474786456,222.146485096794,1.78853126780435,2.02596974609795
126107100,1459.57291666667,222.136647565898,222.129480468696,1.79139014898106,2.02902698287371
126198900,1460.63541666667,222.134745121581,222.121436646243,1.79422423362445,2.03205809647328
126291600,1461.70833333333,222.142344122385,222.12281888435,1.79708886956892,2.03512304263314
126383400,1462.77083333333,222.158542030355,222.132853541993,1.79992953434394,2.03816316723225
126475200,1463.83333333333,222.181410342619,222.149559381747,1.80277172272655,2.04120613916064
126567900,1464.90625,222.208426753147,222.170359101382,1.80564482819767,2.04428416618653
126659700,1465.96875,222.235964289148,222.191748516992,1.80849114526564,2.04733517695379
126752400,1467.04166666667,222.261789221167,222.211373017021,1.81136856422083,2.05042169050517
126844200,1468.10416666667,222.283638607647,222.227087888349,1.81422178434575,2.05348432297185
126936000,1469.16666666667,222.301422993334,222.238740072162,1.81707633605456,2.05655099949959
127028700,1470.23958333333,222.316427187393,222.24755098913,1.8199615665304,2.0596533250324
127120500,1471.30208333333,222.330774295917,222.255762652045,1.8228224067957,2.06273165691523
127213200,1472.375,222.347869596613,222.266661908137,1.82571393038011,2.06584576411229
127305000,1473.4375,222.37037034666,222.283031330383,1.82858081897063,2.0689357324954
127396800,1474.5,222.400575740219,222.307116894981,1.83145021930167,2.07203086057057
127489500,1475.57291666667,222.439760263859,222.340141424361,1.83435010777357,2.07516118883971
127581300,1476.63541666667,222.486546422619,222.380855829747,1.83722341601222,2.0782651127962
127674000,1477.70833333333,222.539904712038,222.428118323033,1.8401290399853,2.08140509367113
127765800,1478.77083333333,222.59599993067,222.478216587772,1.84300727847494,2.08451728827147
127857600,1479.83333333333,222.652239737664,222.528500938715,1.84588889855826,2.08763383323941
127950300,1480.90625,222.706318403234,222.576607303824,1.84880132931377,2.09078422321591
128042100,1481.96875,222.75514246705,222.619555678905,1.85168773863633,2.09390684576794
128134800,1483.04166666667,222.79876243832,222.657277756782,1.85460572833672,2.09706360404486
128226600,1484.10416666667,222.836742780082,222.689448959109,1.85749778588121,2.10019210488082
128319300,1485.17708333333,222.871508153424,222.718377381462,1.86042124284658,2.10335404280203
128411100,1486.23958333333,222.905019747912,222.746136750262,1.86331808905317,2.10648689148862
128503800,1487.3125,222.941152569767,222.776490841901,1.86624678214068,2.10965348053411
128595600,1488.375,222.982381630556,222.812030860403,1.86914964085119,2.11279140943028
128687400,1489.4375,223.031642742083,222.855642384138,1.87205439062372,2.11593096016533
128780100,1490.51041666667,223.09115286208,222.909495088759,1.87499044721725,2.11910360774865
128871900,1491.57291666667,223.160037645716,222.972832376663,1.87790196326102,2.12224883690031
128964600,1492.64583333333,223.238537635863,223.045793323121,1.8808437038033,2.12542624696604
129056400,1493.70833333333,223.322869064563,223.124707312491,1.88375989533422,2.12857563222387
129148200,1494.77083333333,223.410818345143,223.207309913568,1.88667951700009,2.13172828972215
129240900,1495.84375,223.500239944704,223.291405067959,1.88962982668673,2.13491335540427
129332700,1496.90625,223.586971461029,223.372932511709,1.89255399312121,2.1380700056581
129425400,1497.97916666667,223.671442043161,223.452216738596,1.89550920379625,2.14125979623112
129517200,1499.04166666667,223.752235866267,223.527939920737,1.89843840477945,2.14442103534988
129609900,1500.11458333333,223.832619624855,223.603267640042,1.90139960866864,2.14761657572899
129701700,1501.17708333333,223.913729237088,223.679434236577,1.90433393883532,2.15078288730811
129794400,1502.25,224.0002748634,223.761055524838,1.90729998831752,2.15398291728586
129886200,1503.3125,224.093310993106,223.849286248608,1.91023992009728,2.15715460673818
129978900,1504.38541666667,224.19645959067,223.947660113172,1.91321298051984,2.16036135553828
130070700,1505.44791666667,224.308165449366,224.054720955945,1.91615897206151,2.16353906145653
130162500,1506.51041666667,224.428449614095,224.170448777593,1.91910737849902,2.1667190326183
130255200,1507.58333333333,224.556486969089,224.293979502831,1.92208750344273,2.16993311746376
130347000,1508.64583333333,224.686933294166,224.420059126481,1.92504045217431,2.17311773629131
130439700,1509.71875,224.819233661384,224.548047904374,1.92802665041041,2.17633785398523
130531500,1510.78125,224.948081045838,224.672721876535,1.93098524557907,2.17952813428374
130624200,1511.85416666667,225.074049917791,224.794571949279,1.93397642505216,2.18275326765094
130716000,1512.91666666667,225.193914136774,224.910449905546,1.93694131226979,2.18594987843188
130807800,1513.97916666667,225.309424266394,225.022064134776,1.93990851445683,2.18914864772305
130900500,1515.05208333333,225.423386268689,225.132182888454,1.94290778682454,2.19238157626968
130992300,1516.11458333333,225.536231664731,225.241312836961,1.94587967525041,2.19558515330331
131085000,1517.1875,225.65331774549,225.354740434221,1.94888350241953,2.19882252865535
131176800,1518.25,225.775364636079,225.473260207646,1.95186048772016,2.20203063836025
131268600,1519.3125,225.905780366959,225.600248477859,1.95484140940696,2.20524246648359
131361300,1520.38541666667,226.047148614912,225.738261458268,1.95785436801058,2.2084883578512
131453100,1521.44791666667,226.196512975588,225.884412209595,1.96083914806815,2.21170388302653
131545800,1522.52083333333,226.35522656513,226.0399943146,1.96385722004401,2.21495437708803
131637600,1523.58333333333,226.517641344892,226.199422655612,1.96684837628476,2.21817587829411
131730300,1524.65625,226.683891417792,226.362773547968,1.96987173316555,2.22143118081877
131822100,1525.71875,226.847972202248,226.524098320401,1.97286811287246,2.2246570646041
131913900,1526.78125,227.009603434041,226.683086961936,1.97586719096525,2.22788523799586
132006600,1527.85416666667,227.169737399637,226.840666416558,1.97889833674381,2.23114743675773
132098400,1528.91666666667,227.326120334905,226.994631873202,1.98190246164562,2.23437995744724
132191100,1529.98958333333,227.483946930614,227.150130851505,1.98493868541963,2.23764618751201
132282900,1531.05208333333,227.643009971691,227.307002529486,1.98794747450108,2.24088245666562
132375600,1532.125,227.809435679416,227.471332185215,1.99098888178158,2.24415290738135
132467400,1533.1875,227.982432803164,227.642371733102,1.99400391094427,2.24739406403652
132559200,1534.25,228.164990102182,227.823091488137,1.99702166210399,2.25063736933615
132651900,1535.32291666667,228.359174219013,228.015544008466,2.00007191841287,2.25391471387859
132743700,1536.38541666667,228.560064466674,228.214843721045,2.00309492750146,2.25716199540088
132836400,1537.45833333333,228.769365798951,228.422665170321,2.00615070746419,2.26044345444022
132928200,1538.52083333333,228.980161170834,228.632120130581,2.00917940480849,2.26369512584095
133020000,1539.58333333333,229.191485040419,228.842227701182,2.01221103876308,2.26694876915255
133112700,1540.65625,229.402776362477,229.0524161438,2.01527549093311,2.27023706836825
133204500,1541.71875,229.608152228783,229.25682345554,2.0183120261829,2.27349420485744
133297200,1542.79166666667,229.811008823242,229.45882660911,2.02138231067889,2.2767868366669
133389000,1543.85416666667,230.008067792275,229.655164082901,2.02442540808456,2.28004946602668
133481700,1544.92708333333,230.205057376559,229.851550667742,2.02749935761475,2.28334448249175
133573500,1545.98958333333,230.400836884293,230.046858367796,2.0305466631163,2.28661038681316
133666200,1547.0625,230.602290806196,230.247963526508,2.03362686507594,2.28991063023961
133758000,1548.125,230.808220624489,230.453675279429,2.03668048517116,2.2931818803983
133849800,1549.1875,231.0223838984,230.667747592847,2.03973732503912,2.29645607455641
133942500,1550.26041666667,231.247568658679,230.892969287352,2.04282518842636,2.29976361651899
134034300,1551.32291666667,231.478558173761,231.124122172931,2.04588634623971,2.30304262344931
134127000,1552.39583333333,231.717794221202,231.36365015807,2.04897972779598,2.3063564466911
134218800,1553.45833333333,231.957829262304,231.604098945009,2.05204642746786,2.30964209232391
134311500,1554.53125,232.200434087673,231.847246619735,2.05514505548877,2.31296282906041
134403300,1555.59375,232.438565543798,232.086039276449,2.05821805547058,2.31625684769767
134496000,1556.66666666667,232.675633411419,232.323900177376,2.0613233845567,2.31958675155539
134587800,1557.72916666667,232.907148020642,232.556325115509,2.06440046131296,2.32288830918234
134679600,1558.79166666667,233.13684855771,232.787062194945,2.06748130403489,2.32619468074219
134772300,1559.86458333333,233.369410341865,233.020799875339,2.07059561356379,2.32953864124945
134864100,1560.92708333333,233.603223052626,233.255905694744,2.0736818286266,2.33285437131157
134956800,1562,233.845701752864,233.499820637649,2.07680146163483,2.33620698919838
135048600,1563.0625,234.094278252779,233.749947836731,2.07989203293302,2.33952969733733
135141300,1564.13541666667,234.35493306881,234.012296277771,2.08301588260888,2.3428892577554
135233100,1565.19791666667,234.622463394526,234.281627937224,2.08611347747186,2.34622128155389
135325800,1566.27083333333,234.900761595942,234.561868221175,2.08924352913211,2.34958814775063
135417600,1567.33333333333,235.182137038789,234.845286611956,2.09234586194192,2.35292512942181
135510300,1568.40625,235.469233456608,235.134564842823,2.09548077220075,2.3562967927553
135602100,1569.46875,235.753583499949,235.421192013849,2.09858909820842,2.35963883860677
135694800,1570.54166666667,236.038291997712,235.708317913016,2.10172961767562,2.36301487175511
135786600,1571.60416666667,236.316290197771,235.988828325202,2.10484313857583,2.36636018543408
135879300,1572.67708333333,236.592682044699,236.267877847658,2.10798882718116,2.3697388977277
135971100,1573.73958333333,236.863039780073,236.540989458294,2.11110799401371,2.37308732623654
136062900,1574.80208333333,237.132101051952,236.812927745211,2.11422904448222,2.37643596047384
136155600,1575.875,237.405252175002,237.089109581765,2.1173837649261,2.37981894897525
136247400,1576.9375,237.680020683055,237.367002737208,2.12051073116602,2.38317034096142
136340100,1578.01041666667,237.964097418688,237.654356855651,2.12367092451267,2.38655566195464
136431900,1579.07291666667,238.253141028783,237.946763015476,2.12680305976672,2.38990914899608
136524600,1580.14583333333,238.552609334117,238.249740259753,2.12996940050802,2.39329729980519
136616400,1581.20833333333,238.855149510161,238.555863111703,2.13310768943295,2.39665359530998
136708200,1582.27083333333,239.161152714171,238.865552695185,2.13624846572757,2.40001126073538
136800900,1583.34375,239.470762824813,239.178988540794,2.13942273468871,2.40340297489413
136892700,1584.40625,239.775358330956,239.487474633242,2.14256814713005,2.406762717976
136985400,1585.47916666667,240.079113470674,239.795262880487,2.14574739373496,2.41015686495916
137077200,1586.54166666667,240.375552802584,240.095802075856,2.14889929328686,2.41352070506093
137169900,1587.61458333333,240.671217004465,240.3957161109,2.15208472938091,2.41691893289813
137261700,1588.67708333333,240.962214582655,240.691033222101,2.15524201722951,2.4202858976685
137354400,1589.75,241.256886415342,240.990179971493,2.15843274609308,2.42368725215535
137446200,1590.8125,241.552358935165,241.290195103216,2.1615953959726,2.42705766273483
137538900,1591.88541666667,241.857022193609,241.599554928563,2.16479153352645,2.43046261141363
137630700,1592.94791666667,242.166779095233,241.914066685108,2.16795909029655,2.43383624250524
137722500,1594.01041666667,242.485303675583,242.23744382117,2.17112980989664,2.43721218458755
137815200,1595.08333333333,242.815412128466,242.572545276279,2.17433582128034,2.44062455399005
137907000,1596.14583333333,243.149149616064,242.911313337672,2.17751399957875,2.44400616215296
137999700,1597.21875,243.49062998673,243.257955627613,2.18072378144076,2.44742118344274
138091500,1598.28125,243.830382490423,243.602898077057,2.18390513876926,2.45080496293586
138184200,1599.35416666667,244.172251074656,243.950085330802,2.18712049410597,2.45422405066876
138276000,1600.41666666667,244.507385784577,244.290565113686,2.19030777158841,2.45761272463272
138367800,1601.47916666667,244.837914226021,244.626518738544,2.19349744237417,2.46100304463021
138460500,1602.55208333333,245.167052981729,244.961220408668,2.196721247659,2.46442885403838
138553200,1603.625,245.492870739386,245.292688868621,2.19994861897482,2.46785772505481
138645000,1604.6875,245.814551634679,245.620053480501,2.20314579423648,2.47125436772611
138737700,1605.76041666667,246.14118078118,245.952509836666,2.20637844685397,2.4746875938007
138829500,1606.82291666667,246.468934475092,246.286117467149,2.20958224988873,2.47808961910342
138922200,1607.89583333333,246.805919152011,246.629091680389,2.21282012373814,2.48152733004368
139014000,1608.95833333333,247.145970203923,246.975144444477,2.21602895699434,2.48493332255982
139105800,1610.02083333333,247.491341498987,247.326580331973,2.21924072846195,2.48834220703036
139198500,1611.09375,247.843355453487,247.684776262326,2.22248625708757,2.49178596490779
139290300,1612.15625,248.192425500601,248.040021982716,2.22570418406267,2.49520003572055
139383000,1613.22916666667,248.542589106976,248.396474987782,2.22895566895282,2.49864924029155
139474800,1614.29166666667,248.884837528312,248.745005757221,2.23217895641668,2.50206783646339
139567500,1615.36458333333,249.22465138447,249.091221201512,2.23543640213336,2.50552191014899
139659300,1616.42708333333,249.555427593737,249.428397727309,2.23866480594335,2.50894502697701
139752000,1617.5,249.884847873277,249.764345963979,2.24192805928103,2.51240417875392
139843800,1618.5625,250.208642200063,250.094671121876,2.24516147564453,2.51583160181276
139936500,1619.63541666667,250.535867483327,250.428558066679,2.2484299995362,2.51929552548267
140028300,1620.69791666667,250.862908091163,250.762259216002,2.25167040369712,2.52272882294045
140120100,1621.76041666667,251.195238202197,251.101308202737,2.25491303419546,2.52616436016009
140212800,1622.83333333333,251.537713549991,251.450620631979,2.2581912297954,2.52963686334534
140304600,1623.89583333333,251.884109209279,251.803830946233,2.26143971448903,2.53307711222451
140397300,1624.96875,252.240470042747,252.167109577947,2.26472323836948,2.53655428517174
140489100,1626.03125,252.59809014578,252.531609349054,2.26797667610816,2.53999893630524
140581800,1627.10416666667,252.961413624017,252.901904057499,2.27126583031375,2.54348099750858
140673600,1628.16666666667,253.320547385822,253.267962563739,2.27452494293597,2.54693083796384
140766300,1629.23958333333,253.679883203584,253.634312327804,2.27781892933914,2.55041711230941
140858100,1630.30208333333,254.030565566199,253.99196378184,2.28108420080905,2.55387267082398
140950800,1631.375,254.378719301941,254.347181951249,2.28438408056035,2.55736494820132
141042600,1632.4375,254.718153755242,254.69364259958,2.28765474026302,2.56082586827494
141135300,1633.51041666667,255.057304838592,255.039921749198,2.29096139215259,2.56432458174706
141227100,1634.57291666667,255.392105115073,255.381813458653,2.29423890042019,2.56779254869519
141319800,1635.64583333333,255.731787965119,255.728687014738,2.29754933414385,2.57129591352597
141411600,1636.70833333333,256.071820814028,256.075864317186,2.30083007272344,2.57476820970846
141504300,1637.78125,256.419838320242,256.431112103991,2.30414726862006,2.57827958790009
141597000,1638.85416666667,256.772125732374,256.790637815364,2.30746634977385,2.58179373799157
141688800,1639.91666666667,257.123553810583,257.149234302395,2.31075633737239,2.58527803293241
141780600,1640.97916666667,257.475040130847,257.507884275438,2.31404912016349,2.58876695480807
141873300,1642.05208333333,257.827190271038,257.867261375518,2.31737649608699,2.59229393387687
141965100,1643.11458333333,258.170615351163,258.217836570911,2.32067595989072,2.59579308665393
142057800,1644.1875,258.510223314988,258.564659933422,2.32400970809617,2.5993308451914
142149600,1645.25,258.838683779787,258.900264315104,2.3273124752254,2.60283865930997
142242300,1646.32291666667,259.162883614735,259.231680366107,2.33065212045394,2.60638811186953
142334100,1647.38541666667,259.478046330308,259.553994075368,2.33396084979487,2.60990723918267
142425900,1648.44791666667,259.789652561926,259.872756475533,2.33727336916455,2.61343329266088
142518600,1649.52083333333,260.103438477028,260.193771960861,2.34062186214448,2.6170004068333
142610400,1650.58333333333,260.415942036538,260.51343419677,2.34394016343576,2.62053802575814
142703100,1651.65625,260.735418526889,260.840132815569,2.34729449350317,2.62411631421707
142794900,1652.71875,261.056866616382,261.168718101019,2.35061715798563,2.62766310076937
142886700,1653.78125,261.383447601254,261.502413832337,2.35394312496647,2.63121513050325
142979400,1654.85416666667,261.717358631844,261.843478886478,2.35730461543909,2.63480633973926
143071200,1655.91666666667,262.050068670187,262.183237175688,2.36063611163832,2.63836657875484
143163900,1656.98958333333,262.385394855903,262.525640200107,2.36400403445868,2.64196615529075
143255700,1658.05208333333,262.714034890932,262.861246972069,2.36734127437878,2.64553344463003
143348400,1659.125,263.040051510241,263.194257997418,2.3707128381309,2.64913761273933
143440200,1660.1875,263.35570981909,263.516805479378,2.37405558067492,2.6527105689883
143532900,1661.26041666667,263.667066308153,263.835084522863,2.37743405503065,2.65632149280891
143624700,1662.32291666667,263.969257505088,264.144099999258,2.38078292250038,2.65990040481172
143717400,1663.39583333333,264.27044168606,264.452144798785,2.38416708399971,2.66351634725488
143809200,1664.45833333333,264.567428797966,264.755893865914,2.38752207913593,2.66710083186807
143901900,1665.53125,264.868490266801,265.063746727215,2.39091149395092,2.67072140796921
143993700,1666.59375,265.169331447369,265.371270464923,2.3942714787899,2.67431007432001
144086400,1667.66666666667,265.476157906267,265.684794305363,2.39766719879839,2.6779364626301
144178200,1668.72916666667,265.782005048558,265.997216898799,2.40103263450677,2.68153005030819
144270900,1669.80208333333,266.090766956239,266.312555922821,2.40443406032633,2.68516174114469
144362700,1670.86458333333,266.393753575502,266.621990500582,2.40780523397544,2.68876064571823
144455400,1671.9375,266.694098817954,266.928780164552,2.41121195548032,2.69239751491505
144547200,1673,266.983644823338,267.224643033462,2.41458854700904,2.69600197914652
144639900,1674.07291666667,267.266579357987,267.513893180792,2.41800095759941,2.69964458984068
144731700,1675.13541666667,267.537038421783,267.790546878447,2.42138383234156,2.70325540423927
144824400,1676.20833333333,267.801115347948,268.060821377092,2.4248031211549,2.7069053634637
144916200,1677.27083333333,268.055470334201,268.321257802858,2.42819027602326,2.71052103648842
145008900,1678.34375,268.307610338123,268.579481917673,2.43161565502131,2.71417756571808
145100700,1679.40625,268.555400668476,268.833238431996,2.43500855007391,2.71780008900432
145193400,1680.47916666667,268.806291076265,269.090089753844,2.43843894988325,2.72146245536526
145285200,1681.54166666667,269.057313192376,269.346946016347,2.44183713136736,2.72509104645661
145377900,1682.61458333333,269.314299616644,269.609747707246,2.4452720288638,2.7287589839595
145469700,1683.67708333333,269.571974156431,269.87309927611,2.44867681043045,2.73239503207193
145562400,1684.75,269.833930782117,270.140700445066,2.45211758245495,2.7360701297177
145654200,1685.8125,270.092745975414,270.405014068212,2.45552749685744,2.73971227859184
145746900,1686.88541666667,270.350678148098,270.668404355347,2.45897355992603,2.74339376506434
145838700,1687.94791666667,270.600065690196,270.923103494312,2.46238973328936,2.74704334738258
145931400,1689.02083333333,270.843836593193,271.172144989131,2.46584148040319,2.7507317143542
146023200,1690.08333333333,271.076488924197,271.409926549375,2.46926292151715,2.75438776062488
146115900,1691.15625,271.303187709448,271.641715529234,2.47272064070005,2.75808319784259
146207700,1692.21875,271.521353672752,271.86483443002,2.47614793937924,2.76174619276355
146299500,1693.28125,271.735796958321,272.084142187205,2.47957858094733,2.76541350512255
146392200,1694.35416666667,271.951298215224,272.304462860419,2.48304531811259,2.76911983229012
146484000,1695.41666666667,272.165826732824,272.523667869783,2.48648098557406,2.7727932516584
146576700,1696.48958333333,272.384694280824,272.747155554951,2.48995364113729,2.77650648152182
146668500,1697.55208333333,272.60344623428,272.970376660821,2.49339519844126,2.78018708370255
146761200,1698.625,272.824919614534,273.196251655469,2.49687368894839,2.78390703855442
146853000,1699.6875,273.042465387717,273.418043217318,2.5003213380693,2.78759473020047
146944800,1700.75,273.25546247655,273.635172073776,2.50377067698075,2.79128450152016
147037500,1701.82291666667,273.463189507728,273.846955553063,2.50725713435231,2.79501406783773
147130200,1702.89583333333,273.661329635705,274.04903651005,2.51074756590704,2.79874796386849
147222000,1703.95833333333,273.846872882109,274.238369503453,2.51420591083206,2.80244798523416
147313800,1705.02083333333,274.021714229941,274.416889452326,2.51766680806203,2.80615081694203
147406500,1706.09375,274.188495513253,274.587273084111,2.52116507253812,2.80989381618029
147498300,1707.15625,274.346030626728,274.74826395568,2.5246319981374,2.81360339171828
147591000,1708.22916666667,274.500129127458,274.905737862862,2.52813663340521,2.81735324032215
147683700,1709.30208333333,274.652126067565,275.06099291309,2.531643453938,2.82110569862266
147775500,1710.36458333333,274.803091233948,275.215065681583,2.53511901897725,2.82482481742689
147868200,1711.4375,274.95769743272,275.372686245954,2.53863186245903,2.82858363323252
147960000,1712.5,275.113486182845,275.531334035821,2.54211325281344,2.8323089155868
148052700,1713.57291666667,275.272777095627,275.693381646641,2.54563075177714,2.83607264233097
148144500,1714.63541666667,275.430613834151,275.853816977976,2.54911854984199,2.8398044387049
148237200,1715.70833333333,275.58743450566,276.013127823325,2.55264248482687,2.84357493908645
148329000,1716.77083333333,275.737375402148,276.165401692895,2.55613416720978,2.84731067342722
148421700,1717.84375,275.88096739184,276.311215351373,2.55966315412512,2.85108620086423
148513500,1718.90625,276.01404509004,276.446360592998,2.56316211378946,2.85482945568175
148605300,1719.96875,276.138012986737,276.572264224318,2.56666314465454,2.85857464864384
148698000,1721.04166666667,276.255297828665,276.691369590173,2.57020207648703,2.86236035107933
148789800,1722.10416666667,276.366010101314,276.803750776376,2.57370962947278,2.86611257664143
148882500,1723.17708333333,276.475237838283,276.914526897548,2.57725345306486,2.86990400446374
148974300,1724.23958333333,276.583562767783,277.024247717974,2.58076498759582,2.87366107497537
149067000,1725.3125,276.695060231434,277.13701407656,2.58431400735522,2.87745868503793
149158800,1726.375,276.808318964393,277.251388544922,2.58783338888867,2.88122492518202
149251500,1727.44791666667,276.925006019779,277.369059009861,2.59138912017608,2.88503108017157
149343300,1728.51041666667,277.041145598474,277.486030079842,2.59491234491722,2.88880358153272
149435100,1729.57291666667,277.155354704795,277.600928919477,2.59843965194436,2.8925813761568
149527800,1730.64583333333,277.26582792449,277.711954904217,2.60200475872871,2.89640117509058
149619600,1731.70833333333,277.367723309316,277.814255388065,2.60553715519039,2.9001879661237
149712300,1732.78125,277.460962885489,277.907760064772,2.60910670724621,2.90401652406645
149804100,1733.84375,277.542696016906,277.989612692579,2.61264454277716,2.90781334884676
149895900,1734.90625,277.614040543129,278.060932529842,2.61618507653437,2.91161519827215
149988600,1735.97916666667,277.676914683774,278.123634195081,2.61976333046261,2.91545991334239
150080400,1737.04166666667,277.732432678289,278.178833416483,2.62330969074545,2.91927281047336
150173100,1738.11458333333,277.784627662053,278.23055478896,2.62689373529225,2.92312831952615
150264900,1739.17708333333,277.835429483714,278.280735948192,2.63044534370057,2.9269507435974
150357600,1740.25,277.888277005216,278.332803041866,2.63403520135434,2.93081596851627
150449400,1741.3125,277.943536199573,278.387137114438,2.63759345046787,2.93464814594094
150541200,1742.375,278.001787647881,278.444312115147,2.64115541959782,2.93848531755224
150633900,1743.44791666667,278.062382078113,278.503666836016,2.64475347418518,2.94236129188227
150726600,1744.52083333333,278.122402122188,278.562294988516,2.64835607996828,2.94624211572133
150818400,1745.58333333333,278.178411222644,278.616776621338,2.6519258133511,2.95008706399229
150910200,1746.64583333333,278.228287823267,278.664976956401,2.65549785969777,2.95393390471026
151002900,1747.71875,278.270439830095,278.705283932282,2.65910905808069,2.95782110165225
151094700,1748.78125,278.303312090374,278.736176944654,2.66268833780242,2.96167309132724
151187400,1749.85416666667,278.328247451515,278.758957190178,2.66630486606176,2.9655631721423
151279200,1750.91666666667,278.346735744593,278.775154180725,2.66988937009666,2.96941709029095
151371000,1751.97916666667,278.361862547756,278.787831794006,2.67347639566299,2.973272075426
151463700,1753.05208333333,278.376833056042,278.800168389065,2.67710166360658,2.97716594696963
151555500,1754.11458333333,278.394049069614,278.814617701558,2.68069456372473,2.98102327801118
151648200,1755.1875,278.415654244133,278.833271253236,2.68432571838508,2.98491967492529
151740000,1756.25,278.441783358745,278.856324193441,2.68792420079221,2.98877888103578
151832700,1757.32291666667,278.472192863408,278.88347620679,2.69156197756915,2.99267842943643
151924500,1758.38541666667,278.504411505666,278.912322685536,2.6951672929285,2.99654114758262
152017200,1759.45833333333,278.536379399282,278.940740324097,2.69881008757853,3.00044247615791
152109000,1760.52083333333,278.564523800392,278.965226804973,2.70241859573593,3.00430508071154
152201700,1761.59375,278.586639647663,278.983505492782,2.70606720408207,3.00820877328926
152293500,1762.65625,278.600296852598,278.993219413009,2.70968214589208,3.01207461110776
152385300,1763.71875,278.604847649864,278.993681859599,2.71329954249004,3.0159415861241
152478000,1764.79166666667,278.600589892831,278.985145345051,2.71695649273675,3.0198487023489
152569800,1765.85416666667,278.589243480649,278.969410013221,2.72058055308775,3.02371896487898
152662500,1766.92708333333,278.573233324075,278.948812795481,2.72424293796954,3.02762845817044
152754300,1767.98958333333,278.555964734129,278.926847821908,2.72787303450014,3.0315019130518
152847000,1769.0625,278.540085324367,278.906072459556,2.73154182511532,3.03541497480588
152938800,1770.125,278.528078901038,278.889069399108,2.73517772073413,3.03929132653519
153031500,1771.19791666667,278.520648171012,278.876448712554,2.73885276033449,3.04320755124639
153123300,1772.26041666667,278.517411475435,278.867935406384,2.7424944999661,3.04708693827901
153216000,1773.33333333333,278.516435369564,278.861497972093,2.74617453309952,3.05100544089516
153307800,1774.39583333333,278.515012897195,278.854539275013,2.74982170366633,3.05488717223507
153400500,1775.46875,278.510114018977,278.843922285309,2.75350633712555,3.05880764449497
153492300,1776.53125,278.499322680518,278.827341199669,2.75715973580609,3.06269266519114
153585000,1777.60416666667,278.480929075763,278.80296989585,2.76085241828437,3.06661789436584
153676800,1778.66666666667,278.45518363972,278.771171040825,2.76451037991584,3.07050487694054
153769500,1779.73958333333,278.422900893119,278.732636644203,2.76820847878476,3.07443247101215
153861300,1780.80208333333,278.387159821928,278.690564522525,2.77187265123558,3.0783225763578
153954000,1781.875,278.350416009091,278.647285631423,2.77557695317241,3.08225346588325
154045800,1782.9375,278.316564217133,278.606823679849,2.77924738146717,3.08614658736801
154138500,1784.01041666667,278.287633790885,278.571083115013,2.78295667488317,3.09007953649456
154230300,1785.07291666667,278.265856331088,278.542434463092,2.78663312306804,3.09397587882235
154323000,1786.14583333333,278.251218489595,278.520737589481,2.79034841633557,3.09791130537001
154414800,1787.20833333333,278.243108068503,278.50552540669,2.79402927385321,3.10180928326001
154506600,1788.27083333333,278.239342394428,278.494554276798,2.79771381356156,3.10570897066885
154599300,1789.34375,278.237143186724,278.484979032715,2.80143883945136,3.10964947412834
154691100,1790.40625,278.233512590488,278.473947852387,2.80512978858755,3.11355232206304
154783800,1791.47916666667,278.225588502335,278.458453653183,2.80885981037758,3.11749470529101
154875600,1792.54166666667,278.211573115449,278.436843444444,2.81255702689879,3.12140046454517
154968300,1793.61458333333,278.190428047466,278.407926161127,2.81629305449138,3.12534512669684
155060100,1794.67708333333,278.163194227123,278.372889571283,2.81999606230313,3.12925337983739
155151900,1795.73958333333,278.131614272723,278.3333982979,2.82370177386345,3.13316236366355
155244600,1796.8125,278.098195766276,278.291880039416,2.8274471411762,3.13711127095406
155336400,1797.875,278.066760213762,278.252315988603,2.83115906146361,3.14102288690194
155429100,1798.94791666667,278.039505693913,278.216750707716,2.83490984892021,3.14497359387223
155520900,1800.01041666667,278.01869989027,278.187621695254,2.83862634995974,3.1488863349205
155613600,1801.08333333333,278.004236048569,278.164668906727,2.84238352865968,3.15283990771095
155705400,1802.14583333333,277.995199181397,278.147151607171,2.84610644113793,3.15675526562335
155797200,1803.20833333333,277.989053178795,278.132459042346,2.84983309329141,3.1606727998953
155889900,1804.28125,277.982751835351,278.11746467941,2.8535977567661,3.16462852327007
155981700,1805.34375,277.97348863459,278.099531787621,2.85732898834808,3.16854699398864
156074400,1806.41666666667,277.958840185888,278.076064859236,2.86109984309446,3.17250527156341
156166200,1807.47916666667,277.93806481474,278.046489386833,2.86483790975581,3.17642743722274
156258900,1808.55208333333,277.911134036498,278.010599633604,2.86861643312797,3.18038978202837
156350700,1809.61458333333,277.880277133665,277.970795122904,2.87235948656874,3.18431374548756
156442500,1810.67708333333,277.847959323896,277.929452985557,2.87610604923851,3.18823970968917
156535200,1811.75,277.817116472747,277.88942108659,2.8798914259959,3.19220510900407
156627000,1812.8125,277.791541683291,277.854675941233,2.88364274079377,3.19613358497305
156719700,1813.88541666667,277.77336733045,277.827178441909,2.88743391503842,3.20010305806312
156811500,1814.94791666667,277.764520924271,277.809046921364,2.89119249529812,3.20403733212789
156904200,1816.02083333333,277.765130737498,277.800239495469,2.89499029317979,3.20801257749064
156996000,1817.08333333333,277.774174144739,277.799927426174,2.89875447558823,3.21195255741527
157087800,1818.14583333333,277.789494700118,277.805872044531,2.90252216892839,3.21589625068695
157180500,1819.21875,277.80843132031,277.815326998427,2.90632923098021,3.21988181276333
157273200,1820.29166666667,277.827695017793,277.825099062657,2.91013942617215,3.22387135677094
157365000,1821.35416666667,277.844342036012,277.832337097466,2.9139151677413,3.22782643606671
157457700,1822.42708333333,277.85683718236,277.835318799506,2.91773156667373,3.23182504184821
157549500,1823.48958333333,277.864405051605,277.833449662807,2.92151392777894,3.23578946167181
157642200,1824.5625,277.868128890069,277.827624558938,2.92533507642622,3.23979630340264
