elapsed_seconds,elapsed_days,earth_ssb_error_km,earth_heliocentric_error_km,saturn_ssb_error_km,saturn_heliocentric_error_km
91800,1.0625,5.50711983567738e-05,5.37321753128611e-05,0.00269602658584137,0.00269474229517026
184500,2.13541666666667,0.00023059235974167,0.000224645138081906,0.0080053428100291,0.00800994430171548
276300,3.19791666666667,0.000538492800594786,0.000524149094537838,0.0244179861670221,0.0244307984346396
368100,4.26041666666667,0.00099762265478278,0.000970871470047721,0.0254030480100221,0.0254006801245536
460800,5.33333333333333,0.00163353515365025,0.00159061183874816,0.0549823065087435,0.055020674593654
553500,6.40625,0.00245807161413428,0.0023965700594199,0.0959214801713599,0.095944021081185
645300,7.46875,0.00347093460224148,0.00339064183687122,0.134424242983302,0.134451817385933
737100,8.53125,0.00467845513673877,0.00458172367011832,0.148838620581175,0.148833507075276
829800,9.60416666666667,0.00607637261410208,0.00596877454868614,0.211227649461844,0.211178145696582
921600,10.6666666666667,0.00760027043829046,0.00749126705873034,0.169263745873433,0.169176234727849
1014300,11.7395833333333,0.00922232036561984,0.00912509297330589,0.294655122289702,0.294536665175267
1106100,12.8020833333333,0.0108426013077061,0.0107732605088479,0.2633709936005,0.263142544973078
1198800,13.875,0.0124245815015998,0.0124019553143017,0.286214416937089,0.285925572072601
1290600,14.9375,0.013879741420221,0.0139224484751333,0.233522687208049,0.233193780775619
1383300,16.0104166666667,0.0151940586205458,0.0153210214269075,0.241306302129871,0.241013375201467
1475100,17.0729166666667,0.0163167169656302,0.0165425662370481,0.0964244128870559,0.0961697926194368
1567800,18.1458333333333,0.0172574685422511,0.0175944323285027,0.249316658984698,0.249201868949609
1659600,19.2083333333333,0.017998168629575,0.0184504684667516,0.193241350346216,0.193637528089151
1752300,20.28125,0.0185625590633803,0.0191293159147711,0.224569509909958,0.225185125672108
1844100,21.34375,0.0189527598636498,0.0196222883828594,0.213683074274436,0.214261021498667
1935900,22.40625,0.01919684136655,0.0199490775914119,0.347517273301984,0.348096287686556
2028600,23.4791666666667,0.0193196085987544,0.0201245924868441,0.256514873727536,0.256663539764168
2120400,24.5416666666667,0.0193474175423526,0.0201635217759779,0.438584078503165,0.438924313805277
2213100,25.6145833333333,0.0193127894275096,0.020088199265349,0.538509403597369,0.538334960414651
2304900,26.6770833333333,0.0192514863276621,0.0199257126223386,0.564548472503352,0.564016432360321
2397600,27.75,0.0192026358485255,0.0197055311758783,0.426581553803059,0.425732805485877
2490300,28.8229166666667,0.0192145738745951,0.0194724043453736,0.621271108614116,0.620167856838667
2582100,29.8854166666667,0.0193431087542992,0.0192873748184179,0.417365709621041,0.416045758366613
2674800,30.9583333333333,0.0196580126244418,0.0192258252470835,0.576962957774222,0.575527758767229
2766600,32.0208333333333,0.02022451166686,0.0193855124961246,0.499279479173432,0.498102628258788
2859300,33.09375,0.0211182591788184,0.0198743281291704,0.481707245826329,0.481260144780931
2951100,34.15625,0.0223593771546143,0.0207684026630998,0.188279598989816,0.188541495339968
3042900,35.21875,0.0239478521151082,0.0221080120866491,0.377617143539469,0.378620513937808
3135600,36.2916666666667,0.0258425828474375,0.0238815754342217,0.317387612899705,0.319350244145038
3227400,37.3541666666667,0.0278947663492442,0.0259550787123551,0.437712446387738,0.439784724952703
3320100,38.4270833333333,0.0299957176545094,0.0282188459105257,0.558727353177769,0.56045865919225
3411900,39.4895833333333,0.0319486124168319,0.0304632493232707,0.773224623040387,0.77414220996803
3504600,40.5625,0.0336531154600965,0.0325794308870955,0.565620441759115,0.565453684694469
3596400,41.625,0.0349830124493822,0.0344159429117968,0.779882046651584,0.779981451539394
3689100,42.6979166666667,0.035924979805889,0.035948620826248,0.704953185014528,0.703459144471123
3780900,43.7604166666667,0.0364758687706435,0.0371385242536908,0.892530784010713,0.89089435438032
3873600,44.8333333333333,0.0367053792665573,0.0380388104748758,0.898541272037266,0.895968050978292
3965400,45.8958333333333,0.0366943152397951,0.0386836198096928,0.913080453290077,0.909938982343087
4058100,46.96875,0.0365402886814011,0.0391444562835693,0.483552062274023,0.480520848351607
4149900,48.03125,0.0363398192548632,0.0394639455347498,0.780176087626121,0.776998088559817
4242600,49.1041666666667,0.0361684562342401,0.0396847331724653,0.497509314996004,0.495918808916642
4334400,50.1666666666667,0.036085845041454,0.0398196848824484,0.548100745720397,0.547737201643147
4427100,51.2395833333333,0.0361211910588703,0.0398701559594361,0.559642352785233,0.562122262312382
4519800,52.3125,0.0362829098883486,0.0398198080690376,0.765531321802785,0.769460596620833
4611600,53.375,0.036559552325052,0.0396528572066383,0.550102420686259,0.552922536941253
4704300,54.4479166666667,0.0369435546246499,0.0393554056844203,0.696677184162976,0.700637590942397
4797000,55.5208333333333,0.0374299438252211,0.0389405439770899,0.881252359079535,0.883424989103764
4888800,56.5833333333333,0.0380296234609953,0.0384596336126516,0.979190196730109,0.980597639881614
4981500,57.65625,0.0387975512334728,0.0379940893302448,1.02034014772429,1.0195038573355
5073300,58.71875,0.0397852079233114,0.0376902682892682,1.36828992466662,1.36593451899783
5166000,59.7916666666667,0.0410889848597902,0.0377177281692276,0.87007999071585,0.865625240289084
5257800,60.8541666666667,0.0427464102270787,0.0382546353874127,1.06597302431259,1.06192946869326
5350500,61.9270833333333,0.0448116185678307,0.039447770438053,1.07232630503439,1.06667865341006
5443200,63,0.0472245707871482,0.0413350095394349,1.13880478261756,1.1329876758199
5535900,64.0729166666667,0.049860259951434,0.0438314514884143,0.781308312135016,0.776228656724434
5627700,65.1354166666667,0.0524962018972789,0.0467080992530385,0.973717034885558,0.97139264492669
5720400,66.2083333333333,0.054942969742613,0.0497513899619374,0.529531016277716,0.533710936878852
5812200,67.2708333333333,0.0569111524077931,0.0526205739127214,0.583130097759106,0.58446179616665
5904900,68.34375,0.058234685453848,0.0551235915793423,0.69973561455929,0.706342583621523
5996700,69.40625,0.0587647279528319,0.0570430706888488,1.03443302408923,1.0414649522037
6089400,70.4791666666667,0.0584910139534136,0.0583444269960545,0.954376942449506,0.959655456564674
6181200,71.5416666666667,0.0575018348977202,0.059027024943226,1.29010064510892,1.29453681069771
6273900,72.6145833333333,0.0559517479918564,0.0592072697487099,1.20998165509228,1.2084995516912
6365700,73.6770833333333,0.0541065553259799,0.0590306195546256,1.19514040489279,1.19562859330386
6458400,74.75,0.0522041969148234,0.0586593252440408,1.40615881979473,1.40345148243466
6550200,75.8125,0.050556185936199,0.0582504929026385,1.6218572778549,1.61610863730197
6642900,76.8854166666667,0.0493760626280995,0.0579094395310352,1.25964232542518,1.25140298426595
6734700,77.9479166666667,0.0488618026153593,0.0577041325650465,1.55795855195427,1.54920114915255
6827400,79.0208333333333,0.0490832442600357,0.0576384174992336,0.934676790313024,0.926539369692804
6920100,80.09375,0.0500253610580691,0.0576776389556789,0.954170182161287,0.945313983150682
7011900,81.15625,0.0515645118099697,0.0577576857666159,1.02333243000189,1.01780424481483
7104600,82.2291666666667,0.053584140887519,0.0578168530421463,1.1673148256409,1.16764895002097
7196400,83.2916666666667,0.055900556420824,0.0578180837628908,0.745736250837525,0.755185300872949
7289100,84.3645833333333,0.0584437737729571,0.0577757586973596,1.0346513180864,1.04426811043159
7380000,85.4166666666667,0.0610682400113604,0.0577687867274054,1.1183339609634,1.12768983601586
7477200,86.5416666666667,0.0639891841219875,0.0579565287427495,0.936746037965364,0.946152589901148
7574400,87.6666666666667,0.0670292567643978,0.0585576835576435,1.29393549088434,1.30019844272721
7664400,88.7083333333333,0.0699518676837286,0.0596643032502436,1.99067775047921,1.99351642795468
7750800,89.7083333333333,0.072828908836483,0.061322038333299,1.56815978435653,1.56394517547082
7856100,90.9270833333333,0.0763230624072108,0.0641167366051155,1.76274898603193,1.75803859889251
7966800,92.2083333333333,0.0797313682191739,0.0677338353575094,1.39683925969512,1.38654200033361
8055000,93.2291666666667,0.0819925749008115,0.0708077839966317,1.69183220826634,1.68057912406953
8154900,94.3854166666667,0.0837504542799872,0.0741030425486136,1.71156876798441,1.69876054351186
8253000,95.5208333333333,0.0843512154580592,0.0767726623305503,1.73303913220498,1.72228792182045
8344800,96.5833333333333,0.0837074107501207,0.0784977316029594,0.791541450736876,0.784348474148897
8437500,97.65625,0.0818031196491044,0.0793423994270228,1.23516569956423,1.2330959100183
8539200,98.8333333333333,0.0783508812729704,0.079227358503669,0.67851666111534,0.684546146191963
8631000,99.8958333333333,0.0742445836303273,0.0783182038097832,0.87763142560787,0.890330572934761
8721900,100.947916666667,0.0696090499358454,0.0768879845904184,1.13431342616136,1.14872098004519
8808300,101.947916666667,0.0650927885814719,0.0752878913920958,1.92488270333589,1.9385545878603
8907300,103.09375,0.0604000357531602,0.0734900673835834,1.16021754075611,1.16757022809909
8998200,104.145833333333,0.057172249339896,0.0721515677335909,1.77721609298792,1.78279669543487
9090900,105.21875,0.0555236217413148,0.071307431469965,1.71761711468373,1.71858633052332
9188100,106.34375,0.0559589076802452,0.0711114366656109,1.99041845560518,1.98621314573556
9288900,107.510416666667,0.0587502648332058,0.0716647623963351,2.15593996376745,2.14886971906537
9379800,108.5625,0.0629752194463482,0.072742597593252,2.48593635358923,2.46980511814443
9466200,109.5625,0.0680707836955867,0.0741623864349265,1.51135053111272,1.49424796681095
9558000,110.625,0.0742000217560492,0.0759680520293633,1.70838659500322,1.69049473260295
9645300,111.635416666667,0.0803581717148641,0.0778723141108605,1.40215508173153,1.38528318574095
9749700,112.84375,0.0877609859173517,0.0803123082031066,1.36343297986166,1.35502267668304
9856800,114.083333333333,0.0950524998194009,0.0829838592629357,1.50667059051604,1.50150631212252
9954900,115.21875,0.101223346738453,0.0856162917724505,1.53465454831465,1.5513636710114
10043100,116.239583333333,0.106215207223845,0.0881669042272152,0.843695847255371,0.863325343871505
10134900,117.302083333333,0.110734315589425,0.0910000967977666,1.35164232052243,1.3712904929324
10224000,118.333333333333,0.114346930515837,0.093854529726623,1.54054109201162,1.55970614274487
10317600,119.416666666667,0.117175095649287,0.0968057328001677,1.88621388659362,1.89619857537953
10404900,120.427083333333,0.118759500447673,0.0993044706896642,2.06879674493578,2.07874931649383
10496700,121.489583333333,0.119138117967882,0.101406015001056,2.8349291637294,2.83173887371876
10602000,122.708333333333,0.117699448955329,0.102810211335722,1.87543824121053,1.86638941675269
10699200,123.833333333333,0.114404729559875,0.102879709081376,1.98680527578169,1.97191910242354
10796400,124.958333333333,0.109141884282983,0.101623031348601,2.52362743709904,2.50473838562199
10893600,126.083333333333,0.101984060056429,0.0990496791869699,1.95093596931813,1.92783398324422
10987200,127.166666666667,0.0935370104316916,0.0954925430984445,2.25742453831955,2.23404831101391
11085300,128.302083333333,0.0835035382800263,0.0909661753431903,1.61402828885826,1.60440302538076
11185200,129.458333333333,0.0727991123842283,0.0860291661548797,1.15166082117105,1.14591424157577
11273400,130.479166666667,0.0638579027689621,0.0819079360866375,0.982626617153957,0.983891662373789
11365200,131.541666666667,0.0563461052766383,0.078392415529752,1.65452463538517,1.66923270883679
11465100,132.697916666667,0.0521217591105578,0.0760392711603784,1.42463052566807,1.449718174036
11551500,133.697916666667,0.0530297394922138,0.0755940148919455,2.02210851630628,2.04781909846831
11638800,134.708333333333,0.0582541027912948,0.0767798903048969,2.27500804832812,2.29093795228986
11730600,135.770833333333,0.0673042867332855,0.0797286840159409,1.94979824036772,1.95946056980421
11822400,136.833333333333,0.0786300500413779,0.0841789528259947,1.98955618551179,1.99405165157224
11908800,137.833333333333,0.0904016330773157,0.0894416316913239,2.87559972969632,2.87855270136754
12006000,138.958333333333,0.104144461096582,0.0962402205969139,2.58979025821786,2.57299400984236
12109500,140.15625,0.118667701043769,0.104086731389643,2.82329181091622,2.8037562464513
12208500,141.302083333333,0.131881167895945,0.111795974157421,2.43204511317106,2.40368808122568
12304800,142.416666666667,0.143610927420319,0.119148401902928,2.07485081425158,2.04557703921962
12405600,143.583333333333,0.15422814576286,0.126346164570304,1.68673910015744,1.65705367267429
12511800,144.8125,0.163105488575193,0.133002077236077,2.3405826927617,2.32633283780052
12601800,145.854166666667,0.168478686703914,0.137619636889898,1.28709115179664,1.29117434650112
12700800,147,0.171886512774111,0.141346879682451,1.81648414627408,1.83391137273461
12790800,148.041666666667,0.172576420987772,0.143297688452187,1.35502547408803,1.38609109081228
12892500,149.21875,0.170491306542105,0.143640495983702,1.66549950603914,1.69522416702803
12989700,150.34375,0.165596710424649,0.141957837150221,1.78870678577066,1.82047794779313
13078800,151.375,0.158611662991943,0.138610631646794,3.13524636525749,3.15607621320388
13175100,152.489583333333,0.148434074030671,0.133056330863146,2.33362907052052,2.34032366804835
13268700,153.572916666667,0.136069467188372,0.125842819659316,3.0483162430335,3.04389417168414
13356000,154.583333333333,0.122559276113262,0.117710631796319,2.74269923833776,2.73096045346718
13442400,155.583333333333,0.107611506868808,0.108631830766073,2.68004366350208,2.6568551401619
13534200,156.645833333333,0.0904864977662568,0.0983340376444369,2.50796787752205,2.48521626736651
13634100,157.802083333333,0.0713038087642351,0.0871645003445388,3.54492621973758,3.50952631542377
13724100,158.84375,0.0550396617761049,0.0781126910177034,2.14595096871534,2.11077972512294
13820400,159.958333333333,0.0422515494259842,0.0708350272157111,2.01142653084315,1.98380588407431
13914000,161.041666666667,0.0404494783160326,0.0675619915279377,1.61877569067876,1.60105464202809
14014800,162.208333333333,0.0521102255112986,0.0692987134677421,1.49728718566798,1.51135916214276
14103000,163.229166666667,0.0687848268473365,0.075193918154657,1.32387290028757,1.32758952830383
14206500,164.427083333333,0.0913766554310478,0.0861916584111025,2.5775566706305,2.61562966634117
14300100,165.510416666667,0.112828693963123,0.0987229699554975,2.15138854088777,2.18723646551575
14403600,166.708333333333,0.136688570311921,0.114295778945262,2.39630128771721,2.42258675778429
14490000,167.708333333333,0.156220936792404,0.128022542488201,2.53628914939962,2.560642129473
14590800,168.875,0.178008308276264,0.144224581418178,2.63985201918257,2.6393914879651
14684400,169.958333333333,0.196689241022507,0.158856864993883,3.31896829064686,3.32339319822283
14772600,170.979166666667,0.21233886810406,0.171723518947203,3.92519599199809,3.90371371256836
14864400,172.041666666667,0.225997351141297,0.183583214315977,3.01703107483937,2.98489788397254
14951700,173.052083333333,0.235970411384871,0.192894864649404,2.66535639055947,2.6248722309109
15048000,174.166666666667,0.243085220904903,0.200435600383267,3.00416477858296,2.96242382443486
15136200,175.1875,0.245768045465747,0.204501996450043,2.28070974834229,2.24087923640063
15223500,176.197916666667,0.244742564317081,0.205686312037113,2.18280767578911,2.1415326472705
15314400,177.25,0.239856953651912,0.203878070792285,2.79047173184097,2.77871986715548
15417000,178.4375,0.229894444881703,0.19819966310766,1.83436281696863,1.85355766339674
15506100,179.46875,0.217690981986522,0.190306722030624,1.51189513489402,1.55577190675391
15597000,180.520833333333,0.202151781336316,0.179644343295399,1.76761921162301,1.80949096523662
15694200,181.645833333333,0.182473332507735,0.165636100637868,2.61510981463454,2.65746663601986
15781500,182.65625,0.162494656994402,0.151085683714294,2.16554342354006,2.20825558544205
15868800,183.666666666667,0.140772370360342,0.135038927545544,3.71465061820945,3.74005830317391
15959700,184.71875,0.116889992764496,0.117217733047636,3.50415295733479,3.51082789207467
16055100,185.822916666667,0.0914398122773255,0.0980254392089505,3.05693872680569,3.04216482101623
16151400,186.9375,0.0674283450948988,0.079366593721767,3.17637169409021,3.16647114847168
16247700,188.052083333333,0.0503310580548882,0.0636835680451728,3.70072523643158,3.66135045669258
16345800,189.1875,0.0500692436590364,0.0549506031776106,3.40243980094538,3.3611932237676
16443900,190.322916666667,0.0679154615067379,0.05786583873499,3.41553101644469,3.36445949211343
16540200,191.4375,0.093643631820051,0.0711481437736916,2.70480024523988,2.66064012322144
16640100,192.59375,0.123393671603437,0.0912916182906322,1.3203592578218,1.29818735227252
16726500,193.59375,0.149983980566089,0.111372176997217,2.38541653620526,2.35634773371245
16812900,194.59375,0.176672687220851,0.132715216155012,2.12816250985068,2.15617399943279
16911900,195.739583333333,0.206783235105111,0.157872626462622,1.98396375427404,2.02430790460212
17007300,196.84375,0.23470973129674,0.182128001152945,2.78759877038386,2.84206212895159
17101800,197.9375,0.26058610015132,0.205444275894585,3.07100996864396,3.12002882578252
17190000,198.958333333333,0.282357421765931,0.225834550285068,2.50832752921842,2.53026711865941
17282700,200.03125,0.301849266060865,0.24496784236568,3.2048646411919,3.2422794358672
17373600,201.083333333333,0.316687902741844,0.260559581999167,4.00205957375458,4.00646980636464
17460900,202.09375,0.326242668146437,0.271842020799217,3.66590969194826,3.66014697313728
17559900,203.239583333333,0.33095987058143,0.279618527371982,3.92695925986104,3.89331991136912
17652600,204.3125,0.329331448860138,0.281777232575897,4.12310836065769,4.07667707347618
17757000,205.520833333333,0.320768911176389,0.27834330267407,2.38420127851336,2.32666436634365
17848800,206.583333333333,0.307868826149493,0.27052812949282,3.5585403627872,3.50058949630267
17946000,207.708333333333,0.289431080245267,0.257884084435784,2.89800541704103,2.84953317184801
18052200,208.9375,0.264569129979186,0.239635579992023,2.73167729810436,2.70549139763913
18151200,210.083333333333,0.237845279482871,0.21914191623425,2.00151216962706,2.00859352493939
18238500,211.09375,0.212157448996766,0.198804545191803,2.53169514101571,2.57871347292725
18328500,212.135416666667,0.184348223137423,0.176100751875209,1.41787664237432,1.48014719626298
18420300,213.197916666667,0.155594191249754,0.151664869826883,2.88689595279012,2.9483382715648
18519300,214.34375,0.12596039869761,0.124667510785341,3.27512475025088,3.32918134631414
18615600,215.458333333333,0.101805894370014,0.0990449643515473,3.86262514996359,3.89692223051607
18702900,216.46875,0.0886929684738352,0.078438104396787,3.52305444118707,3.53928328931995
18790200,217.479166666667,0.0888276624006001,0.0642730691395609,4.49858428041764,4.49681084786638
18879300,218.510416666667,0.102931355463852,0.0623612752587715,2.9537020663373,2.92386923953685
18984600,219.729166666667,0.131520102086016,0.0782080365526513,4.55075561692581,4.51828257102293
19073700,220.760416666667,0.160864408212184,0.101079062776928,4.31194502432898,4.25427636544558
19166400,221.833333333333,0.19366251414028,0.129202749365218,3.9578303526085,3.88988329168915
19252800,222.833333333333,0.225035544050455,0.157371771843082,2.58315960479087,2.51564099629654
19340100,223.84375,0.256698045502925,0.186712888004871,3.41464393117073,3.35748088798539
19436400,224.958333333333,0.290754002156576,0.219238438758535,1.44631229299827,1.42324006908032
19522800,225.958333333333,0.319756449416215,0.247817169186166,2.36712286611129,2.3418449595512
19614600,227.020833333333,0.348020401916464,0.276664070026283,2.74461486892434,2.78647861770045
19704600,228.0625,0.372124678460508,0.302414283902894,3.21089232116239,3.27834246584818
19802700,229.197916666667,0.393023324730965,0.3263347542534,2.33553139428604,2.40189742399228
19900800,230.333333333333,0.407045521414957,0.344617404723344,3.69711489534615,3.76088974921975
19998900,231.46875,0.413274468453886,0.35622584258494,3.1095449470354,3.14051169485212
20085300,232.46875,0.412034902722623,0.360500355664695,4.0224570196213,4.0617423418478
20172600,233.479166666667,0.404571531772605,0.359175668329726,4.58773590393268,4.59130111118651
20268000,234.583333333333,0.389891637445658,0.351648239237847,5.26768122589534,5.23559308211875
20354400,235.583333333333,0.371488306235214,0.339939989104222,3.5660813121707,3.51255263717513
20454300,236.739583333333,0.345226433501352,0.321459197649916,4.52186963616481,4.46096560231389
20545200,237.791666666667,0.317671672805882,0.300817959088158,3.14255695770244,3.06523319918789
20646000,238.958333333333,0.284159323901237,0.274506231120118,3.81543130578417,3.73697751700545
20741400,240.0625,0.250659897854181,0.247001423465786,3.43917161013445,3.3732996740968
20828700,241.072916666667,0.219520843853293,0.220171247999985,3.38873226528452,3.37403687042839
20919600,242.125,0.187958524933998,0.191122669404994,1.53612421386315,1.58485063321915
21013200,243.208333333333,0.15856309864181,0.160810575597034,2.71443046114822,2.75718195115106
21102300,244.239583333333,0.136805485958969,0.132770378672604,2.34056367934863,2.42199924058048
21191400,245.270833333333,0.125548856818114,0.10771052152157,2.95894612854901,3.04133863416368
21291300,246.427083333333,0.129659118486251,0.0884573036003265,3.81830517349433,3.8912318167818
21391200,247.583333333333,0.150297088408716,0.0868201130537872,5.25720640146722,5.29804187003341
21478500,248.59375,0.177466195715779,0.101831612353449,3.40978071856487,3.41005304434947
21570300,249.65625,0.211196400930451,0.128856928698925,4.71116255493955,4.71710520646168
21661200,250.708333333333,0.247210079730314,0.161662599285518,4.43911086427463,4.40715206016838
21756600,251.8125,0.285953962769487,0.199192920355344,4.82410896769493,4.77461052190849
21860100,253.010416666667,0.327474886256687,0.241206315643975,4.51111452596806,4.43790407991913
21947400,254.020833333333,0.360962082283609,0.276383028373384,5.02372054625414,4.93597541501329
22036500,255.052083333333,0.392645525598628,0.310936961242697,2.26041491021605,2.1789569435686
22136400,256.208333333333,0.423834614292805,0.346697652499625,3.27959029940821,3.20319018197437
22222800,257.208333333333,0.445919373265679,0.373865450622113,2.51331603564631,2.48331550357578
22309200,258.208333333333,0.462415347326396,0.396441862716494,2.95340945338093,2.9648097575392
22404600,259.3125,0.473162709782367,0.414952318321994,2.4166611988606,2.47699963091188
22502700,260.447916666667,0.475402534150951,0.426131403899898,4.23958861383467,4.33107814178791
22598100,261.552083333333,0.468984663391264,0.429086781122182,2.88979334939828,2.96117588251734
22689900,262.614583333333,0.45533283111591,0.424829917402549,3.71202501016072,3.79515797799931
22785300,263.71875,0.434332391832622,0.413716322438333,4.16035150422759,4.21505761240035
22892400,264.958333333333,0.403952540810774,0.394264970537205,5.12360756619843,5.1340045543124
22986000,266.041666666667,0.372818939999604,0.372261133393404,4.94592806304354,4.93971210774383
23087700,267.21875,0.335476162149209,0.344069539940625,5.73133236624136,5.66735038628451
23183100,268.322916666667,0.298256173117503,0.3143269070968,3.47061510711123,3.40395827466921
23274900,269.385416666667,0.261507191207868,0.283256381697064,4.51550523018699,4.42799006799356
23369400,270.479166666667,0.224043154577272,0.249265516022671,4.61368428944619,4.51533930305305
23467500,271.614583333333,0.187703147863482,0.21245220262149,3.6871786525739,3.60749739079315
23563800,272.729166666667,0.158221177949933,0.175789954620846,3.38710516567807,3.3190003171882
23656500,273.802083333333,0.141015714971042,0.141828954956562,3.40484168995765,3.4474177281829
23753700,274.927083333333,0.140641379742684,0.111891556933831,1.71227913455602,1.77217534960955
23852700,276.072916666667,0.159610600264992,0.0966032752966025,2.78165120942192,2.87162186556181
23939100,277.072916666667,0.187749289648545,0.103617489184471,3.91540361505838,4.01804745473213
24028200,278.104166666667,0.223248329517675,0.128659125047579,4.59515564767765,4.67676311658362
24134400,279.333333333333,0.269550643751156,0.171475083886391,4.78893709326673,4.86491088223423
24220800,280.333333333333,0.308010932354846,0.210835987531183,5.31115262508965,5.32720980801487
24317100,281.447916666667,0.349889567625493,0.25609685343643,4.1207343180576,4.12779813099924
24404400,282.458333333333,0.385715357206807,0.296626735622023,5.03015089053976,5.01179849915049
24490800,283.458333333333,0.418119974800319,0.33499330071687,6.09198180308272,6.04729016139844
24585300,284.552083333333,0.448940995257868,0.373685481880792,5.16391125341428,5.06526984578659
24671700,285.552083333333,0.471880565465169,0.404963056324241,4.53070251681164,4.43105939314036
24761700,286.59375,0.489495026761591,0.432319515106499,4.60810038922261,4.50160592884655
24848100,287.59375,0.499658931262472,0.452722691478493,2.68789432772095,2.58803198277016
24940800,288.666666666667,0.502737342501457,0.467562313787202,2.95482530167252,2.8818635558728
25027200,289.666666666667,0.498248970276871,0.474540452966947,3.56726610376318,3.52357892206965
25117200,290.708333333333,0.486365913851101,0.474864180656524,4.16134400929335,4.23400744138925
25207200,291.75,0.46781713821028,0.468524354563678,2.52649529881021,2.63453567284824
25296300,292.78125,0.443784717562528,0.456326411559646,4.22402448962235,4.33826037813691
25391700,293.885416666667,0.412895789678847,0.437561764196239,3.5117488826774,3.60978614838845
25489800,295.020833333333,0.376741366618847,0.412996446798667,4.17856712346422,4.25958000031925
25592400,296.208333333333,0.335357117949215,0.382427677702075,5.51538477128739,5.58414066284567
25679700,297.21875,0.298109234969159,0.352987581479444,6.79498937438914,6.79092230532918
25766100,298.21875,0.2601398240595,0.321052124611786,4.60801651759253,4.57652833530634
25872300,299.447916666667,0.213281792232597,0.278302716767583,5.60197143241875,5.53001513486731
25962300,300.489583333333,0.175342508218175,0.239362244528654,4.81925912546876,4.72830999616889
26055000,301.5625,0.141732781126783,0.197181104329404,4.55289319731723,4.44030758249771
26156700,302.739583333333,0.119771049915421,0.149935298632537,5.42246059377715,5.30169024493728
26253900,303.864583333333,0.123304515050856,0.107826932219629,4.47841791105286,4.41081529252186
26347500,304.947916666667,0.148887070928173,0.0812040524536855,2.65694385848155,2.60303632663865
26445600,306.083333333333,0.189358221178951,0.0884395400887447,2.8637353874336,2.89988105325055
26542800,307.208333333333,0.235259125565768,0.12658463755715,2.91375252996852,2.99717123588182
26641800,308.354166666667,0.283201757271959,0.177279012935623,2.87486121220572,2.99895956818891
26739900,309.489583333333,0.329075114381314,0.230241046607169,5.36954376186879,5.49586694963785
26837100,310.614583333333,0.371029940745299,0.281703580632566,5.4049790820215,5.48227295609312
26942400,311.833333333333,0.41091087697085,0.333937523127407,4.89032193455234,4.95385768070567
27039600,312.958333333333,0.441366154038863,0.377356883625279,5.03231721037554,5.0571889339245
27136800,314.083333333333,0.464759837693562,0.414993216468461,6.17869048835355,6.15605366723171
27234900,315.21875,0.480473175185425,0.44616970827945,5.43612890015458,5.39535814165789
27321300,316.21875,0.487355702163517,0.467381775694203,7.25670211835084,7.15982689539054
27408600,317.229166666667,0.487570379301626,0.482531294486025,4.86315573268112,4.73260364522773
27499500,318.28125,0.480742192365691,0.491471021201682,4.32717169087383,4.19454176959894
27602100,319.46875,0.464938759464703,0.493344778033174,3.7752659424956,3.64466595955236
27699300,320.59375,0.442895656032173,0.487531057156961,3.99372694676165,3.92432637373777
27791100,321.65625,0.416675295837244,0.475833223808406,2.71605251223492,2.6799806019256
27880200,322.6875,0.387046997882713,0.459271112242882,4.81842183888017,4.87817005068547
27967500,323.697916666667,0.35474513461309,0.43854520011632,3.82277644038986,3.95828132140781
28060200,324.770833333333,0.317587806807394,0.412085228722084,3.63162075979212,3.76841471864537
28151100,325.822916666667,0.278900611173353,0.381984856039594,3.64465301660624,3.77826466955328
28237500,326.822916666667,0.240606027986893,0.349722588499339,5.84157198845677,5.95424882481121
28324800,327.833333333333,0.201078199765726,0.31358226301735,5.03685972341154,5.09706439637403
28422900,328.96875,0.157147639047335,0.26876710513397,7.18569074703761,7.22431747905884
28520100,330.09375,0.117891724897571,0.220071178896156,6.21369859465406,6.16499517658754
28628100,331.34375,0.0915199458226073,0.161357667584826,5.28970788689756,5.20973296729844
28716300,332.364583333333,0.0972622616557702,0.110716244365778,5.29526862554732,5.21001901906865
28811700,333.46875,0.128736802789166,0.0568841015134794,6.5388719714654,6.40052462015953
28899900,334.489583333333,0.168875836120428,0.0353678107140719,4.28217600319918,4.13718357379617
29007000,335.729166666667,0.221665615121272,0.0879092082654054,5.23559158788076,5.11869500619777
29112300,336.947916666667,0.272479181737792,0.152954228179662,3.15194764874945,3.12569802902027
29198700,337.947916666667,0.311030449031029,0.205546698404213,2.57661710600395,2.62892945923508
29286000,338.958333333333,0.345790626895906,0.255946562908836,2.83875784132392,2.87049900872449
29384100,340.09375,0.378796634274312,0.30794019083092,5.07360406527257,5.2172228729927
29472300,341.114583333333,0.402411793221176,0.349665293913108,3.99917720355505,4.14810766432177
29566800,342.208333333333,0.4210133083688,0.388519104304796,6.03203873216087,6.16362694862202
29664000,343.333333333333,0.432814694952605,0.421796556997278,5.52863599670321,5.60981317534885
29750400,344.333333333333,0.437149976273434,0.44551520412965,5.45171388143505,5.48332796432908
29844900,345.427083333333,0.435512875854469,0.465074413167595,5.76552003641075,5.81441484039522
29939400,346.520833333333,0.42762463633035,0.47799506259824,7.79900776315164,7.75050423982471
30041100,347.697916666667,0.412797145584247,0.484628044198122,5.97075552181803,5.88081121340571
30128400,348.708333333333,0.395449240194116,0.48450509127115,6.49121110158279,6.3547966105078
30231000,349.895833333333,0.370436475827295,0.477807453608747,5.26498248928908,5.10916496622217
30334500,351.09375,0.341081743494328,0.464266326048842,3.33702639298931,3.18548836017111
30421800,352.104166666667,0.313824578001795,0.447843396163604,4.84351445348521,4.69320412355276
30520800,353.25,0.280930989360421,0.423958163922027,4.7055352558987,4.69909453305504
30610800,354.291666666667,0.249942563260028,0.397574513806971,3.48003171008889,3.53660866096977
30712500,355.46875,0.214843309245313,0.362556299902405,3.88850445710408,4.03461275513947
30807900,356.572916666667,0.183579012912129,0.324784409409373,4.50451094154797,4.66721947511423
30895200,357.583333333333,0.158879835163411,0.286136982823882,4.04395769874345,4.18486303119183
30985200,358.625,0.141240939777013,0.242388074434983,5.46359127912078,5.62067268735467
31073400,359.645833333333,0.13619923497895,0.196054030515547,7.43563972770841,7.52036895611874
31164300,360.697916666667,0.14608887511669,0.145651760483073,6.55424998727657,6.58847974925034
31261500,361.822916666667,0.170752954744169,0.0918241951661925,6.43883638705947,6.41181761627778
31350600,362.854166666667,0.20096090711186,0.0544214352039872,6.72947788650538,6.67246505134302
31455900,364.072916666667,0.240006058615711,0.0712331812088046,5.08675351104859,4.96311787934725
31557600,365.25,0.276607722030832,0.126050330182026,7.25130859591378,7.11444386965431
31658400,366.416666666667,0.308651251882636,0.18434964115463,5.96108043911667,5.79337821167375
31761000,367.604166666667,0.334935705940011,0.240610884069573,4.56385464473441,4.42818168955584
31858200,368.729166666667,0.353033102694877,0.28878439722706,3.09620068567761,3.00270933562319
31954500,369.84375,0.364280863135788,0.330673900762734,4.11646255933166,4.15482807896343
32051700,370.96875,0.369247467847027,0.366789093908087,2.3253375400831,2.42336067637643
32144400,372.041666666667,0.368627974607043,0.39552475108921,5.46513355619934,5.61329314735344
32234400,373.083333333333,0.36373538494796,0.418274405618773,5.7180436636391,5.89029657136235
32320800,374.083333333333,0.355741585612514,0.435510159867327,6.04494527385842,6.18728110817068
32409000,375.104166666667,0.344928294729196,0.448581123811436,4.90166867818214,5.01782023207466
32504400,376.208333333333,0.330971791529465,0.457655540361206,7.16846934997555,7.24281134855952
32600700,377.322916666667,0.315279193327585,0.461505625005499,5.61020984850142,5.62801727167753
32688900,378.34375,0.30013583104787,0.460343859431057,8.16224800979455,8.14928587131623
32786100,379.46875,0.283279725367399,0.453859859880546,7.5686378040208,7.45779114255229
32887800,380.645833333333,0.266245310506855,0.441248342312546,6.2449059038449,6.07782415565999
32990400,381.833333333333,0.250615985185641,0.422556346391318,5.14128412365269,4.97423560917081
33085800,382.9375,0.238447781403305,0.399925368482996,5.67055036466936,5.49533258864661
33191100,384.15625,0.228923385432758,0.369316168468222,4.09868546306206,3.93425436299645
33284700,385.239583333333,0.22503187697414,0.33748033229464,5.07558765780693,5.03198029640414
33388200,386.4375,0.226793005848697,0.29780977391338,4.69598917942558,4.80131444986732
33482700,387.53125,0.234337971167809,0.25839407004635,3.79252297293106,3.97998500589827
33570000,388.541666666667,0.245991024432965,0.220581669163761,3.8886349026355,4.06534010550379
33665400,389.645833333333,0.262737558351638,0.180326254701422,5.96711028593622,6.14225401858801
33752700,390.65625,0.280207012618583,0.148818669025362,5.56371847891335,5.72665431253718
33850800,391.791666666667,0.300102459155172,0.128281584726291,7.63273589806493,7.73506148228075
33940800,392.833333333333,0.316535162891082,0.131122005061672,7.98006556424807,8.01252355931378
34038000,393.958333333333,0.330262247197099,0.155496697606551,6.25775666033224,6.18967695228286
34124400,394.958333333333,0.337683759383374,0.18720677389771,6.69056176247781,6.65766445118048
34229700,396.177083333333,0.3397936656271,0.229505730278135,7.2418711118819,7.09494226366861
34329600,397.333333333333,0.334853070092678,0.268475505547252,6.74382805948937,6.57031365815232
34436700,398.572916666667,0.323168530628875,0.306548933549315,5.98846339956047,5.79234068898082
34535700,399.71875,0.308169860583175,0.337637573216896,5.48011138109414,5.34773736026524
34632000,400.833333333333,0.291599858460811,0.364055329471945,2.07517197579192,2.00078989687262
34729200,401.958333333333,0.274871270996472,0.387011547470363,4.67206173223601,4.65748553332676
34815600,402.958333333333,0.261570656317112,0.404327008433252,4.29089361200089,4.43514125614356
34910100,404.052083333333,0.250206274348944,0.419847576786262,5.23253955650048,5.42284649051731
35013600,405.25,0.242899192369794,0.432475610354805,5.69890549381266,5.8998669580919
35108100,406.34375,0.241481712959069,0.439663013215036,7.32017462857102,7.46990669368754
35201700,407.427083333333,0.24484176265392,0.442342639596288,4.67609838800976,4.78942446077178
35293500,408.489583333333,0.252077693974797,0.440400719791749,7.89486776043791,7.9937610314444
35398800,409.708333333333,0.26406859579988,0.432389158706391,7.88267378823604,7.88048768280142
35485200,410.708333333333,0.276022176516675,0.421184055797647,8.09847323167237,8.0190432573992
35578800,411.791666666667,0.290449113754914,0.404497789083498,7.460859599902,7.33552463098063
35682300,412.989583333333,0.307620679189626,0.380983420474988,6.78935290657832,6.5852775942608
35787600,414.208333333333,0.325922289684362,0.352418624445719,5.08340663463428,4.88899397064625
35874000,415.208333333333,0.341215442679593,0.326338186360278,6.31789566600992,6.11264753372562
35962200,416.229166666667,0.356659256743502,0.298276965161759,5.32669015203485,5.1826711652304
36051300,417.260416666667,0.371470978172457,0.269758970939502,4.60931801816517,4.61467255484756
36154800,418.458333333333,0.386494306980964,0.238717145622969,4.27161982164773,4.35400211873427
36252000,419.583333333333,0.396908771267512,0.214556307633201,5.22660422380496,5.43998853444062
36338400,420.583333333333,0.401725122306258,0.199807966651524,3.31895405688581,3.53474275722059
36436500,421.71875,0.400567279934693,0.193162905709712,6.55109839079753,6.76528343482164
36543600,422.958333333333,0.389819858022697,0.198804464417252,8.01978149845332,8.18108147223005
36630000,423.958333333333,0.373542463626572,0.211537921222141,7.48193622362208,7.55126545628501
36725400,425.0625,0.348195703953623,0.231325944850492,7.97653595852465,8.02666500591005
36824400,426.208333333333,0.315262033788391,0.255530963150907,7.33155520668076,7.24863411871658
36910800,427.208333333333,0.28298073213779,0.278144032248195,6.75375635068302,6.69064953127489
37006200,428.3125,0.246369764967768,0.303663065191967,8.17278739311824,8.01952284926313
37094400,429.333333333333,0.214945101203476,0.327128742480108,8.20169749341615,7.99060794441922
37180800,430.333333333333,0.190357428959357,0.349494898772118,5.7408101955941,5.52320494248693
37278000,431.458333333333,0.175287370641922,0.373315068045969,5.29046729915657,5.07592803628586
37376100,432.59375,0.177466649641899,0.395179120049057,4.30534876351497,4.24955910875845
37467000,433.645833333333,0.1940434838735,0.412775952609164,3.2798608256809,3.22777520765647
37566900,434.802083333333,0.223235559237769,0.428375574657811,4.84288479105065,4.95390652854836
37658700,435.864583333333,0.25539678594577,0.438619665199693,6.69939546940376,6.90896347620676
37758600,437.020833333333,0.292411670166217,0.444753670698273,5.86542774426698,6.07714249795487
37850400,438.083333333333,0.326183614509197,0.445473717166741,6.34169001035656,6.55798202624907
37947600,439.208333333333,0.360353668178791,0.441023701027732,7.04674998390042,7.17508670679988
38035800,440.229166666667,0.389264489091453,0.432507324004677,7.0643462532623,7.18220313610905
38124900,441.260416666667,0.416038191931528,0.419941194023075,8.35012420009449,8.39762905055352
38217600,442.333333333333,0.440990340475787,0.40321751201264,10.0373652735081,9.98344967801329
38315700,443.46875,0.463816055968229,0.382303395048055,6.96754783990445,6.79522097539638
38402100,444.46875,0.480470579456275,0.361935917378348,7.20603986626697,7.04255023163379
38494800,445.541666666667,0.49413806336665,0.338899536062108,6.57837075198249,6.34586691650716
38585700,446.59375,0.502481879840599,0.315912228474574,5.92294837916406,5.68285279901331
38682900,447.71875,0.50465117822407,0.291737526131281,5.54730302685213,5.33236577362386
38770200,448.729166666667,0.499470782513519,0.271111194349053,6.58089072268574,6.47320262271118
38875500,449.947916666667,0.482768140806977,0.248758682354511,4.20962663508258,4.37852555099428
38974500,451.09375,0.455633202962626,0.23187984965199,4.22389518860542,4.38335044659979
39080700,452.322916666667,0.414083118065551,0.220706293585188,5.123761866833,5.36810231360732
39168900,453.34375,0.370664966292135,0.218802737199834,6.33820272151905,6.58188149798514
39270600,454.520833333333,0.312663833067364,0.226208451012765,7.16333123768872,7.38170995920999
39363300,455.59375,0.255156166466349,0.241592429484443,9.98673143673136,10.1129671478215
39450600,456.604166666667,0.200343567425299,0.262208622068064,7.04469030314176,7.05915049723874
39551400,457.770833333333,0.143380251148868,0.29106618552815,8.17924741442207,8.19053347780926
39643200,458.833333333333,0.111645909238898,0.319884812220178,8.24890415513605,8.17339403492879
39738600,459.9375,0.118955391625869,0.35042414386144,8.49607978638584,8.32969464125495
39842100,461.135416666667,0.1645739335167,0.382355525873854,8.04102519448237,7.82748015644475
39931200,462.166666666667,0.215781560377229,0.407585512125854,8.14472726877187,7.89394251569987
40034700,463.364583333333,0.278177634687432,0.433075193012271,3.71723680290252,3.49138148202667
40140900,464.59375,0.340832010466578,0.453933298900065,4.65595554673891,4.50127298278034
40234500,465.677083333333,0.393042156727979,0.467240563665492,5.04897759720056,5.03191659585466
40330800,466.791666666667,0.442769576509174,0.475617494831325,4.96892174058008,5.15741768076784
40430700,467.947916666667,0.489297919734395,0.478512421241017,6.42806603536796,6.65777818878389
40520700,468.989583333333,0.526255300054374,0.476199312454823,7.83383015552891,8.08018299293664
40613400,470.0625,0.55892937122801,0.46925451141019,5.59700611735543,5.81760732851094
40716900,471.260416666667,0.588382232796585,0.456567296145631,7.30695207046007,7.49601893651799
40805100,472.28125,0.607125978106055,0.442128518064743,9.44903443814481,9.57448333876605
40907700,473.46875,0.620860222353109,0.421635373377434,8.40922269717684,8.40269733193204
41015700,474.71875,0.624903256094005,0.396147661060591,10.2410835829704,10.1551312805031
41112000,475.833333333333,0.618409507805575,0.370175996727418,7.40201907960822,7.19179991205942
41212800,477,0.600251633723285,0.339804046034037,6.85101362044403,6.63125240326893
41302800,478.041666666667,0.573403244145886,0.310233515026621,7.25857135931949,7.00296372935076
41398200,479.145833333333,0.53354060934097,0.277317606345726,7.53335484520241,7.28862494867243
41500800,480.333333333333,0.477829787385113,0.242605193318882,4.50314441131613,4.33736811132424
41598900,481.46875,0.413355952512637,0.214558125106424,6.15190750843464,6.18178073357431
41696100,482.59375,0.34088105299777,0.197957866255033,4.08712046618066,4.30787512390554
41790600,483.6875,0.265209463654383,0.197820977075987,4.34185376109642,4.59229796301238
41893200,484.875,0.182358335641233,0.216448886047403,6.82752769178035,7.0985406617054
41998500,486.09375,0.110056678278378,0.250530269721068,8.7188691123786,8.94275183001178
42094800,487.208333333333,0.0941844937041967,0.288777664766431,8.03583243821588,8.23251340137785
42195600,488.375,0.147076100155638,0.331223210529293,9.27387451940412,9.33710932839887
42301800,489.604166666667,0.226942587382072,0.37514705421522,7.9568205163488,7.95586235849336
42408000,490.833333333333,0.309790585602339,0.415943978767064,8.50674631114207,8.45958908266913
42498900,491.885416666667,0.378856180218561,0.447225522393638,10.942849385628,10.7615444588606
42596100,493.010416666667,0.449162139022183,0.476186068575722,7.22244081314758,6.95565214699305
42686100,494.052083333333,0.510068117044666,0.498381865831819,7.49028661589893,7.20718637313245
42778800,495.125,0.567772645505983,0.516243328486878,5.58984316975934,5.33886531287174
42872400,496.208333333333,0.620027409886168,0.52887573802177,4.63397951380717,4.45138441593903
42959700,497.21875,0.66254352653836,0.535620671801616,4.13631988265643,4.0052863860819
43056900,498.34375,0.701897315154744,0.537331761641463,7.35352403870758,7.45844849625823
43145100,499.364583333333,0.729524101741265,0.533587324288687,6.26450086715995,6.54346613138428
43239600,500.458333333333,0.749778316655371,0.524004713667102,6.30665194877423,6.59787077773091
43328700,501.489583333333,0.759350494781926,0.509703854614539,7.02162680024561,7.29228404324754
43415100,502.489583333333,0.7592623295199,0.490932073477713,7.72071794242303,7.95383391165825
43506000,503.541666666667,0.74872712581623,0.465911303343606,7.28758107298783,7.47929970612776
43596900,504.59375,0.727093862475578,0.435440887322067,11.0667606005924,11.1966347050711
43693200,505.708333333333,0.691820805990077,0.397316986504278,10.0108886472284,9.94367526586582
43779600,506.708333333333,0.649414502703096,0.358393141082514,8.68802731053785,8.58625480756376
43866900,507.71875,0.596666543998934,0.315427192406283,8.28784076667002,8.10433080745729
43966800,508.875,0.525299769450405,0.264002507875535,8.21743710862544,7.9622516946269
44069400,510.0625,0.442173688699533,0.213558649814572,6.44531572386699,6.15679267705366
44172000,511.25,0.353032157981668,0.174977014577077,8.8018103350072,8.52320046671043
44265600,512.333333333333,0.27184337419254,0.161896424539375,5.56804063487404,5.49018123276327
44361900,513.447916666667,0.198564842271503,0.176793591726923,4.43286762324125,4.47805004416587
44449200,514.458333333333,0.159422768156702,0.209288864499816,4.38611570982987,4.54630270638626
44541000,515.520833333333,0.169523437010673,0.253374123699509,6.2368593954658,6.50768567032318
44636400,516.625,0.225978051766475,0.302988750158541,5.39215755986697,5.69896514713856
44738100,517.802083333333,0.307011400444676,0.355747300611804,9.9552070754367,10.250767728954
44827200,518.833333333333,0.382812006488429,0.399928040845937,9.36180152827371,9.54955672834263
44924400,519.958333333333,0.465306683445716,0.444824719000583,8.41820224368778,8.5408694066202
45010800,520.958333333333,0.536412903143321,0.48127157769112,8.45062822567455,8.53932535894823
45107100,522.072916666667,0.611733886727967,0.517573243937051,10.3784018204418,10.3323335539484
45205200,523.208333333333,0.682854247886299,0.549375414454046,8.78717136836668,8.68029099974497
45300600,524.3125,0.745197975829746,0.574738489187463,11.0006165802632,10.7620654029311
45396900,525.427083333333,0.799772322317336,0.594131546266034,7.69083254469687,7.37803496416331
45488700,526.489583333333,0.842466432159386,0.606153817881725,5.73968220810876,5.42879345158247
45582300,527.572916666667,0.875123239842569,0.611253897619705,5.79550040996793,5.4910909984161
45670500,528.59375,0.894655691434107,0.608918612982124,6.37836956429429,6.24897749760186
45764100,529.677083333333,0.902487598621239,0.598441312538089,4.45019086060517,4.46792465930835
45865800,530.854166666667,0.895275036318353,0.577454375253077,7.53750639693707,7.75313898357056
45962100,531.96875,0.87321394910639,0.548371446422855,7.10528705880545,7.42724592634869
46053900,533.03125,0.838715853795649,0.512582631555834,6.51511054562315,6.81871903152495
46144800,534.083333333333,0.792287342094259,0.469922666830969,7.10152045883615,7.41339315546814
46251000,535.3125,0.723983900715115,0.412132279729013,10.2347902794321,10.4333000533805
46339200,536.333333333333,0.657338511765412,0.359033614063522,9.24240767662864,9.38897490522684
46430100,537.385416666667,0.581314389437083,0.301461335327763,11.4143058040063,11.4279109865456
46524600,538.479166666667,0.497352164520345,0.241788059895724,10.0176613753716,9.89354177798746
46623600,539.625,0.408873439026226,0.185918320270967,7.58766415730731,7.38155630817643
46716300,540.697916666667,0.33270142541547,0.15101255642708,9.21338330863909,8.99714410234675
46815300,541.84375,0.271628000519137,0.148175227135956,8.7142538186148,8.383763140646
46905300,542.885416666667,0.250371578302814,0.176747280307786,6.95829480514493,6.63233303579216
46997100,543.947916666667,0.271020843215349,0.222721833863662,6.83738843937391,6.62382709017343
47084400,544.958333333333,0.321676999017957,0.272507330882623,5.6572230566739,5.64556646104366
47170800,545.958333333333,0.388239627379846,0.323099066927841,4.46268882172863,4.67724951468334
47258100,546.96875,0.463017627735821,0.373486499095787,4.33806720028892,4.49206702570427
47355300,548.09375,0.549124345408916,0.427505816482349,8.43417354438416,8.75957852268301
47459700,549.302083333333,0.640842822830735,0.482273336098119,7.99407497460717,8.32411113754324
47550600,550.354166666667,0.717823228738064,0.526701858028692,9.55849455014116,9.83618596869433
47648700,551.489583333333,0.795990809389519,0.570626560982487,9.97658444352931,10.1618362021826
47744100,552.59375,0.865237652055445,0.608494036237775,8.3153775499506,8.37202503354061
47848500,553.802083333333,0.930859591837042,0.643086301028484,10.8560626260844,10.9173600155596
47944800,554.916666666667,0.97942235659318,0.66709051769762,11.4044725549713,11.2506975369048
48044700,556.072916666667,1.0150097769769,0.682249166544928,9.77564955519086,9.52738236485659
48133800,557.104166666667,1.03217387677894,0.68612887805306,8.34726506581472,8.02683433764923
48227400,558.1875,1.03414666473834,0.67952559808988,7.85157760977283,7.50509439882594
48316500,559.21875,1.02035151138989,0.662768718081805,4.51691162395256,4.20178035832592
48402900,560.21875,0.992738704616442,0.636984322755396,6.64264442543393,6.34080595110437
48502800,561.375,0.944610977147446,0.596332181553575,7.10392916812064,7.13333442613266
48608100,562.59375,0.877407825993657,0.542547394178863,6.56176774021699,6.81719273086666
48699000,563.645833333333,0.808208575296859,0.488832577716764,6.17878022281521,6.51769314679089
48790800,564.708333333333,0.730360859570518,0.429593909388753,8.17680784628758,8.53225804318781
48882600,565.770833333333,0.647369170944396,0.367403959374381,6.86346158144162,7.16918605430324
48977100,566.864583333333,0.560297638956711,0.302996223564707,9.93808366791582,10.2525602720956
49071600,567.958333333333,0.476717901758066,0.242086356202745,11.7060320627027,11.8701107218198
49170600,569.104166666667,0.401190347882327,0.189193954492375,10.9403057949284,10.9514964853869
49258800,570.125,0.35424714060391,0.161650168267536,9.40856156491921,9.34609787804727
49364100,571.34375,0.33714687396881,0.165588226899958,10.6018681907039,10.4025849721131
49457700,572.427083333333,0.361743053688754,0.19881759629377,7.65207120247621,7.40126655478737
49551300,573.510416666667,0.415805307226873,0.247013814102101,10.157400922407,9.82874910826693
49654800,574.708333333333,0.495979920605712,0.307513806636237,8.58252558757449,8.23758319666166
49741200,575.708333333333,0.571113983632417,0.360025081197062,6.43658991054421,6.22755493382005
49827600,576.708333333333,0.649195522881531,0.412801231343222,4.1942087652023,4.0598146898429
49924800,577.833333333333,0.737269726722619,0.471503978318313,6.34507448647074,6.46489203710525
50022900,578.96875,0.823757487056352,0.529153761657548,4.73319522441022,5.02128668786186
50114700,580.03125,0.900355506545534,0.580707998951757,7.94810991065602,8.28165124854308
50205600,581.083333333333,0.969983923220816,0.628292004584269,9.85137441282839,10.2194433474766
50292000,582.083333333333,1.02834552662437,0.668939725142299,10.4348109334721,10.7242476738983
50390100,583.21875,1.08255619001796,0.707632456361607,8.16736939092479,8.41387741686087
50487300,584.34375,1.12050408859297,0.735746021928704,11.1531600954522,11.2972131880041
50582700,585.447916666667,1.13971199525719,0.751202767206224,9.61071335232112,9.64603752845521
50669100,586.447916666667,1.14013518365644,0.75347919325759,11.8182368601505,11.7642314711362
50756400,587.458333333333,1.12372606862516,0.74393236766602,11.7883739035636,11.5779538592278
50853600,588.583333333333,1.0863344350716,0.71966289625018,9.54975701217141,9.19726656867417
50949900,589.697916666667,1.03151631566638,0.682810669450427,6.57692938294149,6.22205686398368
51037200,590.708333333333,0.969070276058682,0.640140194826189,8.30907896924909,7.93149508057645
51129900,591.78125,0.892477398840407,0.587278922318192,5.75814277208575,5.46436527282401
51220800,592.833333333333,0.810169962181451,0.529988792791415,6.55835940711239,6.41028528836686
51318000,593.958333333333,0.717923437571563,0.465049538304763,7.40581319690855,7.53339558967854
51415200,595.083333333333,0.625571719186912,0.398649288667093,8.05787175401716,8.42152170286083
51508800,596.166666666667,0.541588980554037,0.335691044464984,5.20150431090244,5.59081144660223
51607800,597.3125,0.465450338066877,0.273379415293646,9.22727830186251,9.61233400386708
51700500,598.385416666667,0.415130090951086,0.223628200534607,9.55106975781067,9.87960913057269
51804000,599.583333333333,0.394330595097894,0.187018854822085,11.0967394782633,11.334446740664
51891300,600.59375,0.409903945950416,0.180468131907646,12.2849888782618,12.4044810018316
51991200,601.75,0.45969912077186,0.20299434327543,10.950446096413,10.8396590887522
52084800,602.833333333333,0.527475467375502,0.245358895483911,9.03753637394692,8.96000536998161
52178400,603.916666666667,0.606897094798913,0.299386124050271,11.1261437765242,10.8893588731674
52269300,604.96875,0.689483484091598,0.357875094358931,9.80866729519073,9.46321368116014
52371900,606.15625,0.78453533142655,0.427535186079362,8.55892111250002,8.16220546828122
52463700,607.21875,0.868246895947543,0.4911229478377,8.48841291183278,8.1390219762135
52560900,608.34375,0.952840277106001,0.557932004507942,5.56423527019942,5.54361068230085
52657200,609.458333333333,1.02988526289899,0.621646434629749,4.1475854112064,4.08490457797227
52749000,610.520833333333,1.09432076816117,0.677953845321577,7.02892860301999,7.23413797325828
52851600,611.708333333333,1.15230721837619,0.732821392339699,8.34729227488217,8.72229307366385
52938900,612.71875,1.18692436532177,0.770229218693999,8.52919024350432,8.93359271268446
53035200,613.833333333333,1.20638835356174,0.79894262648056,10.9452728138876,11.3173876557871
53134200,614.979166666667,1.20369002007562,0.812565283805338,9.86058735630547,10.0728214149849
53228700,616.072916666667,1.17905702517961,0.809591760538438,9.61875226287922,9.86125683531969
53317800,617.104166666667,1.13719294697901,0.792893184203368,12.1772804413479,12.2791331477323
53404200,618.104166666667,1.08149298313263,0.765123234691109,12.8993535259598,12.8334982099648
53498700,619.197916666667,1.00684055058578,0.723849821017394,10.6457895599836,10.4333159506275
53596800,620.333333333333,0.918309461892029,0.671681831374497,11.179063893092,10.8597889282138
53694000,621.458333333333,0.823805759303486,0.613303383026693,7.34470679047994,6.93399789385541
53780400,622.458333333333,0.737553263838815,0.557657856217244,7.07100772767733,6.66244525666258
53867700,623.46875,0.651539043360476,0.499187323884485,7.96578314752921,7.58472170147957
53964000,624.583333333333,0.562511197938394,0.433328744013366,8.02627108882887,7.89425940378561
54062100,625.71875,0.484917932516802,0.366109942748106,5.95892474666029,6.15978143985386
54170100,626.96875,0.426321136516722,0.294218400341325,8.05012685373471,8.38245671510603
54274500,628.177083333333,0.408887630044314,0.231357925321889,7.02489627410815,7.44709229886806
54361800,629.1875,0.427718116400552,0.190996737660003,7.80030428349712,8.2233806908353
54450900,630.21875,0.473838996461994,0.172710120470013,10.9911502197808,11.3826393139397
54548100,631.34375,0.545612069606612,0.189365414657177,13.2743694651201,13.5177131384779
54643500,632.447916666667,0.628727084186557,0.236823684355148,10.470550010162,10.5874442251025
54731700,633.46875,0.710931182689399,0.296449625268474,12.3286584950233,12.3417846785088
54838800,634.708333333333,0.812365425242316,0.378792613183201,9.88921769424176,9.73205838988638
54930600,635.770833333333,0.897335872617259,0.453099753646341,10.5997798403229,10.3896287849424
55024200,636.854166666667,0.979327593001427,0.529290142657817,11.6455563805959,11.2998147928466
55121400,637.979166666667,1.05673235014139,0.606206456170984,10.0106365468768,9.58633289586476
55227600,639.208333333333,1.12865994538066,0.684441306689308,6.14421926461206,5.7574551816635
55316700,640.239583333333,1.17569584166124,0.742680833787447,6.87009415527808,6.6647627841013
55411200,641.333333333333,1.20914800090805,0.794282180807913,4.9952358260389,5.05417871565564
55498500,642.34375,1.22260057642046,0.83039934810055,5.96875610149582,6.17246499009741
55591200,643.416666666667,1.21678099042862,0.854713273991282,8.91689088938353,9.25919816364117
55679400,644.4375,1.19159673471724,0.86348585916685,11.2650520048601,11.7037015129737
55779300,645.59375,1.14121713115096,0.856661938142189,8.59221304211736,8.9818610404782
55871100,646.65625,1.07717668395977,0.83600712922401,10.9192581055016,11.2605714535717
55962000,647.708333333333,1.00053573586975,0.803979333945135,10.8263730215898,11.0644030283797
56052000,648.75,0.915320181930616,0.763058263249806,11.3267334754633,11.4681598375402
56151000,649.895833333333,0.815021304292271,0.709785206555523,13.6570539744059,13.6676387232595
56244600,650.979166666667,0.717689586417258,0.653255063661921,13.3250917692633,13.0689452670998
56349000,652.1875,0.610930491390639,0.584629149707769,8.96472975317839,8.64624016517366
56442600,653.270833333333,0.521817050934365,0.5189223828849,9.37577927139119,8.96716207296093
56530800,654.291666666667,0.449583181608905,0.453848789112123,8.41144006871034,7.96453315642133
56632500,655.46875,0.391043581052475,0.375598798275499,7.09363321080632,6.70400133033187
56738700,656.697916666667,0.372570183499932,0.291641003828148,8.89367578141095,8.72799063340782
56836800,657.833333333333,0.399695058879949,0.215664467922571,7.67102035433136,7.97712194064013
56923200,658.833333333333,0.452317781184447,0.15825863786332,5.72400972254474,6.113094357144
57023100,659.989583333333,0.534292444944762,0.13008252977794,7.84523044616123,8.2855267163653
57127500,661.197916666667,0.632277880786621,0.17188879629348,10.1288539205487,10.5794348314519
57225600,662.333333333333,0.728053687407743,0.24931172880789,10.3892950774456,10.7907111298174
57323700,663.46875,0.82239624460778,0.338788837254282,14.3764942427169,14.647587079436
57419100,664.572916666667,0.909297304442397,0.428721088434144,11.804609846313,11.8483443631613
57508200,665.604166666667,0.983619875242055,0.511714706605841,10.6339627480047,10.6573673861057
57606300,666.739583333333,1.05517858727999,0.599190371549736,11.9389492066728,11.8347786433513
57692700,667.739583333333,1.10708698778977,0.670799612516266,12.3099820678615,12.0190251810921
57798000,668.958333333333,1.15330240084842,0.748535376290652,10.4044122320783,10.0144987148055
57891600,670.041666666667,1.17608884717649,0.806467202860499,10.9761664783397,10.5129666861835
57982500,671.09375,1.17980547340296,0.850663696602279,6.52687085658128,6.19481782085244
58068900,672.09375,1.16558614016085,0.880294918981532,5.12285865620189,4.83918161318487
58171500,673.28125,1.12637993185633,0.898835358155504,6.69173521488308,6.59822554512122
58264200,674.354166666667,1.07169999588519,0.900073477932796,8.36264980278476,8.64893201618282
58359600,675.458333333333,0.999231380091205,0.886944868853369,7.82960697183192,8.25655138934219
58453200,676.541666666667,0.915658435565881,0.861427318203716,11.5481048807326,12.0227715812306
58539600,677.541666666667,0.830697037707683,0.828288263718554,10.6221618425423,11.0275262242234
58629600,678.583333333333,0.73721586662656,0.785401734303386,9.5112855605553,9.87067203016817
58729500,679.739583333333,0.630947224565429,0.729175278499584,12.1307995468469,12.4492741600853
58824900,680.84375,0.530669624603169,0.667984542170786,14.3417486034037,14.4385353252758
58924800,682,0.432226575565948,0.596706765467395,12.2303909787614,12.1887495474224
59011200,683,0.35945369859578,0.529440534495569,13.4423380279883,13.2170806380827
59103900,684.072916666667,0.306345031524181,0.45177031104855,10.3227672608261,9.93808819304831
59198400,685.166666666667,0.294652404647349,0.367229615040435,8.28429771554543,7.86308847096719
59288400,686.208333333333,0.327991007165841,0.28266242179457,9.67035688387941,9.2018778777458
59375700,687.21875,0.390859796891952,0.19906778165398,9.97343428652415,9.56988866295253
59463000,688.229166666667,0.470331885541524,0.121220980240681,6.66670389341026,6.48073982099003
59555700,689.302083333333,0.562591821321826,0.0851225458212646,7.56556983554948,7.62384002136105
59651100,690.40625,0.65897509423396,0.146879444441503,7.69099238649652,8.075536175328
59745600,691.5,0.751141520338571,0.240886652320386,7.0300843951349,7.50576321718964
59842800,692.625,0.838869670756078,0.342523837912003,8.78125440437962,9.26177559145888
59949900,693.864583333333,0.923747487794042,0.452418221596398,13.4559834123873,13.8974335923125
60037200,694.875,0.981617614038841,0.537595531602216,11.9468290869092,12.2750433094425
60131700,695.96875,1.03094999175934,0.623397571395262,13.1476209319433,13.3667765168785
60246000,697.291666666667,1.06988905375099,0.716016054672649,12.2797862855565,12.2978731818106
60336000,698.333333333333,1.08315541136171,0.778759176948123,10.7437596920335,10.6714207120278
60433200,699.458333333333,1.07930498051856,0.834984150504651,13.9315430911164,13.7336972170392
60521400,700.479166666667,1.05923114114437,0.874580653578274,13.0877707618763,12.6535468718939
60608700,701.489583333333,1.02423297208424,0.902320465968374,9.2073894622516,8.71673353201677
60705900,702.614583333333,0.968874851289383,0.9193384144574,8.12501323520389,7.6462290022011
60800400,703.708333333333,0.900642696603569,0.921914112548399,7.04590096586437,6.72140854623379
60887700,704.71875,0.827331903588088,0.912515457448301,5.20837369326362,5.11212576791747
60976800,705.75,0.744774174745377,0.891996701133485,7.26942393770291,7.26985182103991
61063200,706.75,0.659513790516037,0.862368897941005,10.800390330446,11.1755265754847
61172100,708.010416666667,0.548072599887886,0.812583162786872,9.63468977151818,10.1443929909765
61271100,709.15625,0.44652610110176,0.756339280269714,9.9750527182812,10.4680665144941
61368300,710.28125,0.351610140008432,0.691773886913122,11.6695175817804,12.0930765074863
61466400,711.416666666667,0.270294134908924,0.617910694234908,11.0431624468762,11.3594308819101
61555500,712.447916666667,0.225902265163,0.543833710228727,14.5411560493587,14.7974635487646
61652700,713.572916666667,0.232016539503053,0.456246819178997,15.2550935772235,15.206371489645
61739100,714.572916666667,0.282733697383692,0.373526724681957,12.186452840038,11.972474268017
61836300,715.697916666667,0.367397678866768,0.277341310094559,10.8738976007165,10.5714733321548
61943400,716.9375,0.473358776326718,0.17538642481336,11.0335160127777,10.5768523762118
62029800,717.9375,0.560009246519237,0.118092085217818,8.27261865300549,7.76501910228564
62126100,719.052083333333,0.652526614291127,0.136087019918073,10.2021915882928,9.70667203389461
62223300,720.177083333333,0.737648856889992,0.219503667333001,9.16201065498152,9.00956297835599
62325000,721.354166666667,0.814366258684544,0.322735319071573,6.54642557519606,6.77405199936361
62421300,722.46875,0.872918803475217,0.420665703838037,6.1920198073589,6.52999282117903
62513100,723.53125,0.914493312325235,0.509767516704243,9.45497606526202,9.94323030580823
62618400,724.75,0.94408620658366,0.604266350900241,9.37223535665166,9.90100978643344
62705700,725.760416666667,0.953737019116631,0.675157942538983,13.3568695168994,13.8633426415598
62812800,727,0.947450086459138,0.751812507488382,14.1176679269547,14.4328060752019
62900100,728.010416666667,0.928154686759457,0.805174649536257,11.9817036708285,12.1489684510474
63004500,729.21875,0.889535035074018,0.857320863620277,12.8185706999925,12.9498401983506
63091800,730.229166666667,0.845466725452311,0.8904343916615,14.0537010034174,13.9563790575215
63181800,731.270833333333,0.790268748550812,0.913920245985017,12.2228423855754,11.995910139151
63275400,732.354166666667,0.724121852089088,0.926383883424691,13.6432702797238,13.2322448565473
63361800,733.354166666667,0.656941487082273,0.926861309907538,11.3555894486435,10.826853266403
63448200,734.354166666667,0.585733054718333,0.916815999729805,7.35706508050836,6.8584671610189
63534600,735.354166666667,0.512502009220303,0.896536391767806,6.18054293521456,5.68368102050065
63621000,736.354166666667,0.439683714257573,0.866483827904868,8.45109056155201,8.16907825338255
63719100,737.489583333333,0.361896881026729,0.821250936483791,7.15847120791039,7.30695185397926
63820800,738.666666666667,0.295427435443383,0.762874180775462,9.25881913095973,9.63023755108876
63915300,739.760416666667,0.259832366042677,0.699164523716058,11.3950004480314,11.9306345097028
64007100,740.822916666667,0.261766427471918,0.629562676159174,10.7058459689616,11.2195979162161
64098900,741.885416666667,0.299653758972707,0.553526251573055,9.37404133256619,9.88413677561973
64197000,743.020833333333,0.366607733424849,0.466928635560633,14.3416680857292,14.7532305778502
64291500,744.114583333333,0.44383231023075,0.381034494911844,13.9687491993354,14.1987849400482
64387800,745.229166666667,0.526360273687189,0.296258170856514,14.7674810385147,14.8380204026384
64485000,746.354166666667,0.60737547653534,0.225218412919244,14.3518194682164,14.1760967451525
64582200,747.479166666667,0.681254788250303,0.192942961163173,10.6404984426011,10.2729254314913
64681200,748.625,0.745047082664516,0.220468595234057,11.061385172698,10.6934362253533
64777500,749.739583333333,0.792890139049615,0.288082148317568,11.9104677010315,11.3669750602158
64872900,750.84375,0.824483634627091,0.370188526020625,8.95285167563791,8.45015149112252
64962900,751.885416666667,0.839148970499594,0.450352975238724,8.18397082469699,7.87510943254567
65061900,753.03125,0.838642141206474,0.535999705574315,8.38743212302134,8.47483572928791
65153700,754.09375,0.823786598866251,0.610589324600996,6.63375943926988,7.07731222470789
65241000,755.104166666667,0.798396433121741,0.676044811124224,6.85859993032649,7.2737214783315
65348100,756.34375,0.754822970522758,0.747978939601547,12.3738983645402,12.9324734769651
65436300,757.364583333333,0.710881597129652,0.799470582083628,12.8786632284513,13.4109467095378
65522700,758.364583333333,0.662732048431417,0.842321695662239,12.9748793043764,13.4229321289648
65617200,759.458333333333,0.606401801824362,0.879641858144704,14.408323778633,14.7197803316711
65703600,760.458333333333,0.553543733021723,0.904195586693563,12.7838514801323,12.9016804829056
65800800,761.583333333333,0.495158768590715,0.92007465176073,12.8205870262905,12.9386025421633
65906100,762.802083333333,0.437135712886761,0.922624676632736,15.6941485520439,15.5034853303448
66002400,763.916666666667,0.393517859274013,0.911501225685925,13.2470151390286,12.8180074464131
66088800,764.916666666667,0.366503634376754,0.890865448562839,10.6145677519736,10.0947893460313
66179700,765.96875,0.354688471192244,0.858867660098098,10.0501424319049,9.48189249853706
66270600,767.020833333333,0.362335643570377,0.817158351683125,6.84733875293204,6.39341580879894
66362400,768.083333333333,0.389045797573336,0.766231066776597,6.75450055688862,6.32023208820878
66459600,769.208333333333,0.434074644231321,0.704007880440339,9.6340783312624,9.61640983105263
66554100,770.302083333333,0.489140435085262,0.636839128615821,10.2734562441579,10.6922352396089
66642300,771.322916666667,0.546181279529799,0.569754267980867,9.37495675234461,9.93763059754663
66730500,772.34375,0.605015120367157,0.500238127666283,10.7629202298123,11.3447980452705
66817800,773.354166666667,0.661794196748639,0.431459222299709,11.8402890632774,12.3733392596772
66906000,774.375,0.714562747633292,0.365783354616382,11.2248217903361,11.7296954195247
67005000,775.520833333333,0.76449483391849,0.304483838440307,15.7639349311049,16.1568652410919
67107600,776.708333333333,0.801701298169904,0.269019388321551,16.3970340067125,16.4965088085851
67196700,777.739583333333,0.819158525116887,0.272417188373199,13.0512454649945,12.9538099290523
67284000,778.75,0.821316968605356,0.305917920627139,13.3120426141678,13.136724673909
67377600,779.833333333333,0.806835738266571,0.364085205200568,12.2100816330493,11.8085278943753
67469400,780.895833333333,0.77676308142847,0.432403975553448,10.5893537455371,10.1199806629893
67566600,782.020833333333,0.730314689982211,0.508845940751086,11.9636721951047,11.3801071324192
67659300,783.09375,0.675396766882539,0.581201651582362,10.7488191355192,10.2960176366299
67756500,784.21875,0.610897437098545,0.653571969808582,6.57129601513417,6.520314280839
67847400,785.270833333333,0.5483113058307,0.716152194128994,6.67637521294967,6.74210810486937
67937400,786.3125,0.488362823819638,0.771812175516166,8.62543381499487,9.03961590038545
68024700,787.322916666667,0.43633072161748,0.818617042269339,8.56424159260845,9.10029089355159
68121000,788.4375,0.391318237323473,0.860776753803349,12.0438720431738,12.6375668956984
68208300,789.447916666667,0.366554879186675,0.889442898767705,15.3212994891683,15.8857105347248
68294700,790.447916666667,0.360230062722447,0.908190213675322,13.9718964699933,14.3704457989608
68399100,791.65625,0.376873741360599,0.917553803759517,12.7180324010105,13.0770559648493
68497200,792.791666666667,0.412571465734119,0.913050696080113,14.8242174524812,14.9766054576221
68586300,793.822916666667,0.456821721035786,0.898166286502011,14.1960739598671,14.1854960850984
68673600,794.833333333333,0.507163349262996,0.87426461390806,15.090904102434,14.912740535494
68760900,795.84375,0.561563064549018,0.841986908120516,15.2496397001602,14.818719759817
68853600,796.916666666667,0.621391250234432,0.799651440210925,10.5892123786429,9.99703258948761
68950800,798.041666666667,0.684200339988851,0.747713461071673,8.2336141352194,7.63865817092416
69037200,799.041666666667,0.738349231553944,0.69625048151604,9.13684308574849,8.5762867865352
69127200,800.083333333333,0.791253721426766,0.638506554388855,8.00036543332457,7.7044673196925
69224400,801.208333333333,0.842022496162947,0.572763432846968,8.30283890564101,8.33848762823116
69313500,802.239583333333,0.880265537665051,0.510872394270356,10.8674311427536,11.2385208173875
69418800,803.458333333333,0.911622099781522,0.438482514197872,11.025992907528,11.6422702846429
69516000,804.583333333333,0.92368316759125,0.377007234152317,9.28139200625089,9.90110786714744
69602400,805.583333333333,0.918251819321563,0.333118536215305,13.0541060139909,13.6525998508388
69694200,806.645833333333,0.894158484607425,0.306997487132297,14.7280282212097,15.2104630616772
69782400,807.666666666667,0.852901809263958,0.309914029227567,15.0281210617079,15.373276729428
69873300,808.71875,0.793034311404933,0.342408042767445,16.9481462491583,17.1037572134863
69970500,809.84375,0.712749757468875,0.401443557268298,14.4845325021196,14.3174627000458
70076700,811.072916666667,0.61175867887321,0.481038725953509,11.8121817662694,11.6146006013794
70171200,812.166666666667,0.516834059049343,0.556090196338213,13.8758391256811,13.4675228286948
70270200,813.3125,0.420578421791008,0.633089260924412,12.3379149360236,11.73683377809
70356600,814.3125,0.348117560022875,0.69593798519305,9.9398738653853,9.32458230703576
70444800,815.333333333333,0.297292847551214,0.753966865463893,10.0377207550382,9.57379315888323
70532100,816.34375,0.282721784916246,0.803964919292951,8.1820940949827,8.20340189318987
70628400,817.458333333333,0.311512520460355,0.849362000915728,5.50267324675013,5.71941107018521
70725600,818.583333333333,0.374219266444928,0.883927285416287,9.25074273178422,9.62528127678937
70812000,819.583333333333,0.444381040813317,0.904736891210531,12.4777800530267,13.0742634016993
70903800,820.645833333333,0.524868739032591,0.916514996924501,12.6693106833311,13.3008522227594
71007300,821.84375,0.616935651535853,0.917294015747849,14.7860490943282,15.3571006860501
71106300,822.989583333333,0.702845063965757,0.906295815484599,14.3102020519431,14.6708153376739
71195400,824.020833333333,0.776570515031083,0.887374596971989,12.622315845107,12.9370590071738
71293500,825.15625,0.852367761776165,0.857674910410035,16.2955074117249,16.4726993581406
71399700,826.385416666667,0.92647273551557,0.816310950624945,16.6957619696258,16.5006963530417
71489700,827.427083333333,0.981393014014197,0.774678515794743,13.3874385050761,13.007394825937
71576100,828.427083333333,1.02593872758766,0.729615695712263,13.2344403964105,12.7057902058117
71670600,829.520833333333,1.06370218886624,0.675022771092866,9.83320079101843,9.19483191480451
71762400,830.583333333333,1.08730304180078,0.616980184421568,7.58622441043154,6.95108590545738
71851500,831.614583333333,1.09561227878282,0.556356916867896,9.56188971596804,9.02294695606765
71957700,832.84375,1.08360740514719,0.48014957739146,10.7179660865215,10.7538223477359
72055800,833.979166666667,1.04869142659023,0.409884850934612,8.8264287235437,9.27383174919323
72162000,835.208333333333,0.983464022068692,0.344045820098774,10.9360687396776,11.5395788414065
72260100,836.34375,0.89857528873537,0.308811144474363,11.1712739558154,11.8233745102319
72350100,837.385416666667,0.802605088437257,0.311953302948436,11.4392510849257,12.079421363266
72439200,838.416666666667,0.694795248525981,0.34946715547723,15.9263121366591,16.5111790071167
72540900,839.59375,0.563381209776812,0.420164124727628,17.6353449035685,17.9456684407678
72638100,840.71875,0.439207874982378,0.500011058454067,14.6185493231538,14.7433637898903
72724500,841.71875,0.342050410405473,0.572572878624559,15.3159817108434,15.2848834452195
72821700,842.84375,0.271682253890037,0.650538118689967,13.540386730906,13.2729343355053
72909000,843.854166666667,0.269732398092353,0.714506957311844,12.5453886754395,12.1792162487399
73006200,844.979166666667,0.333074654027975,0.777152451304865,14.501796817308,13.932057312944
73116900,846.260416666667,0.446779595737336,0.836156075218266,11.2825042815526,10.6765963028996
73205100,847.28125,0.54768102595131,0.873258421386808,7.25952360021947,6.81312718176681
73305900,848.447916666667,0.664196636495084,0.904739538921544,7.78415368955171,7.64023167167893
73403100,849.572916666667,0.773384228695587,0.924171658396983,7.98832125960195,8.29127797445388
73493100,850.614583333333,0.869437138584518,0.932858513227771,8.63306426918184,9.09935851526932
73594800,851.791666666667,0.970210450423356,0.93234293837622,13.9549776470916,14.5880300702165
73706400,853.083333333333,1.06915373660204,0.919806529139622,14.7618314232792,15.3797805067608
73797300,854.135416666667,1.13912200812829,0.900813149100423,12.9543085314433,13.5051390184324
73891800,855.229166666667,1.20020664060443,0.873030171220959,15.0499881737932,15.5012495844727
73988100,856.34375,1.24860002190286,0.836409005022946,15.3593270981514,15.6113634530788
74083500,857.447916666667,1.28096767341245,0.791759996114867,16.0703134716338,16.1805968916108
74169900,858.447916666667,1.2952888994668,0.743914382780898,18.1990820984335,18.016921212959
74258100,859.46875,1.29357837293912,0.687615538504567,14.5864583215674,14.0963376497997
74344500,860.46875,1.27437303978547,0.625252036779258,10.4986734532429,9.93604189021973
74441700,861.59375,1.23040133000494,0.547548933726986,10.8989882103011,10.251013477855
74538000,862.708333333333,1.16246187248658,0.465698479297627,9.76734559872597,9.13531189509557
74628900,863.760416666667,1.07634143492701,0.390131507986818,8.41162556472021,7.95403564667147
74722500,864.84375,0.967401806975911,0.326007336597049,10.8469758801795,10.803015298101
74829600,866.083333333333,0.823068424642833,0.293538276986859,11.0725299546997,11.6255796712211
74926800,867.208333333333,0.682103804244233,0.316956836454104,8.87374667082463,9.54145700422964
75022200,868.3125,0.545653038115659,0.378147324502949,11.8610223873042,12.5484139471334
75122100,869.46875,0.422962229577686,0.461126262934407,14.6392478309347,15.2929181981585
75213000,870.520833333333,0.355137954239425,0.540549565678734,15.3481084635316,15.9200457728793
75304800,871.583333333333,0.355301029998292,0.618050797095625,18.4466489797835,18.8306717599816
75398400,872.666666666667,0.422214044773387,0.691023251954272,16.3934314271753,16.4595508609532
75489300,873.71875,0.523506996721425,0.754555390379653,13.231552760638,13.2105976816496
75576600,874.729166666667,0.634713355749561,0.808193592010152,15.3493399594615,15.207237160079
75663900,875.739583333333,0.749910284972621,0.854429466808159,15.4754113930661,15.0360352772752
75751200,876.75,0.86423949482188,0.893248170864422,12.8261274508028,12.2200752940476
75855600,877.958333333333,0.995865803056293,0.92995339806808,12.497585128169,11.8044752429731
75942000,878.958333333333,1.09826449996754,0.952290493667216,9.93126969187694,9.4512550652326
76029300,879.96875,1.19386422883064,0.967341485493141,6.08704425335086,5.93446559004691
76128300,881.114583333333,1.29058836816008,0.97498874958003,7.56660280219851,7.51217618944335
76228200,882.270833333333,1.37323074049527,0.972110520469851,11.4811285812898,11.9284886089903
76320900,883.34375,1.43436169785353,0.959414672581296,11.9071942290264,12.5782579267561
76424400,884.541666666667,1.48262519812884,0.93318742496889,14.6601624139637,15.3708049014917
76521600,885.666666666667,1.50676014922219,0.896367574579583,15.4976578464869,16.0970533529535
76614300,886.739583333333,1.50907935317489,0.849805925550883,13.0140928527648,13.5199825436172
76714200,887.895833333333,1.48755312436317,0.786928125360356,16.6694321235411,17.1096525530765
76812300,889.03125,1.4411503965368,0.712746271218725,18.5538962675052,18.6574456895071
76903200,890.083333333333,1.37547764682472,0.634217614281725,16.1789304968623,16.039134127086
77003100,891.239583333333,1.27879176229054,0.54004259758273,15.714517483518,15.3270112409102
77107500,892.447916666667,1.15284024317938,0.439487871125498,11.8966198387331,11.261910797328
77196600,893.479166666667,1.0291457612657,0.361747238008106,9.29979144637682,8.63727773727092
77304600,894.729166666667,0.867455040416892,0.299109716589272,11.8979547862645,11.202786416784
77421600,896.083333333333,0.694226649297802,0.300297488208598,10.1002093561476,9.93037866131712
77508900,897.09375,0.583092349606077,0.346200305259412,8.95964387117985,9.16166120135351
77595300,898.09375,0.507612475034115,0.412336695010256,10.6972643992198,11.19971048416
77701500,899.322916666667,0.487945029368695,0.503599307898474,10.7493888339408,11.466614178625
77798700,900.447916666667,0.544006424774674,0.587207155833956,11.2332767097801,11.960786028827
77887800,901.479166666667,0.638054153663314,0.660203013832997,16.8167983540813,17.528974059015
77979600,902.541666666667,0.757080119980896,0.730313050059328,18.0141360097148,18.544822075236
78075900,903.65625,0.89193277553037,0.797692517280033,16.1700060478557,16.526191597057
78162300,904.65625,1.01465376631762,0.852539350591772,16.8586811576293,17.0389520400294
78265800,905.854166666667,1.15835387967589,0.91094642644099,14.8519812610956,14.7570135485032
78354900,906.885416666667,1.27582674551249,0.954381953514239,14.6154328476829,14.441091711826
78457500,908.072916666667,1.40044774791998,0.995607251151894,17.0305721658572,16.5182551726276
78546600,909.104166666667,1.49661330864575,1.02268716490052,13.6220785521439,12.9006388081446
78648300,910.28125,1.58934539630062,1.0421382474194,9.12578909661903,8.4257332196455
78740100,911.34375,1.65461335015819,1.04776228031136,8.9256962479338,8.41093223562742
78830100,912.385416666667,1.69924642321572,1.04105350071955,7.72263234985288,7.66760662551602
78933600,913.583333333333,1.72453404009227,1.01722072397023,8.30343997141999,8.48684307311834
79020000,914.583333333333,1.72301373186391,0.983614642215971,13.1259299931215,13.633803237242
79110900,915.635416666667,1.69857036405788,0.934812034165342,15.1783645800799,15.9190248754863
79207200,916.75,1.64721688363226,0.868754617044838,13.2726691630493,13.9952717354773
79300800,917.833333333333,1.57306732170143,0.791816961203124,14.9692884885735,15.642896849039
79398000,918.958333333333,1.47262066322119,0.70107947560438,15.9020276448009,16.4138745522321
79485300,919.96875,1.36450593556376,0.61318880843217,16.1855295294254,16.5988774265543
79592400,921.208333333333,1.21373400790391,0.50311764983912,19.966584793552,20.0747325470169
79683300,922.260416666667,1.07619513215881,0.415470916620062,17.5538556122949,17.2706468419271
79776000,923.333333333333,0.935230853385536,0.343163046644876,12.9383875142152,12.5082085977539
79864200,924.354166666667,0.81081867709654,0.304649442499531,13.1760462490319,12.6191822494527
79950600,925.354166666667,0.711274359770782,0.306032570581014,11.9005090653275,11.1765296823933
80049600,926.5,0.644132975579971,0.350473768641541,10.0690252616174,9.33227890672423
80143200,927.583333333333,0.64194028040901,0.417694372354656,11.5968834662825,11.0849776779268
80230500,928.59375,0.692866535561157,0.490157190287139,11.5936562011105,11.7035392445518
80325900,929.697916666667,0.791612767767607,0.572828476628506,8.85111825551369,9.41381261228493
80424900,930.84375,0.922045086409135,0.658517579063048,10.0580215824427,10.6896600294483
80520300,931.947916666667,1.06049505177778,0.739069246547696,13.4483525208348,14.2059890766028
80611200,933,1.19594618891102,0.812928772700935,14.4399205057844,15.1971692528375
80699400,934.020833333333,1.32582420552461,0.881021850916185,17.888147552605,18.5820865488947
80795700,935.135416666667,1.46172311883769,0.950121000721095,19.3013393239814,19.7311452905999
80899200,936.333333333333,1.59641140874366,1.01630561169905,14.8941945517833,15.1054174055779
80992800,937.416666666667,1.70403344990621,1.06670719886323,16.3906833884098,16.5194664550053
81095400,938.604166666667,1.80193977534681,1.10877281167955,17.2533537240048,17.0257811397362
81189000,939.6875,1.86899049725272,1.13253937649041,15.2301235769359,14.7684590030551
81275400,940.6875,1.90911048534113,1.14021828216037,15.2854560453308,14.614601180355
81367200,941.75,1.92660721758385,1.13202063927738,12.3491065279758,11.6005990320652
81454500,942.760416666667,1.91807851998634,1.10804311266437,7.264511228756,6.66610272884926
81547200,943.833333333333,1.88209449035843,1.06562207006429,7.68356947779657,7.1697849689687
81633600,944.833333333333,1.82459485465236,1.01144769247968,10.3796763892122,10.3480022397101
81729900,945.947916666667,1.7355726672335,0.936531260560541,11.0711654495519,11.5583407215378
81819000,946.979166666667,1.63278872436351,0.856099375955441,12.8763590390596,13.5522493989824
81908100,948.010416666667,1.5139862661079,0.767834949163105,16.0447995279013,16.8299516545301
81994500,949.010416666667,1.3874789630306,0.677696586514938,14.5932358585345,15.3121870990584
82105200,950.291666666667,1.21679950015678,0.560893814960823,14.5924554944335,15.289121055619
82191600,951.291666666667,1.08450134685648,0.473759088492405,18.9347179115194,19.4830766443451
82292400,952.458333333333,0.943082232462051,0.385003303556668,18.6990464241729,18.9260920220211
82390500,953.59375,0.834582779488366,0.324827892009384,18.3164850337935,18.311327770793
82495800,954.8125,0.771203399360089,0.306800690828473,16.6431532456405,16.2459487573211
82585800,955.854166666667,0.772600028926291,0.334212232465399,11.9408833265001,11.3870744623135
82685700,957.010416666667,0.832634792385302,0.398932124625721,12.8569563749306,12.2156899101083
82778400,958.083333333333,0.930372669906891,0.477478047973793,13.6481541949475,12.8667216132411
82872900,959.177083333333,1.05608628887126,0.566726428946568,10.3081688842973,9.78588192106854
82972800,960.333333333333,1.20402443003869,0.665564287252047,9.81170116287582,9.70347256347105
83075400,961.520833333333,1.36162025292331,0.76809864260548,10.8965950079462,11.389524346452
83175300,962.677083333333,1.51330278113215,0.866044384961281,9.37106491883084,10.0920697299149
83274300,963.822916666667,1.65632104455519,0.95851486286144,13.1682217883541,13.9158732056606
83376900,965.010416666667,1.79149499436738,1.04629132985076,18.2367030159076,19.022295731616
83470500,966.09375,1.89847899340088,1.11602314178137,17.2453744067587,17.8948582397475
83572200,967.270833333333,1.99167736758459,1.17681406461432,18.2359166112973,18.7177589192435
83674800,968.458333333333,2.05581841313575,1.21839166807254,17.0299619654442,17.2288602495744
83766600,969.520833333333,2.08373234055385,1.23595512497147,15.5353011401185,15.6358651190583
83866500,970.677083333333,2.07970962987847,1.23214306626326,19.1648281584691,18.9799788823148
83971800,971.895833333333,2.03606292440668,1.20202358881249,16.5678939144672,15.9310611973254
84058200,972.895833333333,1.97163868768538,1.15857146886625,12.3719084903324,11.6110443997893
84146400,973.916666666667,1.88227928103452,1.09898288300593,11.0245597310101,10.2273938457536
84235500,974.947916666667,1.77176154252224,1.02587424025424,9.04312008860794,8.44154924013707
84322800,975.958333333333,1.64817360299296,0.94446342450863,7.21311097726451,6.85317056617382
84411000,976.979166666667,1.51272846874378,0.855064881022342,10.485787199913,10.4118292998248
84508200,978.104166666667,1.35737127827142,0.751097940081392,14.4463485995152,15.0118306973039
84612600,979.3125,1.19231755803333,0.636320549302732,13.4867709814704,14.296665696885
84711600,980.458333333333,1.04867187731652,0.527963515354922,14.4298461165571,15.2510717552652
84801600,981.5,0.940922356625547,0.433958262419233,16.0461640970745,16.8003341344529
84903300,982.677083333333,0.861657048042589,0.341652137149369,15.9435806735139,16.6001192497055
85003200,983.833333333333,0.842355478506815,0.283305591086111,20.930623334147,21.4044465634994
85094100,984.885416666667,0.878730460700044,0.27886917117456,20.6829195034144,20.7560857551017
85187700,985.96875,0.961807245665095,0.326727957453822,16.0813105910533,15.8951711753648
85284000,987.083333333333,1.08117752496623,0.41277542895411,15.3280307962086,14.9773032583364
85371300,988.09375,1.20725431081203,0.507287948866798,14.519405470167,13.9095418025447
85470300,989.239583333333,1.3601264641717,0.622966589911265,12.0248709372169,11.2743371119047
85567500,990.364583333333,1.51244358596308,0.739294603359533,13.5769490073401,12.7711044083605
85672800,991.583333333333,1.67272701218732,0.863604086708286,11.5890811932593,11.3243537836351
85771800,992.729166666667,1.81316081888485,0.975049771919855,8.40971958779031,8.68774560718228
85888800,994.083333333333,1.9589050227021,1.09492769167993,10.7277221146946,11.2587501836784
85984200,995.1875,2.05552077882572,1.17898085105137,12.8251217335166,13.6097797832968
86089500,996.40625,2.13233560542568,1.2527550682515,15.4006039168756,16.2384979953952
86184000,997.5,2.16939779794213,1.29822762930427,20.0852987195314,20.8632973747892
86274900,998.552083333333,2.17303656081593,1.32081365401491,18.5926856184438,19.1464002463561
86374800,999.708333333333,2.13905760889395,1.32018501775848,15.9946532314859,16.4412460396789
86472000,1000.83333333333,2.06890898638715,1.29431794747035,18.9122352317478,19.1594980934466
86569200,1001.95833333333,1.9661845315586,1.24573671968055,17.80500439804,17.7148117774518
86675400,1003.1875,1.82397521442481,1.1708018179564,18.3257318451206,17.9474398390522
86770800,1004.29166666667,1.6770689348215,1.08808187237039,16.3944928690424,15.6573236458875
86864400,1005.375,1.52236550784012,0.996083749420253,10.4729177620926,9.63923219319991
86950800,1006.375,1.37609770158015,0.903785273235673,8.39779129655327,7.57411035084931
87044400,1007.45833333333,1.22062042442546,0.797505941676388,10.6796500764389,10.0722373271247
87130800,1008.45833333333,1.08704844728228,0.694780575998996,10.122533672116,10.0795512453523
87226200,1009.5625,0.96129547638676,0.577571979557032,11.6156453581244,11.9754448977211
87325200,1010.70833333333,0.870000999946428,0.454132889803875,15.3733527651445,16.1208952556743
87411600,1011.70833333333,0.835599298783493,0.349114021487749,15.1164080211252,15.9758140787455
87509700,1012.84375,0.855061736164172,0.246070813241522,13.0958686218231,13.942922914276
87599700,1013.88541666667,0.92308489972861,0.199281608492319,18.2083271231403,19.0119460551431
87688800,1014.91666666667,1.02578311926404,0.233849508887013,19.7855490204571,20.3907254254334
87778800,1015.95833333333,1.1522860423805,0.326821376978655,19.700876518823,20.1102004247433
87876000,1017.08333333333,1.30234789036261,0.452250273319008,20.4175249614916,20.4900435921017
87982200,1018.3125,1.47100402402081,0.598117690327582,16.2501785138933,15.928135128496
88080300,1019.44791666667,1.62336955886907,0.733062700141889,13.9434114334262,13.5843740809078
88172100,1020.51041666667,1.75776702345152,0.855679247483852,16.341350563792,15.6760378586828
88259400,1021.52083333333,1.87439036396103,0.966474951219893,13.6951961925706,12.8431962544422
88356600,1022.64583333333,1.98709115453936,1.08039775507405,11.2911955397031,10.5440515030835
88443000,1023.64583333333,2.06819983792422,1.17078095890264,10.9132842740528,10.5577252416172
88534800,1024.70833333333,2.13044561085957,1.25273374790041,10.3109048844318,10.634065747141
88632000,1025.83333333333,2.16480425580568,1.32037650445369,8.22052901151627,8.78694587706853
88739100,1027.07291666667,2.16021850821243,1.36822786681672,14.8210306771459,15.5466613960593
88826400,1028.08333333333,2.12166348063777,1.38441718735771,17.4546832433201,18.3299464065009
88912800,1029.08333333333,2.05333148839987,1.37966238701166,17.8285494874518,18.6649624441945
89007300,1030.17708333333,1.94750456709596,1.35168053452416,19.1125124801389,19.8289873077448
89097300,1031.21875,1.82170369406129,1.30500069649625,18.7266393573967,19.2055853988854
89193600,1032.33333333333,1.6671099376948,1.23653464123937,16.2413989014805,16.6230151273151
89290800,1033.45833333333,1.49786260326594,1.15137777990011,20.9120607586069,21.0471372556136
89386200,1034.5625,1.32638155850249,1.05496045623072,19.9235125016396,19.5987941745334
89475300,1035.59375,1.16813991097107,0.955291497769581,15.8885540568509,15.2844296464202
89564400,1036.625,1.01908542649942,0.847589168090543,13.8291936898217,13.0534066688529
89653500,1037.65625,0.888702775801953,0.732799901566245,11.5924372346407,10.7269000195365
89747100,1038.73958333333,0.785967803699541,0.605580632735704,7.86797022689484,7.06543603899482
89838900,1039.80208333333,0.735648089740861,0.475533444499217,11.0234689451084,10.461330731265
89925300,1040.80208333333,0.743741028349416,0.350477603001588,13.4118904136303,13.5212512946637
90025200,1041.95833333333,0.81618905325894,0.209873858401749,13.3769484407477,14.06289722684
90121500,1043.07291666667,0.932520536413386,0.11745387143084,13.284076045116,14.1269215912929
90227700,1044.30208333333,1.09043147581666,0.18861604925641,16.038936996,16.9294575889946
90321300,1045.38541666667,1.24039522954525,0.320997116990285,15.2747896717714,16.1301668894813
90420300,1046.53125,1.3995513324219,0.470484456282162,20.7290573881446,21.4921584938859
90515700,1047.63541666667,1.54666084740718,0.613687220241061,22.42553905118,22.8674041254162
90619200,1048.83333333333,1.69347275012901,0.763771736120222,18.3333585064016,18.4239228274048
90711000,1049.89583333333,1.80843838406194,0.889889236545697,17.9442985496213,17.8757323545877
90802800,1050.95833333333,1.90554610508143,1.00747905670288,16.570032397766,16.1636022346813
90897300,1052.05208333333,1.98329093453667,1.11759773800731,14.5891901885523,14.0287857108048
90988200,1053.10416666667,2.03330403941591,1.21089696748623,15.9458276738906,15.1221174555648
91093500,1054.32291666667,2.05644837225407,1.30031988688562,13.6781179418892,12.9025016260845
91192500,1055.46875,2.04046243637649,1.36273137722512,8.62925316507895,8.36574804533768
91279800,1056.47916666667,1.99441367552287,1.39785772926904,8.95267001032008,8.92738272969102
91386000,1057.70833333333,1.89877896634242,1.41331817122298,11.1547306750608,11.7306216169739
91483200,1058.83333333333,1.77687480909509,1.40079853705036,12.9029647764184,13.6538152461352
91577700,1059.92708333333,1.63271662278987,1.36536473314435,18.0593282051495,18.9511789234329
91668600,1060.97916666667,1.47653313577381,1.31172607023247,20.493097930912,21.3566359245307
91763100,1062.07291666667,1.30273978962585,1.23824110370948,17.0915625620074,17.7928995530654
91852200,1063.10416666667,1.13435859046292,1.15475442578355,18.6462065736656,19.2948908501526
91957500,1064.32291666667,0.938367935658364,1.04102254429385,19.5527762066884,19.90087774399
92046600,1065.35416666667,0.784401851686904,0.933929113242086,19.6249764467478,19.7529054974127
92142000,1066.45833333333,0.646827406992097,0.809945772627384,20.781105864153,20.5353939951738
92232000,1067.5,0.564423709740492,0.685670466400898,18.1721686337285,17.5044688512971
92326500,1068.59375,0.551739935154656,0.549475286676217,11.1116228960428,10.2879349544144
92413800,1069.60416666667,0.610054191119144,0.421023138139945,11.6890132027404,10.8083848227588
92505600,1070.66666666667,0.722885981448139,0.288757085190971,11.2554024555455,10.4452511246517
92601900,1071.78125,0.871142322129647,0.17386210937476,10.459888392349,10.0448679092736
92688300,1072.78125,1.01421925956297,0.155391054843044,12.1483309815705,12.2346746987666
92789100,1073.94791666667,1.18117689059656,0.258857351932343,15.6903951743007,16.387122134236
92875500,1074.94791666667,1.31792387687736,0.380497389221895,13.436391289468,14.3511752731455
92962800,1075.95833333333,1.44588235219148,0.508436848682386,13.630454144468,14.5525724120241
93052800,1077,1.56381144983348,0.638766641133004,18.2823994868317,19.2007306678983
93144600,1078.0625,1.66669934747806,0.766948233471035,20.1218235741951,20.9297318094789
93238200,1079.14583333333,1.7510307809473,0.890760495114583,21.0172062432044,21.6445765315774
93333600,1080.25,1.8132501123249,1.00822483712312,22.5344463250227,22.8155393577559
93429900,1081.36458333333,1.84944490182095,1.11621375891331,17.1874785577111,17.1107277706084
93527100,1082.48958333333,1.85660383782537,1.21236275883077,17.0594161016199,16.9320205292174
93621600,1083.58333333333,1.83342895788455,1.2909718439464,18.04656679399,17.5317237231247
93725100,1084.78125,1.77276061037028,1.35690470602794,15.2244709815199,14.3682328542771
93817800,1085.85416666667,1.68747141002412,1.39520955120535,13.0064970738775,12.0897750995727
93904200,1086.85416666667,1.58343274372698,1.41146984222963,12.5344733361491,11.8987331851061
93994200,1087.89583333333,1.45306210670506,1.40768889043642,8.58040296774566,8.64541965101635
94086000,1088.95833333333,1.30138646360696,1.38239001021759,8.57777648366325,8.74086220417883
94176000,1090,1.13929866811392,1.33788348301958,13.4178317123948,13.9423517901506
94263300,1091.01041666667,0.974206262635238,1.27792053805183,16.8347404706305,17.6938612042322
94354200,1092.0625,0.799355107092543,1.20013518811537,17.3275511483302,18.2749518846377
94441500,1093.07291666667,0.634879333555838,1.11285129657567,20.1248280887101,21.0365149706986
94538700,1094.19791666667,0.468712818330629,1.00367194053959,18.8056673260343,19.5067912363567
94631400,1095.27083333333,0.355640618455285,0.890180325386357,17.6559348143,18.3035818527939
94717800,1096.27083333333,0.33478860434341,0.778348691719399,21.5643227747013,22.0313753777899
94809600,1097.33333333333,0.414176655786205,0.655758090293204,22.787841938462,22.8388986011602
94896900,1098.34375,0.543466324571939,0.538946754591046,18.7527827574407,18.4420634595867
94993200,1099.45833333333,0.707040187662997,0.416511825504894,17.62203013804,17.0389367788123
95092200,1100.60416666667,0.878291213263779,0.313283319499653,13.0664768000992,12.1878384245857
95184900,1101.67708333333,1.0323531874603,0.266858710377025,10.2679813542423,9.35118618402562
95284800,1102.83333333333,1.18535619452417,0.29952908396692,12.1837289525047,11.3216239350603
95374800,1103.875,1.3076709072518,0.38348716678526,13.8501438214885,13.5778701749752
95461200,1104.875,1.4085493977723,0.485506671379655,12.1077901970766,12.5124524993933
95553000,1105.9375,1.49584190712311,0.601795763148465,13.2045948082142,13.8893174501768
95643900,1106.98958333333,1.56054483954103,0.717988772056108,15.2621694080433,16.1895332692779
95737500,1108.07291666667,1.60352965604468,0.835006283943927,14.7223904908448,15.6878777516421
95823900,1109.07291666667,1.62142123444014,0.938645995957744,18.048137576416,19.0075311088769
95925600,1110.25,1.61542849517658,1.05310851356429,23.7897360382722,24.5921943654123
96023700,1111.38541666667,1.58194621811091,1.15334322518765,21.0038189538661,21.4778657056592
96110100,1112.38541666667,1.53017465150795,1.23094202076721,20.1950755348477,20.5210576370724
96198300,1113.40625,1.4563611709761,1.29730271746515,19.2810045771307,19.282606108924
96284700,1114.40625,1.36452735984946,1.34730708830457,17.331590627063,17.1224274687539
96383700,1115.55208333333,1.23764453248158,1.38372449829017,17.9002087752033,17.4363078227209
96471000,1116.5625,1.10920369404227,1.39582772261636,18.5947176529,17.7547720074818
96561900,1117.61458333333,0.96236873287615,1.3880603999773,13.2511280694868,12.3326300203506
96648300,1118.61458333333,0.814032776873406,1.36201778261695,9.61099305386017,8.83202603632511
96747300,1119.76041666667,0.638978845841821,1.31160230313801,9.85161384607088,9.57336867450876
96834600,1120.77083333333,0.486822288974915,1.25107325318282,10.1260287298321,10.3670111485367
96924600,1121.8125,0.345440292986876,1.17535389071172,11.8834925329292,12.429006166769
97023600,1122.95833333333,0.25098088700656,1.07942206396496,18.2724074539078,19.1051974223918
97110000,1123.95833333333,0.277274187161231,0.987391885511564,20.1975488128958,21.1752813192452
97200900,1125.01041666667,0.390809663311149,0.884719935971336,17.6530947256384,18.5759765839252
97292700,1126.07291666667,0.536806287001022,0.777597558592525,19.2721071880399,20.1114647547222
97380000,1127.08333333333,0.681679233317802,0.675384577747402,20.4108979977524,21.0853138800692
97471800,1128.14583333333,0.830748309449432,0.571574631763015,20.6431013550852,21.096771365532
97566300,1129.23958333333,0.974925897844039,0.475388362748785,23.6376739064997,23.796169202157
97661700,1130.34375,1.10635609905922,0.401071769723911,20.9597384797348,20.5565964707912
97748100,1131.34375,1.20980899673623,0.367800102280499,14.9049776265486,14.2914320018385
97843500,1132.44791666667,1.30365620598607,0.380738900246298,13.9340783223839,13.154143699373
97938900,1133.55208333333,1.3734886506577,0.441119613516886,13.3431145100676,12.3841233599844
98026200,1134.5625,1.41485880272986,0.523635640099794,11.0738096777192,10.204311566788
98112600,1135.5625,1.4341051252499,0.619264483479923,12.4828526681331,11.9185201237075
98209800,1136.6875,1.43038741763102,0.734434070877786,15.0617039025085,15.3673986979157
98300700,1137.73958333333,1.4038290058549,0.843789452232752,12.6112339029033,13.4130533243741
98395200,1138.83333333333,1.35443296319486,0.954862173772052,13.0210071005023,13.9272313664464
98481600,1139.83333333333,1.29167335831092,1.05093185505627,17.1180706130418,18.0916322199764
98572500,1140.88541666667,1.20946168735386,1.1432667488371,19.6322239425208,20.6103018452756
98663400,1141.9375,1.11268102326119,1.22361585969694,21.3580140880297,22.260888647313
98750700,1142.94791666667,1.0080794445678,1.28685542956338,24.6019150795955,25.2450626487651
98848800,1144.08333333333,0.879872133775977,1.33900958723209,20.0502546382741,20.3496148440888
98946000,1145.20833333333,0.745943944223529,1.36907437441106,18.2342755424049,18.4097408553638
99036900,1146.26041666667,0.620242128378496,1.37706950141784,20.577752542227,20.4700986253316
99125100,1147.28125,0.50642187443478,1.36663385226034,19.0725489843915,18.5164553738264
99211500,1148.28125,0.416697771699308,1.34016836315788,16.4510360643112,15.6742144943775
99297900,1149.28125,0.370063302411897,1.29926553328244,15.8663173171865,14.8830795415171
99390600,1150.35416666667,0.388135795559802,1.2415344723944,10.9677560386661,10.2190770871394
99487800,1151.47916666667,0.472426263288547,1.16829738345788,7.80300231905127,7.39904607747327
99574200,1152.47916666667,0.578439599928006,1.0945125761539,10.323710977615,10.1654725355307
99661500,1153.48958333333,0.697851823760039,1.01355977919705,15.1587204357615,15.6503042732988
99747900,1154.48958333333,0.818814593070346,0.92870753490016,15.4620181693732,16.3141163004275
99834300,1155.48958333333,0.93679839203661,0.840594015178776,18.8831149397828,19.8648058597814
99926100,1156.55208333333,1.05427886047021,0.745060088065227,20.284406898236,21.268064605626
100016100,1157.59375,1.15765602750777,0.651668947477958,18.3552335571136,19.2408652550995
100104300,1158.61458333333,1.24415162206334,0.563838577168941,19.0507453062359,19.8983951799124
100207800,1159.8125,1.32268420749169,0.473855157505573,24.7216076911002,25.2625932566478
100296000,1160.83333333333,1.36686292976021,0.420798311195157,22.2077681173361,22.3791495747153
100382400,1161.83333333333,1.38772200303745,0.40448460155285,21.44525530422,21.3375635348694
100479600,1162.95833333333,1.38344919547688,0.437888703620781,18.1803876178803,17.6343741083209
100576800,1164.08333333333,1.35014256676795,0.517776418431482,13.5913563125416,12.8004202820896
100678500,1165.26041666667,1.28658565916583,0.631151295730625,13.5210462422307,12.6254779911655
100776600,1166.39583333333,1.20138653047598,0.753016385012206,15.0586348552955,14.1411156427215
100868400,1167.45833333333,1.10468079537741,0.86848787258043,11.8480205108592,11.5044866121556
100955700,1168.46875,1.0014168163019,0.973908762516449,12.5850591111351,12.7619961374401
101055600,1169.625,0.874617925180824,1.08432902914198,13.8579353353185,14.5755644831078
101153700,1170.76041666667,0.746842318687104,1.17819046250448,13.9306535524558,14.8958490660103
101240100,1171.76041666667,0.637601040847403,1.24649448999527,15.6465688719199,16.6317657917388
101326500,1172.76041666667,0.539479170923077,1.29987914856603,22.9221602114059,23.9464020193244
101423700,1173.88541666667,0.457662288733227,1.34115072942371,22.698016760744,23.5609155810635
101529900,1175.11458333333,0.428359584994016,1.36331438406229,21.9605457734685,22.5929954494804
101646000,1176.45833333333,0.482467994639123,1.36126811038155,21.0860085739914,21.3847663159907
101736000,1177.5,0.570452273892064,1.34236792230134,18.5992631118764,18.6556776498393
101826000,1178.54166666667,0.679753057916647,1.31005363238717,21.2247331731674,21.082639301866
101914200,1179.5625,0.796011175651451,1.26698900148021,20.8971189902844,20.2072356882833
102017700,1180.76041666667,0.93458719247014,1.20408490641571,14.6128827169891,13.6290098306646
102121200,1181.95833333333,1.06860948919094,1.12970510109895,11.094566041133,10.1253092655977
102218400,1183.08333333333,1.18554722943977,1.05064580939323,10.6686988157762,10.0511719102845
102326400,1184.33333333333,1.30060151525274,0.953163061478117,9.07158535086668,9.04272516800588
102424500,1185.46875,1.3874108523926,0.85628932869029,15.526734713987,15.9159725105704
102510900,1186.46875,1.44669145740883,0.765027005261868,19.0188709926339,19.9167334796212
102606300,1187.57291666667,1.49003661169458,0.659657150872049,18.5709867871918,19.6122958025114
102703500,1188.69791666667,1.50681802171571,0.552508044286341,18.1986465679735,19.2253977258349
102793500,1189.73958333333,1.49507247253864,0.464061693266916,21.1796403647583,22.1122891829677
102888000,1190.83333333333,1.45297300520271,0.403399988735997,20.5035709764124,21.2972091229591
102988800,1192,1.37480999024831,0.404526402965948,25.6120515091708,26.1524135892577
103093200,1193.20833333333,1.26098380670638,0.481824402364699,23.3792817801966,23.3664930194856
103190400,1194.33333333333,1.13056024024533,0.596069314762303,18.0305363699286,17.664788860041
103284000,1195.41666666667,0.989336272753538,0.720502169176912,16.6811889671465,16.1600097778453
103372200,1196.4375,0.8487634363795,0.838181375547788,15.7078262407879,14.8331311155548
103458600,1197.4375,0.71085802880102,0.947282334608233,12.6830268011221,11.6824126068997
103557600,1198.58333333333,0.564043184146206,1.06000769270659,14.7316939842913,13.8301057130544
103652100,1199.67708333333,0.454095624453328,1.15256501717926,13.9218861409536,13.753638537349
103751100,1200.82291666667,0.403229409202188,1.23215571789537,12.0283441217836,12.6126238082112
103849200,1201.95833333333,0.440482180305106,1.292856902019,12.3661308766355,13.0941364797535
103936500,1202.96875,0.531488041840028,1.3317022237851,17.3744646594317,18.3393387943528
104023800,1203.97916666667,0.651323624954604,1.35663948991157,18.1561734358308,19.2065405097544
104114700,1205.03125,0.789125233102345,1.36847362390385,23.1158506386513,24.154016161966
104202000,1206.04166666667,0.924637470367891,1.36703952405335,24.7448756796775,25.6060439889852
104292900,1207.09375,1.06328888303997,1.35309270488902,21.9495523799672,22.5246753446301
104382000,1208.125,1.19303116256414,1.32790593793764,19.4760244810704,19.982902798486
104479200,1209.25,1.32432668137724,1.28819856870487,23.0384030302757,23.1941174238365
104579100,1210.40625,1.4450653052365,1.23462855400444,20.4784554434855,20.236550253803
104665500,1211.40625,1.53559601530606,1.17799443647569,20.2989368300746,19.6942383567619
104760900,1212.51041666667,1.61816433760349,1.1041858692273,17.0063830452285,16.0300790651636
104847300,1213.51041666667,1.67499860146838,1.02683625396194,12.0741847894953,11.0756474400263
104950800,1214.70833333333,1.71749071840544,0.920799686704742,8.6552663910403,7.72555973249577
105040800,1215.75,1.72887982119515,0.817220275271651,12.4811212494831,12.0521052247996
105145200,1216.95833333333,1.70877987541343,0.686593303624978,13.518649983723,13.8745122919292
105253200,1218.20833333333,1.64706700990336,0.548694397080178,17.501599587771,18.339447874
105350400,1219.33333333333,1.5546924839367,0.441331435199623,20.349411958756,21.4020663207462
105444900,1220.42708333333,1.43276756101655,0.385248441902966,18.268381133057,19.3074870388113
105549300,1221.63541666667,1.26631074196255,0.41432452285008,20.4711876552787,21.5004702225728
105642000,1222.70833333333,1.09792464365408,0.507097728236278,24.5893744734858,25.4072170870898
105728400,1223.70833333333,0.931727942718797,0.619907059385734,24.5147016772249,25.074209842177
105815700,1224.71875,0.764393426220981,0.740244816722987,23.5697754589863,23.7983798795543
105912000,1225.83333333333,0.596733734406873,0.868410212042216,21.9800283952347,21.783187916088
105999300,1226.84375,0.484370797554887,0.975023611218606,16.2189857524699,15.6910324799007
106092900,1227.92708333333,0.443661664003947,1.07653609467582,16.3464088730381,15.7601928596944
106189200,1229.04166666667,0.505177940533669,1.16612154433605,16.7805131310892,15.773948649919
106299900,1230.32291666667,0.660335771461667,1.25037516454966,13.7249370950505,12.8183455015312
106393500,1231.40625,0.82110072573917,1.30635690982007,12.0561341459264,11.693382135149
106484400,1232.45833333333,0.984671506342234,1.34775183998427,13.7844928336499,14.0692792323482
106579800,1233.5625,1.15506585894362,1.37778604807903,12.0924480443837,12.9343664676055
106678800,1234.70833333333,1.32445697609785,1.39464528799115,15.6667605140794,16.5275643624988
106771500,1235.78125,1.47219455992719,1.39724881981195,21.56771160843,22.6307117988808
106874100,1236.96875,1.61974033493743,1.38509916283965,23.5477033860891,24.5852638203834
106967700,1238.05208333333,1.73684832105882,1.35992438459428,22.4532114344934,23.3521968962156
107066700,1239.19791666667,1.83984123568085,1.31818351895067,23.6221019302295,24.2458808126849
107165700,1240.34375,1.91883208063295,1.26031218384159,19.856277647064,20.298087706401
107272800,1241.58333333333,1.97435485436976,1.17885598271591,24.0074402165076,24.1164718254376
107360100,1242.59375,1.99442746126553,1.09764364143059,23.0209005163494,22.6306402953458
107447400,1243.60416666667,1.98995550547182,1.00326265503335,18.4437409408446,17.6235602362563
107536500,1244.63541666667,1.95824654896627,0.894299987187988,14.1179077996679,13.1394627943469
107639100,1245.82291666667,1.88566698617087,0.756303570783108,12.2273302819002,11.2157914868928
107737200,1246.95833333333,1.77897260876703,0.619375759010626,8.79277035319173,8.00917293451813
107823600,1247.95833333333,1.65536383050521,0.507168710915733,12.7063475170881,12.3380580335663
107910000,1248.95833333333,1.50653119082323,0.423730641042551,16.4449086236299,16.7766498623994
107997300,1249.96875,1.33545283258082,0.396887573662209,18.6660501255412,19.5609045261553
108093600,1251.08333333333,1.13190949573938,0.447244723537794,17.0314486458891,18.097008928992
108188100,1252.17708333333,0.931007158599135,0.550414071470657,20.6272977066958,21.7245335502726
108280800,1253.25,0.752742408554559,0.671112648183664,19.7885231930342,20.8338112465851
108384300,1254.44791666667,0.612932037023818,0.807270723566789,24.343442494014,25.2766387447068
108483300,1255.59375,0.583124470394281,0.92939018968323,27.3236900966085,27.9198340951941
108579600,1256.70833333333,0.661672306737041,1.03706919246887,23.2239377474191,23.3271429182764
108668700,1257.73958333333,0.797012532867724,1.12610143968247,19.6820868013627,19.6430068058537
108768600,1258.89583333333,0.982234886558144,1.21376416437027,18.9280997373492,18.4514808577106
108864900,1260.01041666667,1.17224845553642,1.28620624142609,16.3167789514091,15.5824292621566
108960300,1261.11458333333,1.35994383066735,1.34618990136762,16.2759406954402,15.2469360137577
109049400,1262.14583333333,1.52871676007165,1.3912187767353,15.9490157890702,14.9647823190275
109138500,1263.17708333333,1.68710095115437,1.42496184550701,12.9708065899041,12.7413270799249
109237500,1264.32291666667,1.84693653500159,1.44816230336158,10.3461370531466,10.535387662007
109324800,1265.33333333333,1.97077513350781,1.45510775192828,13.9822286957461,14.5967357554242
109413000,1266.35416666667,2.07707712444928,1.4482875749381,15.8056329733554,16.7039204192143
109518300,1267.57291666667,2.17624399195869,1.42077093645707,20.4009463256801,21.4735242528338
109607400,1268.60416666667,2.23436945737336,1.38026329959979,25.1473781842006,26.2497846358073
109703700,1269.71875,2.26862804963142,1.31828885284718,23.9098274778789,24.8011169782827
109790100,1270.71875,2.27270456496455,1.24662250930066,20.9453868494049,21.7630649878201
109896300,1271.94791666667,2.24150556374559,1.13846474729762,23.5825895759832,24.1377943251626
109984500,1272.96875,2.18412509828019,1.03324118331356,23.6667985297609,23.9258817295125
110080800,1274.08333333333,2.0881230742719,0.905264226469319,22.7357987400694,22.5842864261702
110167200,1275.08333333333,1.97248684414943,0.782969170296599,22.4553907659709,21.8600436744626
110261700,1276.17708333333,1.81564901070255,0.648998273347694,15.5422463292297,14.5202428222367
110350800,1277.20833333333,1.64233347745447,0.535157335185296,11.0429894715504,9.99015917926693
110439900,1278.23958333333,1.45073257427563,0.453646457601209,11.9513974081508,10.9151776956908
110530800,1279.29166666667,1.24676064718943,0.428406600642298,12.6765500648249,12.0685840541802
110629800,1280.4375,1.03333556027841,0.475281600034042,13.8793850623425,14.0422006975005
110717100,1281.44791666667,0.875999615104997,0.560289683456511,17.556771981879,18.1737359010583
110815200,1282.58333333333,0.769879728874888,0.677030327001649,19.9305481177183,21.0012772840505
110901600,1283.58333333333,0.764711974088742,0.784693688428097,16.944298965127,18.0661008794136
110999700,1284.71875,0.856789281188642,0.904656883334092,20.960371683766,22.0794880547129
111091500,1285.78125,1.0063482876815,1.01149323108903,25.1184091505516,26.1463277594538
111183300,1286.84375,1.18683924057447,1.11161876316648,25.3878821065113,26.1736143147302
111271500,1287.86458333333,1.371647143584,1.20067848682892,26.2342488883261,26.7742794142632
111366900,1288.96875,1.57241917539854,1.28819560163699,23.4364524686291,23.4512145475313
111474000,1290.20833333333,1.78934685235285,1.37392826285003,18.3714673087938,18.2162407676594
111564900,1291.26041666667,1.96066709586208,1.43458048782288,19.3981871816596,18.9270250128075
111663000,1292.39583333333,2.12746532717194,1.48545538552125,19.0292505064492,18.0808881851882
111754800,1293.45833333333,2.2626584711425,1.5173744380116,14.2507312986632,13.1568296135348
111841200,1294.45833333333,2.36839523255805,1.53193364969222,13.8803530405145,12.9869891250871
111939300,1295.59375,2.46003444400573,1.52868313809682,12.7633327892991,12.78466570504
112026600,1296.60416666667,2.51389451158936,1.50715671720636,10.636290450484,11.0731398462914
112113900,1297.61458333333,2.54004365378922,1.46771637202653,13.8574669300096,14.4869580979805
112207500,1298.69791666667,2.53612102894666,1.40578581999208,20.622719902355,21.5660113968134
112297500,1299.73958333333,2.50056545952791,1.3279707561986,22.7548768943071,23.8859938354813
112389300,1300.80208333333,2.4321297760174,1.23175331713226,23.4967783073971,24.6062236608277
112475700,1301.80208333333,2.3384745944243,1.12771330360911,24.8596007796183,25.801940969773
112562100,1302.80208333333,2.21744629809309,1.01323072879771,21.8420913266694,22.6270184411399
112648500,1303.80208333333,2.07082616065881,0.891730999276776,22.9316230003942,23.5898235328513
112740300,1304.86458333333,1.89042131548273,0.760242848176685,26.5359183485547,26.8778138459709
112832100,1305.92708333333,1.69054579593585,0.634488659802015,24.5630314211032,24.3051526233146
112924800,1307,1.47858960137376,0.526579190533048,19.2708646386325,18.6967356324671
113017500,1308.07291666667,1.27127114338402,0.457595264048414,16.9888114588514,16.03557098012
113109300,1309.13541666667,1.09202878392571,0.446970164199855,11.9960200475337,10.9000940386164
113201100,1310.19791666667,0.967532079054059,0.495011731452354,10.9267414311996,9.86345341749862
113293800,1311.27083333333,0.926735565222964,0.58437690604228,14.1143901555457,13.386413204797
113385600,1312.33333333333,0.980082754648444,0.693724484355358,17.3297831352225,17.5548440559577
113478300,1313.40625,1.10968408261287,0.812752324221942,15.8738502424651,16.6627765883923
113570100,1314.46875,1.28363983366399,0.932429167205696,18.6621682402387,19.6903414151483
113661900,1315.53125,1.47955373827088,1.05002039719301,19.2113632400311,20.34897322543
113754600,1316.60416666667,1.68431709234331,1.16392260832377,20.7794347423619,21.9194014062613
113846400,1317.66666666667,1.88430039689136,1.26960937636376,25.5402876834821,26.6311688067401
113939100,1318.73958333333,2.07668056216759,1.36681918043972,28.9965472699712,29.7828561114804
114030900,1319.80208333333,2.25252528346644,1.45124403025645,24.0827158649891,24.5558882980056
114123600,1320.875,2.41069524562005,1.52198497185693,23.011037851015,23.2050181886342
114215400,1321.9375,2.54393145364672,1.57516371650446,20.9110042619518,20.7938305839301
114308100,1323.01041666667,2.6509102014403,1.60949693223912,19.0304343365197,18.5653032625962
114399900,1324.07291666667,2.72611778960784,1.62246597506042,19.5370374382988,18.7519081235044
114492600,1325.14583333333,2.76824708010348,1.6131398332097,18.2985971294178,17.1759044091218
114585300,1326.21875,2.77455178539162,1.5809733545119,11.9622257668928,11.1393654701913
114678000,1327.29166666667,2.74429803483333,1.52662018214191,11.0001711909188,10.6724425901721
114770700,1328.36458333333,2.67789469620091,1.45163596672312,12.2792460948653,12.4780115902645
114862500,1329.42708333333,2.57793975880026,1.35927672498948,15.1547586497866,15.8503969061862
114954300,1330.48958333333,2.44626637895827,1.2515679677243,18.5521509553498,19.4552505912498
115047000,1331.5625,2.28434325666668,1.13019135746506,25.6104860702734,26.7475359563482
115138800,1332.625,2.09958431559757,1.00064845465607,23.68234868303,24.7883256096446
115231500,1333.69791666667,1.89431417518374,0.86402540770097,22.6782604620202,23.6888940850527
115323300,1334.76041666667,1.68090687423424,0.727661806593004,24.124615426334,25.0116622140691
115416000,1335.83333333333,1.46762656959629,0.596265225817782,25.3575922285471,25.9423711972499
115507800,1336.89583333333,1.27660956822792,0.485247421984484,25.3778840759966,25.7055133600065
115600500,1337.96875,1.12936186868158,0.414874682171828,26.1450277870527,25.890320415452
115692300,1339.03125,1.05694930409585,0.411529684274757,18.846172565499,18.1283843151262
115784100,1340.09375,1.07500620052971,0.475815559304588,14.3898983979123,13.473641654168
115876800,1341.16666666667,1.17773413053072,0.585230046453274,13.8618528886694,12.7873650610116
115969500,1342.23958333333,1.33978698669294,0.716271178411403,13.5748215132083,12.5717967502625
116061300,1343.30208333333,1.5328769853116,0.854087124440563,12.7530551357801,12.180513338828
116154000,1344.375,1.74182809312799,0.993958092888313,17.6766615554015,17.878963708674
116245800,1345.4375,1.9502924017331,1.1285711927922,17.9690561449165,18.848033051586
116338500,1346.51041666667,2.15397961403225,1.25709582537657,17.131261820188,18.2229251598862
116430300,1347.57291666667,2.34282301215815,1.37407105842571,19.217583036341,20.345851715667
116523000,1348.64583333333,2.51536358638484,1.47892714054126,25.0432095080734,26.1988485283879
116614800,1349.70833333333,2.66355946590294,1.56683376165363,25.3603180210478,26.4217272915629
116707500,1350.78125,2.78572355772517,1.63674920821571,28.8359238274879,29.6568424913729
116800200,1351.85416666667,2.87586081216902,1.68516285424135,25.4733223755412,25.9026764343907
116892000,1352.91666666667,2.92969960501544,1.70986111825002,21.3420486171871,21.5124519600754
116984700,1353.98958333333,2.94532727817026,1.71002116362942,21.8115748662929,21.8274953251502
117076500,1355.05208333333,2.92088436726374,1.68535686120676,22.6444016778144,22.0874303920376
117169200,1356.125,2.85602666894251,1.63622262776876,17.8830677604976,16.9522622165719
117261000,1357.1875,2.75388225614707,1.56539124984946,16.7423233529864,15.6027905033167
117352800,1358.25,2.61736421601224,1.47496456272686,13.0610628565918,12.241550582827
117445500,1359.32291666667,2.4491982983826,1.36652014468285,10.5394315689012,10.3994554544417
117538200,1360.39583333333,2.25609398137262,1.24352241656883,11.1234532247288,11.1869165582606
117630000,1361.45833333333,2.04668487925814,1.10973896274439,18.8349714034666,19.4576738500806
117722700,1362.53125,1.82484073297123,0.964809029783486,20.6120741865423,21.6501297753137
117814500,1363.59375,1.60535527592984,0.81412792867518,23.9613093402443,25.1241879090463
117907200,1364.66666666667,1.39895159233875,0.658682046403309,24.6545590059638,25.7880467187926
117999000,1365.72916666667,1.23066701445182,0.50888245365465,23.4257829227066,24.4210931150475
118091700,1366.80208333333,1.12407501436662,0.3789290153803,23.4998155807239,24.4419916943806
118183500,1367.86458333333,1.1042571048791,0.310357648664821,29.073149162478,29.6898617586811
118276200,1368.9375,1.17453456407932,0.345715845662253,26.034193462483,26.1852385302636
118368000,1370,1.31468288848976,0.461044723304743,23.5856163356601,23.3243880893774
118460700,1371.07291666667,1.50045527761993,0.61133225687747,19.3227037474939,18.6592230985433
118552500,1372.13541666667,1.70612524705628,0.770310375002544,14.9405689329828,13.952207565723
118645200,1373.20833333333,1.92033212025181,0.93092201221483,12.8390697088546,11.7701819813581
118737000,1374.27083333333,2.12883670194217,1.08482778065019,16.2107877512097,15.155120223872
118829700,1375.34375,2.32859591073758,1.23157901475912,15.1480682182037,14.842395735115
118921500,1376.40625,2.51027645926858,1.36559434214213,15.9663706278711,16.3623305614004
119013300,1377.46875,2.67113549115572,1.48584510838849,16.8861963133205,17.7281030115201
119106000,1378.54166666667,2.8077602463065,1.59074881135731,19.2049567624227,20.3021843523443
119197800,1379.60416666667,2.91279546485789,1.67565044992169,18.9221364047668,20.0816955427522
119290500,1380.67708333333,2.98356299399677,1.73954655507106,26.933372280379,28.11215827714
119382300,1381.73958333333,3.01443982220932,1.77876902139474,28.4930785200152,29.518785915363
119475000,1382.8125,3.00282811309478,1.79219721918526,26.8636571378479,27.6255248965128
119567700,1383.88541666667,2.94685810844722,1.77839163824804,24.5706667212883,25.0985303414538
119659500,1384.94791666667,2.84873738161368,1.73818954968281,23.8806815196366,24.056121362198
119752200,1386.02083333333,2.71001833763341,1.67232887163318,20.9977611626164,20.9566101519798
119844000,1387.08333333333,2.53879234746239,1.58445901770773,23.8076200178877,23.2842995598914
119936700,1388.15625,2.3384659681398,1.47562751550219,19.6988585698243,18.66173595158
120029400,1389.22916666667,2.1181475267121,1.34930217115821,14.3742031601743,13.2396963058773
120121200,1390.29166666667,1.88845913251274,1.20933570511254,10.7323719013783,9.82876730133381
120213000,1391.35416666667,1.65688496154644,1.05669128838832,12.6638795028508,12.3495087330186
120305700,1392.42708333333,1.43387307115812,0.891876359452925,12.2391801267389,12.5073281350664
120398400,1393.5,1.24001715867987,0.719098566644578,18.9033475195269,19.5176499748587
120490200,1394.5625,1.10171897656156,0.544450153107114,23.7135055504919,24.7767932313609
120582000,1395.625,1.04391107868198,0.375384633305354,24.4903801642115,25.6793445377042
120674700,1396.69791666667,1.08096724779439,0.23998163095507,22.18914724533,23.3478938044037
120767400,1397.77083333333,1.20133472309705,0.228617473333626,25.8545015315816,26.9153008352756
120859200,1398.83333333333,1.37490523802633,0.351822355104709,25.1698738047549,26.0509598304278
120951900,1399.90625,1.57892406621003,0.519265759427578,28.8210511690211,29.4503096637778
121043700,1400.96875,1.79125866637108,0.692779034151282,27.8847312702185,28.0041941607478
121136400,1402.04166666667,2.00410035389874,0.865523128689594,22.6847082716011,22.2856641857487
121228200,1403.10416666667,2.20548950935203,1.02985702516171,16.8259475235488,16.2491899864153
121320900,1404.17708333333,2.39371314680027,1.18644502899814,17.4297865858314,16.5042532785849
121413600,1405.25,2.56215915455432,1.33168695952587,13.8472739123922,12.6971571639773
121505400,1406.3125,2.70535003481385,1.46254291488565,15.0402118416218,14.0138796528727
121598100,1407.38541666667,2.82183124350641,1.57958372042255,16.2337113884356,15.9338030891177
121690800,1408.45833333333,2.90547875371325,1.67906430945207,17.5350871197636,18.0946270098249
121783500,1409.53125,2.95150404713645,1.75814240045877,14.9126962174591,15.8580467979791
121876200,1410.60416666667,2.95542952131547,1.8136853167068,19.8727571988447,20.904855992288
121968000,1411.66666666667,2.9145912505002,1.84255007621218,22.8713715766314,24.0547826452533
122060700,1412.73958333333,2.82710878871203,1.84308455040515,26.8573988300744,28.041515473797
122153400,1413.8125,2.69501375622,1.81399430814944,29.1756191177737,30.2116909144738
122245200,1414.875,2.52501379782026,1.75673529039103,28.1116240703505,28.825747100544
122337900,1415.94791666667,2.3209052314205,1.67235929287592,22.3261672223669,22.8461186920425
122429700,1417.01041666667,2.09496718921221,1.56552180685344,25.5135670475701,25.8119934900845
122522400,1418.08333333333,1.85177738950101,1.43748553372328,24.0126832530629,23.828023990584
122614200,1419.14583333333,1.60560444968046,1.29397389713498,22.1507223368501,21.5105038010529
122706900,1420.21875,1.36316450163621,1.13527400972622,18.6832013702899,17.6357410246802
122799600,1421.29166666667,1.14305746843527,0.965805697088269,15.2031018475609,14.0790089025948
122891400,1422.35416666667,0.971307231051213,0.790736303565491,8.90677718095616,8.14801876716567
122984100,1423.42708333333,0.877726622510917,0.611182907053546,12.2905386348069,11.7862249354116
123075900,1424.48958333333,0.889407706351931,0.438647548980056,16.3330510019439,16.6008589201751
123168600,1425.5625,0.998770829832494,0.291114588573703,20.2456458083437,21.0446087708218
123260400,1426.625,1.17036309436481,0.235016000512193,22.6124707039838,23.7147856492796
123352200,1427.6875,1.37320083840964,0.318357237338205,25.8116145041751,27.013798536043
123444900,1428.76041666667,1.58846167290275,0.469296686249486,22.3248129388632,23.4719205868689
123537600,1429.83333333333,1.8011960795204,0.636153725341397,25.7710803230837,26.8840884185796
123630300,1430.90625,2.00328120457686,0.803613102628116,29.1765755692223,30.0479295511186
123722100,1431.96875,2.1876122112233,0.964718724831224,29.2632284775736,29.7550679342099
123814800,1433.04166666667,2.3538951500315,1.12014468705654,25.7510463530664,25.8551984261577
123906600,1434.10416666667,2.4956923124792,1.26539349474585,23.4210185653321,23.0545808261604
123999300,1435.17708333333,2.61264514630734,1.40201112817485,16.2257856517073,15.5491797004838
124092000,1436.25,2.6998086441999,1.52690816892974,17.2474691730177,16.3726003231853
124183800,1437.3125,2.75294057058956,1.63677663267057,16.8515296022224,15.6808280548877
124276500,1438.38541666667,2.76886839127109,1.73059316192788,15.9432800932414,15.1081922485846
124368300,1439.44791666667,2.74328266339619,1.80259949763282,14.1947686705601,14.1076858456296
124461000,1440.52083333333,2.67271839552172,1.84989160042037,17.0929359732507,17.5938589953964
124552800,1441.58333333333,2.55779834367858,1.86781241520397,16.5980638821184,17.5867625307487
124644600,1442.64583333333,2.40028806359583,1.85469778480478,19.202615372543,20.248306926063
124737300,1443.71875,2.20337381508594,1.80977620737065,25.7205195139127,26.9053222246344
124829100,1444.78125,1.97849554841579,1.73583009777017,29.6324760705367,30.8041385743982
124921800,1445.85416666667,1.73018948088324,1.63492065309723,27.1057691594289,28.0983834664538
125013600,1446.91666666667,1.47260123441358,1.51327936308194,27.8959557522245,28.6857391909402
125106300,1447.98958333333,1.21097734483015,1.37304604491632,24.3618789477457,24.84697876291
125198100,1449.05208333333,0.963659162417497,1.22130079937531,24.9250361588091,25.224739307838
125290800,1450.125,0.74844263902908,1.05938124531121,26.0054744746473,25.8194322374313
125382600,1451.1875,0.611478103007375,0.894906209218675,23.5794549885576,22.7931088494763
125475300,1452.26041666667,0.603211967883514,0.730179271933634,15.5724380373629,14.4602743661612
125567100,1453.32291666667,0.721700327230511,0.57660726399434,13.8091593595632,12.6424089715471
125659800,1454.39583333333,0.91202771118934,0.44652486629318,11.1890248420334,10.4115036517382
125751600,1455.45833333333,1.12636828204855,0.37106949071079,12.1878486869359,11.798916155973
125844300,1456.53125,1.34637157858458,0.3802837827328,17.0797780263518,17.3189286727959
125936100,1457.59375,1.55640444592287,0.46506055359894,23.4037380699513,24.2557100089933
126028800,1458.66666666667,1.75394214883808,0.590597973745482,22.7178189899053,23.8938768960386
126120600,1459.72916666667,1.93094120576173,0.730504342811423,23.4438072956703,24.656692090809
126213300,1460.80208333333,2.08792096701588,0.876452074341451,24.9176741030086,26.0915752620032
126305100,1461.86458333333,2.21965076411672,1.02068427331719,26.852497215691,27.9429012827454
126397800,1462.9375,2.32683290223025,1.1634516478991,29.7325439640135,30.6184661718894
126489600,1464,2.40549835381817,1.30014420045819,31.3855953523646,31.8350970650732
126582300,1465.07291666667,2.45496667538805,1.43138130755763,24.2797222813816,24.237991565456
126674100,1466.13541666667,2.47161501330078,1.55180522902596,21.5889044302124,21.347804699067
126766800,1467.20833333333,2.45268869992371,1.65985269634005,19.0033823520507,18.3557913057964
126858600,1468.27083333333,2.39558125772902,1.74856788115076,17.404740811553,16.4182539147369
126951300,1469.34375,2.29704567289844,1.81431379732752,16.1829092881419,15.0010095730087
127043100,1470.40625,2.15874094712468,1.8510101538233,17.4504717221275,16.6222828272482
127135800,1471.47916666667,1.98030349686107,1.8561319968555,15.2064963121207,15.3932652612996
127227600,1472.54166666667,1.77015040915382,1.82876726794485,14.3519567386945,14.9073343965046
127320300,1473.61458333333,1.53115814613752,1.77011483152041,17.8449847381617,18.715306931905
127412100,1474.67708333333,1.27579977807761,1.68503526927237,22.1624777806158,23.2503795633206
127504800,1475.75,1.00719153695136,1.57680287086246,25.726746658039,26.9352090801661
127596600,1476.8125,0.739112874044221,1.45276695256464,30.931776839204,32.1149449674971
127689300,1477.88541666667,0.479524738269054,1.3156652180422,28.2485814333,29.1873038121123
127782000,1478.95833333333,0.274273868762604,1.17151527088801,25.3623894734446,26.1757483130924
127873800,1480.02083333333,0.277436545021814,1.02638597478386,26.6678855585185,27.2478627941477
127966500,1481.09375,0.473224291055089,0.882213865181544,27.5190406696207,27.7076558867351
128059200,1482.16666666667,0.706965258673277,0.74618630115699,24.5174475412637,24.2415525197118
128151900,1483.23958333333,0.939459500750227,0.626371305462899,23.3403654313418,22.5489221451577
128243700,1484.30208333333,1.15819926717645,0.535608655603345,16.0681670646587,14.9033039558967
128336400,1485.375,1.36250055851858,0.48795758550536,11.1628059863148,9.99638443295371
128429100,1486.44791666667,1.54678223408246,0.496319399028195,11.8670600266069,10.9275590840351
128520900,1487.51041666667,1.70704893752414,0.55622436899135,15.8519719603237,15.5598918535307
128613600,1488.58333333333,1.84454206245927,0.653597478980809,17.9190879452231,18.3908467222778
128705400,1489.64583333333,1.95524765205534,0.772107297130832,22.5846537737858,23.4667529490692
128798100,1490.71875,2.04040540582224,0.90436810920346,24.602713026482,25.7961792488119
128889900,1491.78125,2.09769205023841,1.04176103475954,22.6304773491208,23.8543135831535
128981700,1492.84375,2.12741794092201,1.18113536057174,25.2745681501502,26.4805316558499
129074400,1493.91666666667,2.12860200039091,1.31978048082083,30.7738422060325,31.854607797872
129166200,1494.97916666667,2.10003102363395,1.45058974563849,30.1062450443613,30.8863434909398
129258900,1496.05208333333,2.03968457401547,1.57103243348528,29.908185852973,30.36979226933
129351600,1497.125,1.9463225014516,1.67414022519338,25.256262767168,25.2024564489378
129443400,1498.1875,1.82070269033257,1.75363482279102,20.3124463928812,20.0227818362456
129536100,1499.26041666667,1.66116766444737,1.80633060748889,19.6797418499679,19.1127987659297
129627900,1500.32291666667,1.47352133711645,1.82821599081498,20.373216306666,19.3326812236412
129720600,1501.39583333333,1.25880360926011,1.81901827352587,15.933805611601,14.7916171388815
129812400,1502.45833333333,1.02737960409659,1.78058819322948,15.0272457299556,14.281835208113
129905100,1503.53125,0.782041858693109,1.71578146098565,15.6102628717915,15.7521334347439
129996900,1504.59375,0.536259861942427,1.6305240462422,14.9631246792526,15.6267803606639
130089600,1505.66666666667,0.301937424235637,1.52818448219774,17.4563342350866,18.3213872066991
130181400,1506.72916666667,0.1705477701634,1.41543881283956,25.4178923757086,26.4887409752461
130274100,1507.80208333333,0.306883701665347,1.29421239343737,28.49917156534,29.7233809122538
130365900,1508.86458333333,0.522171641669675,1.17026266297858,28.7499824401994,29.9188836716273
130458600,1509.9375,0.741837038542743,1.04407619677723,28.7576772483321,29.7337959142604
130550400,1511,0.948939163960653,0.920832410009661,26.5751883259263,27.364492117454
130642200,1512.0625,1.14081553718031,0.802538741746438,26.4495331288902,27.0442029085466
130734900,1513.13541666667,1.31588235638861,0.693081858142132,30.1112761117838,30.2932042724702
130827600,1514.20833333333,1.46949621189686,0.602104297794265,25.6568710121701,25.1945322926387
130920300,1515.28125,1.59937006992898,0.54290762166752,19.9269984215374,19.0998053326211
131012100,1516.34375,1.70276534130647,0.530720071967501,15.6296858756649,14.4907990546496
131104800,1517.41666666667,1.78040403753025,0.572576584359144,12.5371011132054,11.3774547199247
131196600,1518.47916666667,1.83009671546383,0.660498232224167,11.5166330845544,10.6261422876025
131289300,1519.55208333333,1.85273520173236,0.781527223549694,17.0655088748032,16.7324844043956
131381100,1520.61458333333,1.84828090578854,0.919955228059699,21.4930923991255,22.0843176661852
131472900,1521.67708333333,1.81775988254674,1.06673740412171,21.5797409661237,22.5882875634163
131565600,1522.75,1.76123633965455,1.21545631023558,22.9646619094188,24.1518782149468
131657400,1523.8125,1.68048918910588,1.35657299183251,24.8053689553299,26.0334089145166
131750100,1524.88541666667,1.57463413435458,1.48683820216648,26.3606158179208,27.5577568811429
131841900,1525.94791666667,1.44673498711758,1.59837978452691,31.8016931109836,32.8975874389729
131934600,1527.02083333333,1.29616731573924,1.68876522889434,32.6425987855994,33.3516320124045
132026400,1528.08333333333,1.12926292157812,1.75282681400239,27.7619878486511,28.1214790957485
132119100,1529.15625,0.948686243407741,1.789918012224,24.2490235186495,24.3059659500475
132210900,1530.21875,0.76780882920196,1.79919531580016,22.7548457720953,22.4784100650149
132303600,1531.29166666667,0.600874258389393,1.78241684946431,19.643353777006,18.9521113082566
132395400,1532.35416666667,0.484018061043035,1.74275751298842,20.2708930463472,19.2229542187007
132488100,1533.42708333333,0.461606786308788,1.68304370422921,17.9347309388443,16.8213535815699
132579900,1534.48958333333,0.543676505880675,1.60809499226049,14.0737229773936,13.5930129496797
132672600,1535.5625,0.688351847179081,1.5197642337252,13.278065165189,13.4416869726135
132764400,1536.625,0.854104919719672,1.42237955856113,16.3910568238106,16.8973113766179
132857100,1537.69791666667,1.02404636621897,1.31592576927444,20.1167858579727,21.0499915521832
132949800,1538.77083333333,1.18637587689881,1.20258516366857,25.3569813043402,26.4624783279123
133042500,1539.84375,1.33511511047433,1.08331201500921,30.8443837149073,32.0720153834895
133134300,1540.90625,1.46495089972288,0.960526526800658,28.9445673307886,30.0751749491718
133226100,1541.96875,1.57422490284211,0.835409112603107,26.5396471116428,27.5338982858274
133318800,1543.04166666667,1.66097220384293,0.711832976805391,29.0020256172445,29.8506417012653
133411500,1544.11458333333,1.72169461821296,0.601873254897504,28.9105695180278,29.3977798046907
133503300,1545.17708333333,1.75444934000651,0.526237154277235,28.7870506670606,28.9193178788669
133596000,1546.25,1.75887604390472,0.510064324255415,26.3980371836099,25.9019084851926
133686900,1547.30208333333,1.7351849258435,0.565227937402613,19.3564391189016,18.430326157665
133779600,1548.375,1.68335508437146,0.678566730201562,13.2838974943716,12.1676523426782
133871400,1549.4375,1.60631424351217,0.822701621735363,13.9996854469832,12.8112399842285
133964100,1550.51041666667,1.50512349793257,0.981027480863382,14.8450957204558,14.0879842559389
134055900,1551.57291666667,1.38478738460679,1.1379662298476,16.5678636731155,16.4276945619908
134148600,1552.64583333333,1.24648980742925,1.28816378343792,21.6216580130534,22.2305594859203
134240400,1553.70833333333,1.09719314143142,1.42289949120847,23.1662548403911,24.2251943205255
134333100,1554.78125,0.940027574275757,1.54064303744155,21.9569036943457,23.1640714493488
134424900,1555.84375,0.787645823342387,1.63628705113868,25.1820457908908,26.4055025914447
134517600,1556.91666666667,0.654015563317202,1.70999010965463,30.4962596231953,31.6836190545765
134610300,1557.98958333333,0.568817998301695,1.76004123994433,31.6869789503903,32.7213038939357
134702100,1559.05208333333,0.562615919763848,1.78660560537168,32.2093049441717,32.9257907421858
134793900,1560.11458333333,0.638101374045264,1.79138876133771,28.3388240014663,28.6625578676957
134886600,1561.1875,0.76972281744675,1.7758062096924,22.926300785106,22.9533706588457
134978400,1562.25,0.925792359134967,1.74208856062474,23.8850488469693,23.7070987540601
135071100,1563.32291666667,1.09051198554831,1.69147362562175,22.7560672879619,21.9682919550335
135162900,1564.38541666667,1.24990837948164,1.62651846553926,18.6552907130221,17.5142490816409
135255600,1565.45833333333,1.40047236364313,1.5470990731522,16.3043182287327,15.209378643463
135347400,1566.52083333333,1.53492092469123,1.45544170484395,14.5533554169039,14.07703550673
135440100,1567.59375,1.65262043591454,1.3501064217634,13.3957263538533,13.7047587572952
135531900,1568.65625,1.74862109752572,1.23341663111498,15.8052786079419,16.2550634980566
135623700,1569.71875,1.82176200937616,1.10503886353202,23.9226624679379,24.815947462875
135716400,1570.79166666667,1.87008891892996,0.965257092555227,27.1698049340981,28.3408036750658
135808200,1571.85416666667,1.89045602485755,0.820813126687892,29.4035221057497,30.6321780747117
135900900,1572.92708333333,1.881282154201,0.677839955320726,29.6460769386088,30.7905776319109
135992700,1573.98958333333,1.84133570621955,0.557604545333561,27.5017420654796,28.4746750496137
136096200,1575.1875,1.75892330254055,0.488956913358229,29.4616437619228,30.3152033640711
136197900,1576.36458333333,1.64065166010695,0.529866835094866,31.8797668293555,32.2353874332577
136295100,1577.48958333333,1.49636135954422,0.65306230255653,27.9605233709468,27.7899936971665
136381500,1578.48958333333,1.3465657822926,0.796831306692946,22.5426799392051,21.9531063933029
136478700,1579.61458333333,1.15990090377843,0.969783155889931,18.1660653938349,17.1965756776758
136565100,1580.61458333333,0.984507280699562,1.12045968210729,13.2251428785861,12.0587686045654
136663200,1581.75,0.785813923568678,1.27952799997606,14.469271233154,13.3024046919634
136750500,1582.76041666667,0.626102118713825,1.40633462110753,17.4265170856512,16.8189445256272
136847700,1583.88541666667,0.504582094230098,1.52876281505186,19.7794257270584,20.0820628356944
136942200,1584.97916666667,0.495714397750195,1.62772295913772,20.6931201028508,21.5688867749334
137048400,1586.20833333333,0.621046459105903,1.71481671547806,23.3445164606653,24.4682619322275
137141100,1587.28125,0.794816565899054,1.76994586475314,23.7269502161163,24.9515622732887
137232000,1588.33333333333,0.986016191909307,1.80524957776054,28.8180822612118,30.0492855692458
137326500,1589.42708333333,1.18761844301832,1.82252371547715,33.9223180673799,35.0379080568441
137426400,1590.58333333333,1.39227077434416,1.81960906731081,32.676181904332,33.4709545351334
137523600,1591.70833333333,1.57593056451005,1.79625729986622,27.790512477037,28.2917327700822
137621700,1592.84375,1.74107641734643,1.75250828569022,26.8154103229357,26.9693388839866
137718900,1593.96875,1.88141630906485,1.68941391000423,23.3522520885273,23.1800163058057
137816100,1595.09375,1.99615292686283,1.60683904155598,24.1347358013025,23.4827515888581
137902500,1596.09375,2.07504331332949,1.51723026070711,21.1217269556282,20.007949981651
137988900,1597.09375,2.13084608933883,1.41262133200043,16.782588315629,15.6569149680454
138080700,1598.15625,2.16334461702457,1.28567649002458,11.9843894560422,11.3267095651558
138172500,1599.21875,2.16653439940745,1.14391947357529,14.0671144819615,13.9422920699009
138266100,1600.30208333333,2.13768923102917,0.987339153841549,16.1741845486746,16.6546485690786
138363300,1601.42708333333,2.07142358233409,0.818996099986436,22.2652561316441,23.0633871788931
138449700,1602.42708333333,1.98022141167791,0.676418914798287,27.9546000783639,29.0671871075411
138546900,1603.55208333333,1.84103341316175,0.550902060027129,30.4954887076691,31.7250924274724
138646800,1604.70833333333,1.65949948138477,0.506994480717064,27.2353040784402,28.3987863191736
138734100,1605.71875,1.47279010352652,0.560964949012574,29.7587355243467,30.8313661334136
138823200,1606.75,1.26127072405501,0.680500303866607,30.0671249275774,30.9360836110207
138921300,1607.88541666667,1.01413062050997,0.845690941404742,32.0578401661784,32.6083484112301
139014000,1608.95833333333,0.782032797526323,1.0085338737843,31.0079855534074,31.0628954035689
139107600,1610.04166666667,0.577651154399374,1.1667953078006,25.0882941109362,24.5673093547773
139203900,1611.15625,0.464002875100377,1.31700912150184,17.1526307745128,16.3755588769742
139295700,1612.21875,0.51566213942981,1.44578413510783,16.8838254247396,15.8244718987747
139382100,1613.21875,0.6751711074976,1.55323747738604,15.0316272101038,13.8447522192764
139469400,1614.22916666667,0.88213937946723,1.64784867609611,15.7669099986013,14.8898472563453
139565700,1615.34375,1.12564287340668,1.73544796244878,18.6635568479987,18.5882837435601
139653900,1616.36458333333,1.34697381778543,1.79963265050769,22.0084602815304,22.663684548865
139759200,1617.58333333333,1.59816083388351,1.85510965228955,19.9478667223935,21.0219514114091
139848300,1618.61458333333,1.79379573116766,1.88310142547135,23.6374194025467,24.7812296223475
139935600,1619.625,1.9666994648047,1.89286523141874,28.2715966482727,29.4969972789794
140028300,1620.69791666667,2.1270357825662,1.8834132712367,32.147950353992,33.3449612017393
140120100,1621.76041666667,2.25994139323011,1.85346912021521,33.6035304387604,34.6309529159264
140218200,1622.89583333333,2.37158765030165,1.79861097332564,32.4617049205062,33.1228438766139
140321700,1624.09375,2.45367142011777,1.71527584441072,25.8495550043619,26.2493510763973
140428800,1625.33333333333,2.49841816942105,1.60219855993685,27.2692989487445,27.3350709269953
140525100,1626.44791666667,2.5023568265884,1.47834417246237,25.6265306272081,25.1670209917153
140622300,1627.57291666667,2.46994133444185,1.33386839688617,21.4246987738855,20.4419991692975
140714100,1628.63541666667,2.4041660131728,1.18218944489236,18.0743001787959,16.8785428875932
140805000,1629.6875,2.3038298484042,1.0218230956827,14.4223343152199,13.6094845572741
140904900,1630.84375,2.15182147556266,0.843128239544833,11.2294051265904,10.9536278401812
140996700,1631.90625,1.97363362426468,0.692463350941751,16.4575820506796,16.6116402134867
141098400,1633.08333333333,1.73604241968034,0.574026227163993,23.4004366176474,24.1489077571905
141198300,1634.23958333333,1.46895009794637,0.551411377778644,27.1624680505275,28.290272497834
141303600,1635.45833333333,1.16664591325698,0.638572228387041,30.1937884203704,31.4232723861484
141394500,1636.51041666667,0.909720294392627,0.770407598108231,28.7031190529249,29.8601722726961
141480900,1637.51041666667,0.701672719867241,0.915023542405772,28.3498736350922,29.4545394953032
141577200,1638.625,0.581736390515546,1.08008040887545,32.7011836370198,33.6210524586268
141676200,1639.77083333333,0.652325022801056,1.24392902580878,33.8902399317825,34.3829033821932
141762600,1640.77083333333,0.833376226758072,1.37807573296112,29.5142916648929,29.5692813494413
141856200,1641.85416666667,1.08069161302471,1.51193265752884,25.8008262987859,25.4326354936202
141957000,1643.02083333333,1.3623730208075,1.64099256524455,18.4456829775281,17.6387619726131
142049700,1644.09375,1.6170393288036,1.74426420306228,16.1542506529169,15.1545873753866
142147800,1645.22916666667,1.87189329403101,1.83557860490401,17.0304340316429,15.8428408266581
142239600,1646.29166666667,2.09092501394655,1.90245745051828,18.3653262453444,17.6678701139017
142341300,1647.46875,2.30660336452051,1.95349590076878,17.9561318826625,18.1958264797825
142445700,1648.67708333333,2.49415524450692,1.97867755414348,21.1125432906839,21.9141919102816
142533000,1649.6875,2.62205760955727,1.97745227203225,21.7309201839817,22.8129869262025
142635600,1650.875,2.73645033997137,1.94940579277362,25.2842709328098,26.4561180715315
142735500,1652.03125,2.8089223667553,1.89449423446494,32.3545193069615,33.5816218641432
142838100,1653.21875,2.84217978177129,1.81049767898433,34.8079388765996,35.8790217906528
142928100,1654.26041666667,2.83623989643548,1.71491101054828,31.6397983729318,32.4979670135249
143042400,1655.58333333333,2.78026966789376,1.56629237464783,29.4857982988371,29.9936703801088
143129700,1656.59375,2.70002640619019,1.43443581420196,27.1451888526782,27.4232715811957
143226000,1657.70833333333,2.5726650660556,1.27358722551313,27.2763342564266,27.1669981783607
143312400,1658.70833333333,2.42294007301667,1.11914422522422,26.8036637816637,26.1644753758804
143399700,1659.71875,2.23760274648391,0.958864220847644,21.0363099896317,19.9228964188233
143496000,1660.83333333333,1.9954940345475,0.788280696778743,14.2995134766651,13.1334603279198
143598600,1662.02083333333,1.70107806407054,0.638522406889784,12.9733728172028,12.2512614127908
143693100,1663.11458333333,1.40997060581656,0.566930062228169,13.9890592697164,13.8463762980225
143787600,1664.20833333333,1.12321671421759,0.589024872776646,18.5701607220889,18.9408810115921
143876700,1665.23958333333,0.894408316964778,0.685640932654202,25.816602042546,26.642334881404
143969400,1666.3125,0.76441505019541,0.8305668451055,29.5831243650464,30.7603213900155
144058500,1667.34375,0.799360602372565,0.987521167796777,28.0039995590073,29.2316877857133
144160200,1668.52083333333,0.999102084860609,1.1704891017712,29.2531859399556,30.4350384588277
144257400,1669.64583333333,1.26558383094427,1.34001443072623,31.2911537450241,32.3563547462884
144350100,1670.71875,1.53985553747297,1.491977928831,33.3761969609651,34.2278202136899
144447300,1671.84375,1.8250415202411,1.63770708271698,35.1543410602961,35.5886903141582
144543600,1672.95833333333,2.09316672881272,1.76547548045938,28.5293634088509,28.398522780481
144630000,1673.95833333333,2.31549378340773,1.86383617713721,22.6303442600771,22.2314796419988
144718200,1674.97916666667,2.52062960902623,1.94641565432762,20.0496372632006,19.3527582985877
144820800,1676.16666666667,2.72737574885999,2.01752330939084,18.0947482124594,17.0121916150353
144914400,1677.25,2.88279138509719,2.05717339408257,16.4187845668777,15.260054893735
145006200,1678.3125,3.0019481196078,2.07150575243944,18.7151300972505,18.0706909429386
145099800,1679.39583333333,3.08762592433818,2.06054507598586,19.659568742414,19.9863195616264
145192500,1680.46875,3.13551660543087,2.02435883216032,18.7264134437355,19.535562105125
145299600,1681.70833333333,3.14398532921637,1.95215409282751,22.1206409937293,23.1422911759517
145386000,1682.70833333333,3.11375725132373,1.87142056233053,27.7267143575534,28.8912040464369
145479600,1683.79166666667,3.04339307677572,1.76292975884956,31.4969880845329,32.721080368346
145580400,1684.95833333333,2.92359381669526,1.6237081403327,35.8308406151673,36.9501742941142
145674900,1686.05208333333,2.76959275137323,1.47425326525631,32.7080534736879,33.5443507945011
145774800,1687.20833333333,2.56309008885804,1.29901038964396,29.0041052558053,29.6388022175257
145862100,1688.21875,2.34704307994629,1.13436408410457,29.6515404852817,30.0688673296939
145968300,1689.44791666667,2.04420798047878,0.926502030841599,29.2883480172845,29.1581290844873
146066400,1690.58333333333,1.73584452649592,0.74050453238638,25.3469790515384,24.7103823538774
146159100,1691.65625,1.43737895751029,0.594936754444369,21.5076546265684,20.4101037219733
146260800,1692.83333333333,1.1398837355389,0.519013545540104,13.9155540990725,12.794072427475
146355300,1693.92708333333,0.953071992895428,0.56476997405599,11.3811218089205,10.573758993832
146451600,1695.04166666667,0.926132428044642,0.702324902039191,15.5471740392742,15.2391636217797
146550600,1696.1875,1.07852878507028,0.88846423951983,21.6897236097287,22.1738334650546
146649600,1697.33333333333,1.33869481596689,1.08776864005426,25.870632130223,26.8153039932335
146745900,1698.44791666667,1.63055492940518,1.27912399465301,29.7062644378585,30.8984858833573
146842200,1699.5625,1.92721089063098,1.46022344044011,28.4715209707415,29.6865595051596
146943000,1700.72916666667,2.22499170923349,1.63367523539694,29.2941792650992,30.4666788528078
147033000,1701.77083333333,2.47149424875568,1.77148876684946,34.7357498379936,35.7839785521113
147129300,1702.88541666667,2.70940079021877,1.89846997176459,35.2470633337597,35.9482466742037
147222000,1703.95833333333,2.90917810346959,1.99852453785882,32.9176550769622,33.2411839108891
147314700,1705.03125,3.07696169769769,2.07496012027763,28.26244448637,28.1187751685105
147409200,1706.125,3.21211090091244,2.12703650715829,21.9614547835068,21.4806841147898
147502800,1707.20833333333,3.30771365019323,2.1518429163662,19.4188230537094,18.6846571323606
147601800,1708.35416666667,3.36516518217514,2.14857233183678,20.2529888328617,19.1109031335283
147691800,1709.39583333333,3.37708495740004,2.11944793315112,17.8990319108904,16.8836580276798
147782700,1710.44791666667,3.34947914398982,2.0654748420545,17.2053831297035,16.8511326634929
147870000,1711.45833333333,3.28536275185206,1.99144549295141,18.7997614424293,19.1707263866974
147969900,1712.61458333333,3.16719412431941,1.88159865435906,19.9528467847229,20.8093861098454
148075200,1713.83333333333,2.9918993792932,1.73866429538001,22.8715054086553,23.9062859288635
148172400,1714.95833333333,2.78539234836163,1.58360687501142,31.5938198520721,32.7775852566217
148267800,1716.0625,2.5433577895697,1.41128693826379,34.6366562122998,35.8295308156456
148355100,1717.07291666667,2.29125133533078,1.23771738199308,34.1209080462955,35.1802147732132
148451400,1718.1875,1.98648180932557,1.03190548093661,32.1988445762217,33.0325445307395
148549500,1719.32291666667,1.66183435283421,0.814190336503259,30.0897430210349,30.6743391781542
148645800,1720.4375,1.35616428341794,0.609473638758743,30.3348948613621,30.663144007573
148734000,1721.45833333333,1.12815789890299,0.464390142748369,31.5044316376899,31.3313556150749
148821300,1722.46875,1.00721464204302,0.422222604159084,25.977898503507,25.248373245232
148919400,1723.60416666667,1.04749332858218,0.527503772996948,18.8293821983383,17.7325964248084
149011200,1724.66666666667,1.2306334076904,0.707401405222552,14.3571981181534,13.1913001439899
149112000,1725.83333333333,1.51702758646018,0.931842809743458,12.8528726058642,12.048954665445
149200200,1726.85416666667,1.79346689670403,1.12916150260452,14.659311354322,14.3287043939562
149287500,1727.86458333333,2.06750180593957,1.31647823771817,21.8268649960465,22.1012549238285
149379300,1728.92708333333,2.34334143921336,1.50010278429349,26.8500827572998,27.7486600208735
149470200,1729.97916666667,2.59653378618204,1.66542836037924,27.8067608683854,28.9671050928872
149558400,1731,2.81863750293069,1.80810846029512,28.0986604336956,29.3166606092129
149644800,1732,3.01051051119429,1.92940529329924,30.2724365573031,31.4741178850528
149742000,1733.125,3.19266855451291,2.042372612838,32.3837660320144,33.4999298186475
149834700,1734.19791666667,3.33005275110514,2.12542444377626,37.0412018785928,37.9559363941365
149943600,1735.45833333333,3.44212187299845,2.19036747302076,35.1071501554519,35.5161964125817
150050700,1736.69791666667,3.49641988094915,2.21824347516281,27.7856352232295,27.7579997858476
150148800,1737.83333333333,3.49475084595226,2.21155355468682,24.1999923733902,23.8825344819053
150255900,1739.07291666667,3.43515555918853,2.16886363032447,21.1796247616692,20.3918412339826
150346800,1740.125,3.33721762852686,2.1040908475067,19.6254614890142,18.5209948226588
150443100,1741.23958333333,3.18724182401664,2.00779061601585,19.1859897956741,18.13645371941
150549300,1742.46875,2.96957054834492,1.86997250001588,17.7272086199975,17.5974648703488
150650100,1743.63541666667,2.71644961165309,1.71001581055404,16.89385386609,17.4401900845346
150745500,1744.73958333333,2.44040645108619,1.53399943945932,20.7320541856387,21.53748488744
150837300,1745.80208333333,2.14797192343984,1.34378141363439,25.8088318527153,26.8685610244694
150927300,1746.84375,1.84526022503381,1.14002573023184,31.2749866864951,32.4609851060002
151015500,1747.86458333333,1.5478452583403,0.927915697127692,35.86098117585,37.0586623088027
151101900,1748.86458333333,1.27935539908504,0.715391925336712,35.035454179376,36.082632141206
151188300,1749.86458333333,1.07269086392004,0.513221589937938,31.3107063754717,32.1855131261556
151286400,1751,0.980941821824833,0.349461380594281,32.0114522067217,32.7192068553702
151390800,1752.20833333333,1.09054044860417,0.381014178524596,32.4431121769911,32.7366792174438
151481700,1753.26041666667,1.31073488324116,0.553101130943113,30.9196453594772,30.7759313283867
151573500,1754.32291666667,1.58650537410359,0.765903443714607,26.960589870389,26.2717876441952
151668900,1755.42708333333,1.88860659138429,0.991125617175367,19.377087926308,18.2811282951923
151758900,1756.46875,2.16781123673814,1.19548118010734,13.0339692237579,11.8668038688544
151854300,1757.57291666667,2.44609630966036,1.39801886057872,13.7286751960691,12.7112154716524
151947900,1758.65625,2.69497132738127,1.57988176743155,17.0699901979695,16.7277195861908
152046900,1759.80208333333,2.92755702247476,1.7522290938336,21.7613956902258,22.1604345692171
152138700,1760.86458333333,3.11186948918182,1.89240906265457,26.6639829150766,27.5717834336985
152226000,1761.875,3.25653823163741,2.00711176814205,28.6780136182581,29.8380563428558
152317800,1762.9375,3.37365142221438,2.10686594004348,27.3585344947888,28.5735453603066
152405100,1763.94791666667,3.44888008481822,2.18042499810301,30.5313509989661,31.7375458513154
152496900,1765.01041666667,3.48685726268346,2.23355891615832,35.8167356802587,36.9218012351436
152588700,1766.07291666667,3.47973972432809,2.25990745515719,37.0837435995739,37.9496916407586
152681400,1767.14583333333,3.42455622409622,2.25747666463496,35.5652570768753,36.0730458348831
152773200,1768.20833333333,3.3215063047307,2.22497558473683,31.0081204329499,31.1041949932617
152865000,1769.27083333333,3.17115093072932,2.16197462349408,24.751213796381,24.5509713050692
152957700,1770.34375,2.97405847036848,2.06777408246134,24.0136583451864,23.5531961065247
153045000,1771.35416666667,2.75085273220264,1.95209227930804,23.2002351699364,22.2649477046146
153136800,1772.41666666667,2.48233324255049,1.80411841788487,19.6281471487344,18.4505600123427
153234900,1773.55208333333,2.16501347559279,1.61903881638075,17.0552286788137,16.2798185229739
153332100,1774.67708333333,1.83038957202993,1.41200860121353,17.3521544532198,17.4011801590703
153430200,1775.8125,1.4882423888845,1.18425857946037,17.4832293065632,18.1344034622637
153522900,1776.88541666667,1.18527027028386,0.958040303690786,21.4843512050025,22.305546737299
153620100,1778.01041666667,0.937195426232126,0.719926066047317,30.0421855522239,31.1344125865051
153706500,1779.01041666667,0.841577202210461,0.524808589148614,34.1607682579559,35.3690546941076
153792900,1780.01041666667,0.904774392526049,0.384759867296395,34.7793105882796,35.9393126153272
153881100,1781.03125,1.09659396865472,0.37259842802286,34.2663339269693,35.2818584157435
153977400,1782.14583333333,1.37653507657381,0.511167747259411,31.8626161400034,32.6763762575135
154069200,1783.20833333333,1.66374527954951,0.702090490963045,32.8658242092015,33.5066788344448
154161900,1784.28125,1.94975502050959,0.906686040353501,34.8926982370268,35.1142670913168
154253700,1785.34375,2.21722937725849,1.10561404776358,31.1059336223971,30.7739532147332
154351800,1786.47916666667,2.47864866412441,1.30755561262196,23.4679344362338,22.6638904701866
154438200,1787.47916666667,2.68455337678408,1.47393307492435,18.3433333763621,17.2681281768555
154530900,1788.55208333333,2.87769646378816,1.63928170224626,13.8813218860585,12.7232536836522
154633500,1789.73958333333,3.0553724062369,1.80537743972729,14.2710165579817,13.3589193642283
154719900,1790.73958333333,3.17326840731928,1.9304337179523,19.1907961280716,18.9218255385561
154814400,1791.83333333333,3.26599927773985,2.05000596659233,24.3617395284092,24.9117525776785
154905300,1792.88541666667,3.31603033264521,2.14564492530428,26.0687200539935,27.073133489683
154998000,1793.95833333333,3.32350279086522,2.22027698864503,27.4021561853677,28.5662720104275
155096100,1795.09375,3.27922187154822,2.2696943364263,29.3498535202851,30.5594759040221
155203200,1796.33333333333,3.16577296055361,2.28351811170738,33.7057006736715,34.8786389111446
155296800,1797.41666666667,3.01021413141389,2.257700749272,38.7551521665118,39.7568691184387
155384100,1798.42708333333,2.81977591009719,2.20045266621354,37.9701474618774,38.6377593313801
155493900,1799.69791666667,2.52487150631841,2.08408429991674,31.2642072182474,31.5302404373938
155590200,1800.8125,2.22446212872352,1.94481757461515,28.1239690506851,28.0832397190616
155683800,1801.89583333333,1.90504516858034,1.78103783016302,25.2883775323363,24.8934333860234
155776500,1802.96875,1.57260070472994,1.59674262291455,23.8887902075538,23.0840232709847
155872800,1804.08333333333,1.2243842527527,1.38853297299551,21.6613515131841,20.4945095755506
155965500,1805.15625,0.908509173348634,1.17901738101655,17.9282674677205,17.0685366827358
156057300,1806.21875,0.661288851659527,0.971022425126075,15.0749661019648,14.9464448067606
156153600,1807.33333333333,0.578195610957069,0.764930910614293,16.8989491481898,17.2793723080371
156250800,1808.45833333333,0.729568650190557,0.592404401551669,21.5506432052969,22.3221429108882
156355200,1809.66666666667,1.02256195384749,0.493904480029635,28.6552321920973,29.7067472899838
156445200,1810.70833333333,1.30177960240903,0.516327193895088,34.8213532440947,36.0179172467058
156531600,1811.70833333333,1.56647958122749,0.616214987609131,35.8432409400822,37.0034346960924
156633300,1812.88541666667,1.86026374559168,0.783399135517634,32.6357659513973,33.6557615118019
156729600,1814,2.11390610712192,0.959607331778369,33.7652788559848,34.6355714996578
156822300,1815.07291666667,2.33213746722941,1.13218183552901,35.0403066741686,35.6408702106268
156909600,1816.08333333333,2.51280262445554,1.29240958278627,34.9235600146765,35.1578376718305
156996900,1817.09375,2.66834037573283,1.44822040466078,32.596610017589,32.3418605936398
157101300,1818.30208333333,2.81994759639547,1.62691005058161,24.086293969113,23.2674874264439
157194000,1819.375,2.92134462381385,1.77682188414375,16.764452859378,15.7249354332322
157283100,1820.40625,2.98694211444113,1.91086037370594,15.33402248977,14.1733482654116
157383000,1821.5625,3.01947337839392,2.0454701575083,16.1746483371089,15.2863862646194
157470300,1822.57291666667,3.00834829063715,2.14496332615873,18.8620124898619,18.6488622540062
157557600,1823.58333333333,2.95636918446633,2.22240701495471,23.5070547249903,23.9803463691932
157654800,1824.70833333333,2.84659762922503,2.27637481387231,26.9062586046061,27.9081620636316
