elapsed_seconds,elapsed_days,earth_ssb_error_km,earth_heliocentric_error_km,saturn_ssb_error_km,saturn_heliocentric_error_km
97200,1.125,6.08991247864226e-05,6.09615401728985e-05,0.00255350006720846,0.00255355635297302
189900,2.19791666666667,0.000240393651956628,0.00024060412774583,0.00878616075319446,0.00878628353118095
282600,3.27083333333333,0.000553200557636469,0.000553607630175126,0.0269361518719033,0.0269364784995321
375300,4.34375,0.00101666975147666,0.00101726923914024,0.0222523426507148,0.0222534605778942
468000,5.41666666666667,0.00164921885935941,0.00164991541821252,0.0594954242732499,0.059495805292593
560700,6.48958333333333,0.00246598772977217,0.00246659690374106,0.0936302387112974,0.0936322099731134
653400,7.5625,0.00347857238546115,0.00347881745683745,0.139929447862354,0.13993245074884
745200,8.625,0.00467422928508394,0.00467375234283352,0.151601629611332,0.151605990865591
838800,9.70833333333333,0.00607329183493754,0.00607163750161899,0.210871675680601,0.21087745196916
931500,10.78125,0.00760193559846907,0.00759864435675269,0.173331330321075,0.173338421517837
1023300,11.84375,0.00920204619908307,0.00919672011953702,0.308205225577001,0.308213342886243
1116000,12.9166666666667,0.010840191845696,0.0108324761536001,0.262725831263273,0.262732630628666
1208700,13.9895833333333,0.0124372915222396,0.012427014254859,0.282152747387497,0.282156532451892
1301400,15.0625,0.0139396040884583,0.0139267855500608,0.236933777913566,0.236935061593934
1394100,16.1354166666667,0.0153079933229577,0.0152929222663413,0.233415312521504,0.233407536876279
1486800,17.2083333333333,0.016518506432723,0.0165017061296658,0.0966318948994416,0.0966247103932428
1578600,18.2708333333333,0.0175490102474385,0.0175312605684611,0.245953432286815,0.245934256908284
1671300,19.34375,0.0184170664043414,0.018399386610999,0.18771173865113,0.18769183685559
1764000,20.4166666666667,0.0191154038165893,0.0190990100707073,0.222150344634929,0.222143165003343
1856700,21.4895833333333,0.0196493911630774,0.0196356298069146,0.198700152705003,0.198707094933561
1949400,22.5625,0.0200314248239434,0.020021735639308,0.365429799732969,0.365444942073524
2042100,23.6354166666667,0.0202741957881814,0.0202700151174719,0.230484281638047,0.230511751618066
2134800,24.7083333333333,0.0203929046912902,0.0203955932766899,0.470980694314843,0.471010706224797
2226600,25.7708333333333,0.0204054343958737,0.0204160931909548,0.53850684909189,0.538547718894292
2318400,26.8333333333333,0.0203331975766534,0.020352712056174,0.577785708804046,0.577828919514708
2411100,27.90625,0.0201996763873708,0.0202286555621121,0.440859682143813,0.44090376716192
2503800,28.9791666666667,0.020040136247096,0.0200785423628195,0.617815139373502,0.617848620980615
2596500,30.0520833333333,0.0199038892954826,0.0199508381495955,0.423616543755681,0.423644237555304
2689200,31.125,0.0198591061189072,0.0199127258319612,0.602969806070878,0.60298349708073
2781900,32.1979166666667,0.0199926299573518,0.0200497029882533,0.471674039230967,0.471646846081896
2874600,33.2708333333333,0.0204006175789382,0.0204565561466164,0.447940302139466,0.447876991911504
2967300,34.34375,0.0211675024049418,0.0212167692288136,0.195197711240837,0.195128215661042
3061800,35.4375,0.0223639271599036,0.0224005113035472,0.380196502275309,0.380128126322348
3154500,36.5104166666667,0.0239246974432418,0.0239439311422958,0.248187504178607,0.248175173043148
3247200,37.5833333333333,0.0257827087577655,0.0257812392477454,0.501608101484477,0.501586813185191
3339000,38.6458333333333,0.0277844445751751,0.0277608168812053,0.563769488264684,0.563801801207849
3431700,39.71875,0.0298204658580985,0.0297744332380337,0.748305133923984,0.748386079001876
3523500,40.78125,0.0317216703467546,0.0316548683099804,0.524977820928046,0.52507400042803
3616200,41.8541666666667,0.0334348835952214,0.0333498245519326,0.868570987500011,0.868675433013243
3708900,42.9270833333333,0.0348995039654791,0.0348000751415422,0.668756068403539,0.668867912035621
3802500,44.0104166666667,0.036131605815801,0.0360226310031136,0.937370979782578,0.937480249141147
3895200,45.0833333333333,0.0371454167870252,0.0370327228388081,0.941937923681395,0.942025540115555
3987900,46.15625,0.0380060879519073,0.0378959562282302,0.888691080945115,0.888715901918017
4080600,47.2291666666667,0.0387638075945358,0.0386627699368526,0.449788828360512,0.449806281535533
4172400,48.2916666666667,0.0394477554420903,0.0393620175395962,0.773180206614204,0.773129373653196
4266000,49.375,0.0400904982231411,0.0400262966223631,0.467937129938904,0.467827395586547
4358700,50.4479166666667,0.0406626957146392,0.0406248919261679,0.544286279208976,0.544133589083227
4451400,51.5208333333333,0.0411402807598754,0.0411327964540819,0.527799894649168,0.527658912292222
4544100,52.59375,0.0414807477589113,0.0415062583661391,0.807953312170168,0.807909445939641
4636800,53.6666666666667,0.0416406357846205,0.0417003690827603,0.368013688024652,0.368088691662162
4729500,54.7395833333333,0.041586896455318,0.0416808517383396,0.777293111604111,0.777346092249346
4822200,55.8125,0.0413119805079874,0.0414384612289182,0.839249610376971,0.839388504694003
4915800,56.8958333333333,0.0408391531729288,0.0409947971423452,1.08380621080176,1.08397777880712
5008500,57.96875,0.0402538525211923,0.0404323970894946,1.04609934868402,1.04629984830631
5100300,59.03125,0.0396845709623451,0.0398770674801212,1.351034867786,1.35123289668077
5193000,60.1041666666667,0.0392899261087202,0.0394846455837597,0.826092941871727,0.826282835954116
5285700,61.1770833333333,0.0392672145881532,0.0394494207539221,1.22588990197662,1.22606773282929
5379300,62.2604166666667,0.0397917941019844,0.0399447150024121,1.01487078780531,1.01496576323967
5472000,63.3333333333333,0.0409431301238723,0.0410513295830729,1.08813504023406,1.08810806030172
5563800,64.3958333333333,0.0426746794044629,0.0427268506276896,0.847284931314938,0.847204367973679
5656500,65.46875,0.0448741454055522,0.0448632455272881,0.90106926584473,0.900823359316331
5749200,66.5416666666667,0.047300075514657,0.0472246622390501,0.295605161212028,0.295368608964614
5841900,67.6145833333333,0.0497059096018826,0.0495688472950776,0.710580527004006,0.710315440777201
5934600,68.6875,0.0518821582420148,0.0516904088061741,0.692527835571045,0.692372810960781
6027300,69.7604166666667,0.0536976881303156,0.0534612807612315,1.02418734964049,1.02422658009767
6120000,70.8333333333333,0.0551148355415505,0.0548462551456561,0.92158177279544,0.921716240672494
6211800,71.8958333333333,0.0561714813224985,0.0558855810157353,1.44690797650643,1.44714322017468
6304500,72.96875,0.0569921906147779,0.0567050486549908,0.890873329785003,0.891188539858314
6397200,74.0416666666667,0.0576937694750815,0.057422233600092,1.35963180829236,1.35995318468982
6489900,75.1145833333333,0.0583941906909436,0.0581549506654997,1.53004466744445,1.53038408934503
6582600,76.1875,0.0591727146524711,0.0589810371644261,1.64670174425775,1.64699176043051
6674400,77.25,0.0600457006152662,0.0599136265979544,1.19298430114354,1.19322956587138
6767100,78.3229166666667,0.0609975651461944,0.0609350525402277,1.58209299829494,1.58216969012183
6859800,79.3958333333333,0.0619384054219182,0.0619513751079971,0.806545199809937,0.806526325517981
6952500,80.46875,0.0627551346803229,0.06284597962255,1.02280590590587,1.02270916450591
7045200,81.5416666666667,0.0633270545643638,0.0634947690470943,0.971522090636689,0.971221049351608
7137900,82.6145833333333,0.0635510264513678,0.0637913399837298,1.1753270927259,1.17492324280763
7229700,83.6770833333333,0.0633705060894232,0.0636752589886187,0.546327654744114,0.546015206624039
7323300,84.7604166666667,0.0627798087086279,0.0631386293173339,1.1543822858925,1.15424185062251
7416000,85.8333333333333,0.0618782708277792,0.0622747090658027,0.90943908380089,0.909615892491184
7508700,86.90625,0.0608375012879345,0.0612505745282547,1.15017056657718,1.1503041316096
7601400,87.9791666666667,0.0599047516608983,0.0603082182908084,1.35857531710586,1.35884789317253
7694100,89.0520833333333,0.0593584280887383,0.0597221339035798,2.01009967155479,2.01055188154029
7787700,90.1354166666667,0.0594452143814391,0.0597372578743435,1.42034923764998,1.42083530316966
7881300,91.21875,0.0603080388493295,0.0605007764904461,1.91945869957904,1.91994455826605
7973100,92.28125,0.0618808499287651,0.0619574302262443,1.37413087183224,1.37454502440638
8065800,93.3541666666667,0.0640199822216364,0.0639706437629162,1.68602938530039,1.68638430739449
8158500,94.4270833333333,0.0664365352512686,0.066262511473155,1.73624269078593,1.7365087443024
8250300,95.4895833333333,0.0688125539574735,0.0685243387697837,1.75484435091455,1.75469401413078
8343000,96.5625,0.0709507407741392,0.0705631810071002,0.800293589286317,0.79993912030531
8435700,97.6354166666667,0.0726776602893545,0.0722121673799324,1.23783399199339,1.23733759778189
8528400,98.7083333333333,0.0739581612025148,0.0734407089753556,0.671434953172236,0.670860074564803
8620200,99.7708333333333,0.0748550408050824,0.0743153329474625,0.90357175671443,0.903103951625283
8714700,100.864583333333,0.0755430339119007,0.0750131029536723,1.0841984850304,1.08384835246483
8807400,101.9375,0.0761663716006215,0.0756789622110452,1.92254182910412,1.92261570227156
8900100,103.010416666667,0.0769030884077794,0.0764889546447838,1.20530978096922,1.2057672329546
8991900,104.072916666667,0.0778523235555356,0.077537111496435,1.76272219049339,1.7632048814405
9084600,105.145833333333,0.0790645594996394,0.0788698027028841,1.69779638862114,1.69840082903058
9177300,106.21875,0.0804821396386926,0.080421269672353,1.96381368434728,1.96447752083571
9270000,107.291666666667,0.0819870724563618,0.0820662922301145,1.94327447514531,1.94395423058532
9362700,108.364583333333,0.0834174709367412,0.083636178973676,2.66311266128169,2.66364181359162
9454500,109.427083333333,0.0845889050593878,0.0849391889230184,1.51991650745233,1.52027947555467
9547200,110.5,0.0853703895646913,0.0858412338259038,1.72154676421716,1.72179510019073
9639900,111.572916666667,0.0856441611204305,0.0862172904645709,1.41488669349393,1.41485382997172
9731700,112.635416666667,0.0853892018494198,0.0860391586590074,1.53427390029517,1.53385254983435
9824400,113.708333333333,0.0846738082604866,0.0853694144095341,1.12716905756999,1.12665795177842
9917100,114.78125,0.0836770607206515,0.0843786809610306,1.74019861043057,1.73944538758149
10009800,115.854166666667,0.0826648467769477,0.0833264231090907,1.08404507100613,1.08378482126146
10102500,116.927083333333,0.0819370983213398,0.082509451117745,1.20559022877621,1.20530328625078
10195200,118,0.0817499533184053,0.0821864657556827,1.23204724407154,1.23208659272168
10287000,119.0625,0.0822293255839446,0.0824942614168535,2.02636201679978,2.02679717234904
10379700,120.135416666667,0.0833569365945756,0.0834252250931221,1.76735308965688,1.76791864887967
10472400,121.208333333333,0.0849563901654247,0.084820359321777,2.77369621684751,2.77449284824365
10565100,122.28125,0.0867689004479669,0.0864354908978663,1.97432205750057,1.97518027762122
10658700,123.364583333333,0.0885461659799778,0.0880328003485301,2.19202283148571,2.19288352817996
10750500,124.427083333333,0.0900353547545029,0.0893739731214671,2.21311500845821,2.21395163371877
10843200,125.5,0.0911785273049545,0.0904044055620748,2.44202247060833,2.4425303869394
10935900,126.572916666667,0.0919627068438539,0.0911196678696213,1.78570425561014,1.78604321108232
11027700,127.635416666667,0.0924830090714178,0.0916202523141716,2.43585388017562,2.43563720854022
11120400,128.708333333333,0.0929125909009418,0.0920820695431697,1.15571675573351,1.15497157997907
11213100,129.78125,0.0934312259392229,0.0926851454609868,1.04575236513914,1.04483486062857
11305800,130.854166666667,0.0942009692769018,0.093587303753928,1.11704606218586,1.11606131193582
11399400,131.9375,0.0953347936378581,0.0948951477900282,1.85075244801031,1.85000114909517
11492100,133.010416666667,0.0968269197716089,0.0965883372796311,1.16134287238188,1.16112428784227
11584800,134.083333333333,0.0986185422592622,0.0985972177130129,2.36019116156867,2.36033618482534
11677500,135.15625,0.100576141591045,0.100776280206519,2.04016179207625,2.04090103692005
11771100,136.239583333333,0.102546251198301,0.102963372219416,1.99637977882215,1.99725654725936
11863800,137.3125,0.104313523643104,0.104929315830661,2.08573017153769,2.08665558995696
11955600,138.375,0.105733174753795,0.106520878504011,3.26236255034246,3.26347289286125
12048300,139.447916666667,0.106730832913096,0.107657707561516,2.33985410883978,2.34094063084532
12141000,140.520833333333,0.107258716619444,0.108279925493531,2.9445990333261,2.9455143111365
12232800,141.583333333333,0.10736827184201,0.108428239294498,2.15723785647517,2.1577291861973
12325500,142.65625,0.10719324841348,0.108227686336444,2.01381270646719,2.01404218835068
12418200,143.729166666667,0.106924294416774,0.107862444143774,1.87334482687774,1.87362666106562
12510900,144.802083333333,0.106769144945533,0.107541068752235,2.34612596722331,2.34530644722833
12603600,145.875,0.106888065339492,0.107433134652758,1.2694680058648,1.26826389690386
12696300,146.947916666667,0.107340281355984,0.107614942421237,1.79190914570037,1.7906918542848
12789000,148.020833333333,0.10806492599691,0.10804687115049,1.3629747114656,1.36237922379721
12881700,149.09375,0.108911862632325,0.108599981453064,1.73360871664002,1.73358751284614
12975300,150.177083333333,0.109703742527981,0.109112812694076,1.52877483582895,1.52864065910803
13067100,151.239583333333,0.110267341553066,0.10943571560153,3.05585229079332,3.05643819426772
13159800,152.3125,0.110543623734474,0.109514088434948,2.41838282662177,2.41956598450456
13252500,153.385416666667,0.110538045124825,0.109367254716345,3.06666519081997,3.06795831151561
13345200,154.458333333333,0.110347581209009,0.109101931967359,2.68449587990405,2.68586381859144
13437000,155.520833333333,0.110130559727196,0.108883126379875,2.72223835366879,2.72351638760547
13529700,156.59375,0.110061593557554,0.108888611160173,2.45290210406043,2.45419938837882
13622400,157.666666666667,0.110306586120804,0.109282505310265,3.64752673721675,3.64829578620617
13715100,158.739583333333,0.110976948883495,0.110167644991522,2.1646102934465,2.16473046855653
13807800,159.8125,0.112109603427854,0.111566820718798,2.11241124295835,2.11194817054591
13900500,160.885416666667,0.113663422825907,0.113421622148452,1.62433225896532,1.623386998105
13993200,161.958333333333,0.115533879702142,0.115609475286461,1.67568527474596,1.67421378385199
14086800,163.041666666667,0.117600744690952,0.117995876711009,0.970250426169016,0.968768051278981
14178600,164.104166666667,0.119657102264306,0.120349609546482,2.59818441019812,2.59705238695249
14271300,165.177083333333,0.121641865810068,0.122605288880578,2.20428345566255,2.20428247189188
14364000,166.25,0.123456512260094,0.12464716246093,2.34090964863572,2.34142269752156
14456700,167.322916666667,0.125077494786929,0.126437751938115,2.18339719035143,2.18433817703671
14550300,168.40625,0.1265482658029,0.12800619721089,3.17173849709926,3.17312159086261
14642100,169.46875,0.127893214125875,0.129361244806753,2.43967904178074,2.44111872838756
14734800,170.541666666667,0.129228357401043,0.130610411161024,3.9793130833977,3.98096072575812
14827500,171.614583333333,0.13059090285927,0.131788183425914,3.24293441164345,3.24438690972455
14920200,172.6875,0.131975500336443,0.132897924931085,3.05561260867066,3.05679900216623
15012900,173.760416666667,0.133308224678756,0.133885367600625,2.51191107406122,2.51305570697759
15105600,174.833333333333,0.134456038456405,0.134644545939296,2.79444211682357,2.79454474051195
15198300,175.90625,0.135259708427928,0.135045306898699,1.89618589079306,1.89615406961409
15290100,176.96875,0.135579410506372,0.134977959700251,2.89100123822133,2.88990018392537
15383700,178.052083333333,0.135339905493681,0.134378330148887,1.83926910979513,1.83747905542775
15476400,179.125,0.134553306797557,0.133287370744295,1.85292763712548,1.8515632406958
15569100,180.197916666667,0.13333108644956,0.1318282026152,1.32743590656869,1.32611782359459
15661800,181.270833333333,0.131861346233665,0.130202674687729,2.61039464993279,2.61005404078743
15754500,182.34375,0.130382965830512,0.128661544860844,1.92719476064828,1.92775600472564
15846300,183.40625,0.129147889206943,0.127464095399893,3.62191394794934,3.62283429890212
15939900,184.489583333333,0.12832691303997,0.126785747535748,3.4510939880697,3.45276265660983
16032600,185.5625,0.128075612044229,0.126773131730791,3.31718054220614,3.31911195728852
16125300,186.635416666667,0.128412085164959,0.127430413039558,2.73775720879869,2.73970617908041
16218000,187.708333333333,0.129272199109255,0.12867223983502,4.10602748895533,4.10787099425332
16309800,188.770833333333,0.130510892504503,0.130325183919601,2.88071223882325,2.88235424463939
16402500,189.84375,0.131993566480081,0.132238942392447,3.69983911307258,3.70085164225204
16495200,190.916666666667,0.133562521630006,0.134229816963503,2.97579223675097,2.97577716659653
16587900,191.989583333333,0.135119906719841,0.13617985565018,2.32162899878592,2.32049853389192
16680600,193.0625,0.136642641824379,0.138046757476554,1.38080856154834,1.38017320497473
16773300,194.135416666667,0.138192313473153,0.139872393830909,2.577207173234,2.57515205199914
16866000,195.208333333333,0.139904478223554,0.141771591142176,1.68383036306206,1.68189513950786
16958700,196.28125,0.141953993001236,0.14389873186766,2.55602997601377,2.55463477615169
17051400,197.354166666667,0.144495375622604,0.146391807274106,2.66823068135729,2.66819928988141
17144100,198.427083333333,0.147588290351458,0.14930298636514,3.3326609528732,3.33380510236936
17236800,199.5,0.151134531900088,0.152540206509253,2.07944149898176,2.08063057368333
17328600,200.5625,0.154821838963954,0.155816659624885,4.01168356988197,4.01341474622901
17421300,201.635416666667,0.158318040572444,0.158824468988101,3.54861770347789,3.5508354382164
17514000,202.708333333333,0.161143086096722,0.161125101839083,4.27362972876919,4.27590827090765
17606700,203.78125,0.162931331399021,0.162389735345984,3.74469908341295,3.7468221826636
17698500,204.84375,0.163482959642742,0.162454615099807,3.62523370670266,3.62654371333193
17792100,205.927083333333,0.162794277321284,0.161327730106244,2.4460467432467,2.44762053330783
17884800,207,0.161052240013821,0.159229900779153,3.83531147060249,3.83576999768234
17977500,208.072916666667,0.158579435026091,0.156496589013215,2.49412849023094,2.49326176124254
18070200,209.145833333333,0.155774196624474,0.153541669029793,2.59140064793714,2.58936535885495
18162900,210.21875,0.153042483831444,0.150783878666656,2.07650919462261,2.07408904029896
18254700,211.28125,0.150750150619789,0.148594902693832,2.52369837063895,2.52188785332889
18347400,212.354166666667,0.149082812866321,0.147160980221066,1.11510270828397,1.11421810181891
18440100,213.427083333333,0.148154686138442,0.146583744518606,3.28501352233793,3.28425194485677
18531900,214.489583333333,0.147904970631172,0.146775504345004,3.32539494570797,3.32618895005463
18624600,215.5625,0.148157026015367,0.147539875417934,3.86260127925414,3.86440531546865
18717300,216.635416666667,0.148684239892316,0.148615744456675,3.55034897727645,3.55259161487224
18810000,217.708333333333,0.149261250138225,0.149748460354526,4.52849283913948,4.53109382825835
18902700,218.78125,0.149730650549548,0.15075365954917,2.829670344744,2.83230562963412
18996300,219.864583333333,0.150051752286837,0.151569527704362,4.61133567084394,4.61387574760837
19088100,220.927083333333,0.150315400380736,0.152247385007854,4.22810166257376,4.22998761923377
19181700,222.010416666667,0.150776902329336,0.153030133789537,3.80464748409343,3.80542419580848
19274400,223.083333333333,0.151779470564288,0.154220306713098,2.66630943557372,2.66676527497364
19367100,224.15625,0.153713789334948,0.156184874359039,3.09430763010271,3.09269399890823
19459800,225.229166666667,0.156888671400249,0.159215238871537,1.42313217841928,1.42135671260396
19552500,226.302083333333,0.161404828786077,0.16341239632123,2.73709922397783,2.73445952167067
19645200,227.375,0.167060413682809,0.168595849434384,2.67116310879555,2.66871386180829
19737900,228.447916666667,0.173339540022246,0.174288428396838,3.39353800181243,3.39275379184095
19830600,229.520833333333,0.179505400096754,0.179801151812522,2.30271793318306,2.30272548072989
19923300,230.59375,0.184771905047334,0.184395849903408,3.91366230784843,3.91488617939467
20016900,231.677083333333,0.188520785730727,0.18749108100862,2.8813246994153,2.88350590968267
20109600,232.75,0.19031643418967,0.188699694368781,4.51649848211411,4.51882902771455
20202300,233.822916666667,0.190182000952772,0.188066418127348,4.73411717589006,4.73701826603654
20295900,234.90625,0.188376740477366,0.185869996544509,4.84261202407856,4.84542628016606
20388600,235.979166666667,0.185431896607725,0.182668281576116,3.48711628351605,3.48989994514643
20482200,237.0625,0.181887502327327,0.17901241627361,4.53183325025295,4.53384522850866
20574900,238.135416666667,0.178379815863633,0.175552277309703,2.89492988759858,2.89646919458004
20666700,239.197916666667,0.175349736910507,0.172727718328395,3.76455147313269,3.76483849638839
20759400,240.270833333333,0.173001518894245,0.170739133232002,3.52462337138578,3.52336622340864
20852100,241.34375,0.171426631582817,0.169656122046391,3.10364284315145,3.10054531605447
20944800,242.416666666667,0.170493256096921,0.169316721559191,1.23749147935042,1.23430344697862
21037500,243.489583333333,0.169936105381863,0.169420445907569,2.99446323816,2.99181060241728
21131100,244.572916666667,0.169433882821351,0.169616436808691,2.23953568227904,2.23831429819945
21222900,245.635416666667,0.168723874945945,0.169588008024854,3.34938861142611,3.34911538123167
21315600,246.708333333333,0.167628888538627,0.169146568069737,4.08338851874614,4.08444701037931
21407400,247.770833333333,0.166186071855581,0.168284913886246,5.26215178924892,5.26485848244045
21500100,248.84375,0.164593583343809,0.167177470596423,3.17124307069344,3.17433914832167
21592800,249.916666666667,0.163300690909104,0.166227574646302,4.86710185109644,4.87042798390228
21684600,250.979166666667,0.162896111854145,0.165981481703185,4.31729327011167,4.32066479212839
21777300,252.052083333333,0.163992281058116,0.167019707946086,4.88356968118,4.88666825454979
21870000,253.125,0.167082212430433,0.169817803814159,4.62828023695538,4.63082724236891
21962700,254.197916666667,0.17232393964892,0.17454966518944,4.6436160143957,4.64383207218139
22055400,255.270833333333,0.179439271269763,0.180983047017015,2.23740066807138,2.2375459764412
22148100,256.34375,0.187733823479468,0.188486638062609,3.30864507956505,3.30734542867362
22240800,257.416666666667,0.196242028346675,0.196159405813189,2.42707498377764,2.42412346967848
22333500,258.489583333333,0.203939794353254,0.203033777596578,2.94821374262966,2.94462913082272
22426200,259.5625,0.209959949743436,0.208288611971673,2.78279033211695,2.77955900773386
22518900,260.635416666667,0.213760998660667,0.211419584388345,4.30141358811311,4.30070871081954
22610700,261.697916666667,0.215202766852048,0.212321133116227,2.62559329698482,2.62711876324112
22703400,262.770833333333,0.214556773311783,0.211278489892614,4.00529183300038,4.00645604687435
22796100,263.84375,0.212323298047659,0.208817653942991,4.26734885588152,4.26978993314351
22888800,264.916666666667,0.209164489506558,0.205615138010255,5.17715850349409,5.18065638143176
22981500,265.989583333333,0.205730190887571,0.202327876217258,4.89401860842094,4.897747502641
23073300,267.052083333333,0.202564864744624,0.199492740794754,5.97838536621943,5.98199595385949
23166900,268.135416666667,0.199885472479579,0.197322904261299,3.36481342290269,3.36800235934348
23260500,269.21875,0.197824900866324,0.195917281642985,4.56603793314499,4.56884406749581
23352300,270.28125,0.196257798011453,0.195096819821913,4.49394064224552,4.49564352415504
23445000,271.354166666667,0.194838949416514,0.194496198030196,4.09365549645704,4.09281582354573
23537700,272.427083333333,0.193240433503032,0.193740456402211,2.89683294033444,2.89515562941949
23630400,273.5,0.191164555901982,0.192493734458745,3.86352502869996,3.85960595521846
23724000,274.583333333333,0.188424562359719,0.190538677186533,1.6491864310172,1.64563114639808
23815800,275.645833333333,0.18516723407709,0.187959852329559,2.49654909541664,2.49312103551502
23908500,276.71875,0.181626137887057,0.184965163554677,3.37205223041499,3.36999723944607
24002100,277.802083333333,0.178390870504698,0.182084928822211,4.88987516819631,4.89062093531458
24095700,278.885416666667,0.176300692651186,0.180094751597708,3.76468009005004,3.76655901655709
24188400,279.958333333333,0.176186042164478,0.17978524961546,5.72335911531474,5.72673128483903
24281100,281.03125,0.178631624754083,0.181736218717606,4.16357405153177,4.16767723610698
24373800,282.104166666667,0.183820441886043,0.18617080328211,4.91388310960533,4.91806218211874
24466500,283.177083333333,0.191403957705808,0.192819106134472,5.53175493181801,5.53603084859655
24560100,284.260416666667,0.200670949830427,0.201051707729532,5.9571911740468,5.96036649733768
24653700,285.34375,0.210467726642014,0.209807810883766,4.23423817240951,4.23706504620017
24745500,286.40625,0.219515713484604,0.217891951680937,4.86164398007339,4.8623203082155
24838200,287.479166666667,0.227185665736313,0.224692610103101,2.68830484820244,2.68741544678963
24930900,288.552083333333,0.232785933377787,0.229564640361621,3.01935878130641,3.01714194836949
25023600,289.625,0.236091892530779,0.232313527605426,3.46989571725984,3.46649289352735
25116300,290.697916666667,0.237242368694629,0.233102717494669,4.15950828941145,4.15541059526173
25208100,291.760416666667,0.236671066296704,0.232384361365698,2.52059866582664,2.51817310027687
25300800,292.833333333333,0.234934027819636,0.230721083606955,4.28700121791614,4.28594411641986
25393500,293.90625,0.232610869658833,0.228693637546288,3.51865528604555,3.52005555947724
25487100,294.989583333333,0.230146376627161,0.226738436028758,4.20259377147229,4.20501149050316
25579800,296.0625,0.227865032598063,0.225143008147457,5.1636127377329,5.16643872051587
25672500,297.135416666667,0.22580166755712,0.223908932599189,6.90847541681912,6.91300342898325
25766100,298.21875,0.223807664637541,0.22285412567518,4.62427012871263,4.62899832390253
25858800,299.291666666667,0.221666989867495,0.221700018017129,5.76613860161344,5.77064117343122
25951500,300.364583333333,0.219071663996766,0.220104122428793,4.79171857692941,4.79568087242713
26044200,301.4375,0.215788982573922,0.217791086221546,4.6426996164801,4.6456038924223
26136900,302.510416666667,0.211730813165921,0.214627439023395,4.9384947049967,4.94071291918168
26229600,303.583333333333,0.20702985659713,0.210693462767003,5.30629173313522,5.30413806361639
26321400,304.645833333333,0.202136407386114,0.206372370989437,2.48754725884528,2.48385367139181
26415000,305.729166666667,0.197582671597195,0.202138549856691,3.01022610710953,3.00540733819304
26507700,306.802083333333,0.19437147398668,0.198913080529527,2.59968586082478,2.59495007217263
26599500,307.864583333333,0.193315334534,0.197475835433972,3.36424527666054,3.36130458032763
26693100,308.947916666667,0.195026829762099,0.198431922213194,3.51747875640481,3.51490583546238
26785800,310.020833333333,0.199623640827904,0.2019868449933,6.19358547220617,6.19491957912278
26878500,311.09375,0.206690823683721,0.207834098024293,4.5885163386091,4.59222057818396
26971200,312.166666666667,0.215397437462076,0.215263032634083,5.22202117956454,5.22620314478347
27063900,313.239583333333,0.224736763491875,0.223366378712394,5.24769090628624,5.25245651090182
27156600,314.3125,0.233749979351942,0.231256550273465,5.90592706519116,5.91115070673162
27249300,315.385416666667,0.241679279235057,0.238225239248011,5.85047949855973,5.85571559533183
27342000,316.458333333333,0.24804143161692,0.243825886964254,7.05623253542502,7.06003409185399
27434700,317.53125,0.252641208013429,0.247892238878735,4.20789001823014,4.20999385048092
27527400,318.604166666667,0.255538924158462,0.250506340509023,4.13417045489571,4.13503527033075
27620100,319.677083333333,0.256983015540769,0.251928899949387,4.04954404638858,4.04931173813898
27711900,320.739583333333,0.257320470666252,0.252503171605308,3.72833074836822,3.72412006724329
27804600,321.8125,0.256903559973127,0.252571823380781,2.94916906629596,2.94442783333791
27896400,322.875,0.256004892719493,0.252370479975509,4.93271069126641,4.9277027661223
27989100,323.947916666667,0.254749750436747,0.251999655440545,3.47720849440398,3.47554960741713
28081800,325.020833333333,0.253154650954817,0.251425380838196,3.63826046577274,3.63830295751997
28174500,326.09375,0.25111968113111,0.250501207265306,4.17115869697235,4.17150157331205
28267200,327.166666666667,0.248486966921263,0.249022908726535,6.06173396269683,6.06513240447201
28359900,328.239583333333,0.245107055675688,0.246796683608455,5.07897285278551,5.08318023528886
28452600,329.3125,0.240905142841429,0.243700339584738,7.47541554445947,7.4809485789379
28544400,330.375,0.235999118483287,0.239788308723155,5.82095835659182,5.82662832272886
28638000,331.458333333333,0.230497416441477,0.235130279181523,5.21331624867289,5.2186797147736
28730700,332.53125,0.22503693902886,0.230256281777669,5.67750577567071,5.68278538443211
28823400,333.604166666667,0.220250706313072,0.225720303384886,6.24736681794818,6.24979653201563
28915200,334.666666666667,0.216947184191445,0.222257257385394,4.46305035722868,4.46466859281832
29008800,335.75,0.215761603424617,0.220454771787093,5.1952449170073,5.19283362125645
29100600,336.8125,0.217138379795851,0.220811877008549,3.26624608235563,3.26094009851014
29194200,337.895833333333,0.221081586442031,0.223396245791796,2.62128565057775,2.61528434376574
29287800,338.979166666667,0.227082006543109,0.227863888312102,2.88528701227394,2.87923582288468
29381400,340.0625,0.234346246477902,0.233570854573761,5.08528241363109,5.08211575893733
29474100,341.135416666667,0.24195813368673,0.239733976470522,4.01759062501834,4.01708719181949
29566800,342.208333333333,0.24930538432444,0.245808853467019,6.04884829691796,6.05066042642952
29659500,343.28125,0.25593810121023,0.251401508049497,5.55200106126129,5.55638066237559
29752200,344.354166666667,0.261640202969861,0.256335188216379,5.43943766132089,5.44515194391691
29844900,345.427083333333,0.266377676339727,0.260603404735333,5.79004189793756,5.79543679618345
29937600,346.5,0.270225507549184,0.264296440558929,7.84320455398036,7.84950159920527
30030300,347.572916666667,0.273293440456047,0.267524361161768,5.9067305872753,5.91259867526822
30123000,348.645833333333,0.275667066790119,0.270355980252641,6.57997796730816,6.58443095588015
30215700,349.71875,0.277372532764238,0.272784492851624,5.27327291505421,5.27595807432113
30307500,350.78125,0.278359857018851,0.274704824546716,3.98482299592426,3.98446629486799
30400200,351.854166666667,0.278546634486381,0.276002124007518,4.15675345280672,4.15718657680809
30493800,352.9375,0.277774072920403,0.276470046918239,5.33337840422201,5.3279785821098
30587400,354.020833333333,0.275907073286863,0.2759129852396,3.28964332066306,3.28305804814366
30680100,355.09375,0.272904956680158,0.274230009274242,4.02895548118268,4.02373514063453
30773700,356.177083333333,0.268732328526154,0.271364147348895,4.03165101932577,4.02883767820083
30866400,357.25,0.263629294192743,0.267478083791996,4.65984697229527,4.66105796933932
30959100,358.322916666667,0.257887722539575,0.262812251962733,4.14402902582009,4.14428899784793
31051800,359.395833333333,0.252012782208146,0.257790205495475,7.57932817070389,7.58342958450518
31144500,360.46875,0.246661653725954,0.252970916562405,6.5433084307159,6.54942290499263
31237200,361.541666666667,0.242561446438625,0.248979466677016,6.70871737765589,6.71552717866568
31329900,362.614583333333,0.24035707076385,0.246382719217953,6.42906947649036,6.43596660221844
31422600,363.6875,0.240427096510831,0.24554077208864,6.20434902178208,6.21021580100363
31515300,364.760416666667,0.242745251133505,0.246491151230643,5.85999525195794,5.86625530142615
31608900,365.84375,0.24691846221472,0.248960457611558,7.26329495433358,7.26600622584134
31701600,366.916666666667,0.252153698923646,0.252362221835033,5.01506800513543,5.01419028869155
31793400,367.979166666667,0.257687274009038,0.256099732513784,3.98451264408477,3.98022993160186
31886100,369.052083333333,0.263057743530443,0.259808074918819,3.4826719452004,3.47742732246619
31978800,370.125,0.267911954258615,0.263248663684959,3.69755494667029,3.69063014059744
32071500,371.197916666667,0.272223371873865,0.26646235222166,2.74825246297609,2.74124094019157
32164200,372.270833333333,0.276154071623584,0.269656593323799,5.85251805666021,5.84857484343004
32256900,373.34375,0.279936623296278,0.273089682762717,5.68650703225344,5.68725634652791
32349600,374.416666666667,0.283747142577117,0.276941814038416,5.79791856744208,5.80210251547847
32442300,375.489583333333,0.287624769043508,0.281232424097666,5.58610833845646,5.59042539518484
32535000,376.5625,0.291435236761603,0.285785397776372,7.07411851534215,7.08091476735823
32627700,377.635416666667,0.294891315881497,0.290255846038402,6.01894286024073,6.02593146221728
32719500,378.697916666667,0.297590195882607,0.29416367631301,8.48835610431672,8.49585295184536
32812200,379.770833333333,0.299190388817637,0.297128144643092,7.38062762443015,7.38707590569709
32905800,380.854166666667,0.299316017196568,0.298719267346334,5.66900027289537,5.67304033982658
32998500,381.927083333333,0.297747801129698,0.298638613708359,5.35606456675456,5.36048831616537
33091200,383,0.294451127856869,0.296818923623028,5.48390364499017,5.48285427579874
33183900,384.072916666667,0.289586196431686,0.293372410215097,3.90737959421759,3.90561223131964
33275700,385.135416666667,0.283598910330649,0.288675979855399,5.10545454433358,5.09885466153646
33368400,386.208333333333,0.276972924752987,0.283165153304909,4.59538086128643,4.58772824584256
33461100,387.28125,0.270558992881848,0.277581775230798,4.3228405125287,4.31914343609227
33553800,388.354166666667,0.265260141745457,0.272716028429634,3.20080313849857,3.19646151741484
33645600,389.416666666667,0.261945900750883,0.269330737681907,6.10613795524636,6.10645521385205
33738300,390.489583333333,0.261123647534399,0.267860380662007,5.29638215665624,5.29915056326035
33831900,391.572916666667,0.262964601445051,0.268462610792426,7.53062110715664,7.53580451806085
33923700,392.635416666667,0.266920272483394,0.27072557600027,7.8522044309673,7.8594962208324
34016400,393.708333333333,0.272181141121155,0.273960143214039,7.17171509860079,7.17981841129476
34108200,394.770833333333,0.277625014767029,0.277272528997746,6.05211341158608,6.06027832233867
34200900,395.84375,0.282503988819158,0.280054931045686,7.93536426433206,7.94265631081
34293600,396.916666666667,0.286305942701612,0.281968075075835,6.35957686985826,6.36553966035825
34386300,397.989583333333,0.289038778241263,0.283136457020163,6.72804231841316,6.73084312257452
34479900,399.072916666667,0.291101731549832,0.284034987083923,5.85480224885932,5.85381728630568
34572600,400.145833333333,0.293028782731867,0.285276062415549,4.17567560775881,4.16863182215389
34665300,401.21875,0.295388997971029,0.28743988825038,2.69950452148389,2.69433830735035
34758000,402.291666666667,0.298528850305573,0.290862137193127,4.82812678416513,4.81965093582608
34849800,403.354166666667,0.302451389105362,0.295490835409093,4.18643915379637,4.17986345743148
34943400,404.4375,0.307013551189369,0.301135821167781,5.50135518631871,5.49863686285178
35036100,405.510416666667,0.311571861769807,0.307040387848892,6.19943515938304,6.19983314678389
35128800,406.583333333333,0.315521146110947,0.312522619657952,7.03817760333714,7.04389222994449
35221500,407.65625,0.318209589888718,0.316855074076052,4.98736329310368,4.99281531016496
35314200,408.729166666667,0.319098164733356,0.319435521669149,8.26160976436024,8.26909663833124
35406900,409.802083333333,0.317849796442637,0.31987431789819,7.96708267068694,7.97578580044484
35499600,410.875,0.31439043060381,0.31804895453498,7.91352266429544,7.92208232747261
35592300,411.947916666667,0.308944817241501,0.314131955016727,7.67054787872496,7.67838283985652
35685000,413.020833333333,0.302047027992993,0.308592959416365,6.65995002187315,6.66370447648776
35777700,414.09375,0.294520050203666,0.302170337422553,4.73768847447656,4.74288949389199
35870400,415.166666666667,0.287408569023191,0.295801113518216,6.34283864231152,6.34273697644095
35963100,416.239583333333,0.281840982648806,0.290492509317355,5.29267161108698,5.28746941928902
36054900,417.302083333333,0.278822445836028,0.287148489688718,4.49804923218785,4.48904805405464
36148500,418.385416666667,0.27888759224275,0.286231127873458,4.06908743751041,4.05998779303226
36241200,419.458333333333,0.282028465169791,0.287784969758213,5.42683359032624,5.42250718702601
36333900,420.53125,0.287501763898058,0.291185188757017,3.24765000901527,3.24498744642302
36426600,421.604166666667,0.294098542275674,0.295408398625184,6.37016374571246,6.36957072237404
36519300,422.677083333333,0.300494925795673,0.299336294763124,7.59561417156174,7.59945435140305
36612000,423.75,0.305644540845736,0.302118249386699,7.9629243264229,7.970762639283
36704700,424.822916666667,0.309050982198758,0.303427494396286,7.3593308649479,7.36770776475503
36798300,425.90625,0.310851863582359,0.303525944156729,8.34176017858234,8.35126259491432
36890100,426.96875,0.311633554729191,0.30314698545353,6.24933914636027,6.25885680690825
36982800,428.041666666667,0.312285747694658,0.303205347045326,8.26164657922655,8.27036186602748
37076400,429.125,0.313616077461986,0.304546923031796,8.22226098100246,8.22825398379715
37169100,430.197916666667,0.316111116788035,0.307626974095201,6.25738861004346,6.25736833716642
37260900,431.260416666667,0.31982847150379,0.312409082532859,4.87966386300002,4.87940616349079
37354500,432.34375,0.32457221274005,0.3186254514955,4.98616598890912,4.97850281344431
37447200,433.416666666667,0.32958510808848,0.325363811585927,2.83242698652714,2.82362373900458
37539000,434.479166666667,0.334080646426477,0.331724480330138,4.54832688089411,4.53845050862642
37631700,435.552083333333,0.337363172292389,0.336961224817366,5.96287466668552,5.95526660562183
37724400,436.625,0.338727314519992,0.340281523674318,6.85996771064291,6.86002043527851
37817100,437.697916666667,0.337752331870448,0.341207134856432,5.17280320109247,5.17436946140936
37908900,438.760416666667,0.334369786872602,0.339598405220883,7.65546804106264,7.6610024989272
38001600,439.833333333333,0.328749607610449,0.33559949738562,6.47923692920638,6.48677504318144
38094300,440.90625,0.321510367500416,0.329734843838245,8.18388709832947,8.19285317719832
38187000,441.979166666667,0.313577270753647,0.322832770879352,9.59253655633314,9.60266694687836
38279700,443.052083333333,0.306108553987709,0.315935793303105,8.83231450119114,8.84137963162003
38372400,444.125,0.300319502413027,0.310140433287818,6.42319907193889,6.43229635531914
38465100,445.197916666667,0.297229167477673,0.30637621370772,7.39271761752143,7.3985095919061
38557800,446.270833333333,0.297383630157157,0.305168147004634,5.71130206479481,5.71472824749967
38650500,447.34375,0.300664990209948,0.306468968212045,5.69586466776858,5.69460469896624
38744100,448.427083333333,0.306355444665594,0.309688245346131,6.18135680244687,6.17518598603153
38836800,449.5,0.313109830487984,0.31372997622845,5.6927225395736,5.68225886955264
38929500,450.572916666667,0.319654269033937,0.317509970821132,2.88272818944186,2.87314748015641
39022200,451.645833333333,0.324939444766295,0.320181299577394,5.18165652763286,5.17491423461386
39114900,452.71875,0.328444316569772,0.321407563652012,5.36763739015012,5.36500102940539
39207600,453.791666666667,0.330265920015582,0.321446528023784,6.65098138014858,6.6527963019339
39300300,454.864583333333,0.33101780664974,0.32103832771585,8.29699279350443,8.3012400662464
39393000,455.9375,0.331580140538492,0.321140975462037,9.63405526865103,9.64377425401908
39486600,457.020833333333,0.332810394638792,0.322632260864958,6.64684014201355,6.65722114553632
39579300,458.09375,0.335230355968623,0.325973789113171,8.46084834611659,8.47182675029379
39674700,459.197916666667,0.339081223880017,0.331342550858885,8.51056987969349,8.52137712284703
39767400,460.270833333333,0.343815149264372,0.337956989010965,7.94616463574982,7.95502478341079
39859200,461.333333333333,0.348839032389063,0.345092705330413,8.42741794690084,8.43440121767729
39951900,462.40625,0.353475071914413,0.35198845388947,7.14184351099435,7.14005691598472
40045500,463.489583333333,0.35692517855523,0.357748512690315,3.73265086754196,3.73020954099518
40137300,464.552083333333,0.358476959513796,0.361515761996022,4.62578309504705,4.61871202195491
40230900,465.635416666667,0.357784643713818,0.36296331640127,4.94799107509369,4.93717520595451
40323600,466.708333333333,0.354738104471617,0.361850201492098,5.06470815102873,5.05500071702882
40416300,467.78125,0.349590975849879,0.358374244543772,5.76899374760897,5.76086392721882
40509000,468.854166666667,0.342942404538587,0.353041151809682,8.03846642968476,8.03906614318234
40601700,469.927083333333,0.335694878710905,0.346643421294503,5.60901139010136,5.61377227456607
40694400,471,0.328938656877786,0.340154988317463,7.11120246641255,7.11703981021773
40787100,472.072916666667,0.323755467425542,0.334558349599048,9.0117315632855,9.02007904582003
40879800,473.145833333333,0.320977200318906,0.330636522608575,9.2032640608348,9.21472288730893
40972500,474.21875,0.320960941124948,0.328776431770362,9.17141215112634,9.18317454320638
41065200,475.291666666667,0.32348386711353,0.32886980410714,9.59043167250857,9.6007562005283
41157900,476.364583333333,0.327816089051573,0.330364584997947,6.42773361498041,6.43699128751456
41249700,477.427083333333,0.332894929949133,0.332435531551062,6.8194275457824,6.82698792971303
41342400,478.5,0.337822154569182,0.334336131291172,7.83123394364307,7.83452424238302
41435100,479.572916666667,0.341809264850829,0.3355135921021,6.1480473052672,6.1417855593219
41527800,480.645833333333,0.344545668801369,0.335855036450553,4.92376218660046,4.91557692256306
41619600,481.708333333333,0.346175774715038,0.335698957313103,5.88974218986744,5.87766971521307
41712300,482.78125,0.347251785324212,0.335704810201261,3.9055599619957,3.89656723715549
41805000,483.854166666667,0.348442770742243,0.336644008342573,4.44890230086607,4.44193462683031
41898600,484.9375,0.350390717096298,0.339167459783112,7.09566260005776,7.09119919005281
41991300,486.010416666667,0.353406393713189,0.343489520897251,8.91970950701985,8.92454435919916
42084000,487.083333333333,0.357487673498965,0.349462039707518,7.73206020132237,7.73902097446633
42176700,488.15625,0.362284957189022,0.356561059941872,9.64273576383848,9.65362752524857
42268500,489.21875,0.367178263624011,0.363973410267551,8.01769834918097,8.02996490010785
42361200,490.291666666667,0.371610632227537,0.371050474677868,8.03436862717036,8.04698777730943
42453000,491.354166666667,0.37489327535007,0.376941189907809,10.178797480801,10.1913278839117
42545700,492.427083333333,0.376619689397087,0.381198786623035,9.50547639615035,9.51364525081264
42638400,493.5,0.37648684269962,0.383410895951059,6.93928978595463,6.94578240596612
42731100,494.572916666667,0.374485273336151,0.383481242989987,6.89771630681989,6.89749410444812
42823800,495.645833333333,0.37087870209359,0.381574882147678,4.81074617745642,4.80562276869657
42916500,496.71875,0.366189127988571,0.378101474995138,3.91848490281981,3.908725646921
43009200,497.791666666667,0.361136322125497,0.373662574119994,5.87266894446468,5.86073923139003
43101000,498.854166666667,0.356561309223432,0.368998965522509,7.31080806133048,7.30074053879622
43193700,499.927083333333,0.353085637463062,0.364666568974358,5.41327657617374,5.40855733586745
43285500,500.989583333333,0.35122511183898,0.361199926399959,7.15124490550217,7.15113732648061
43378200,502.0625,0.351021510008531,0.358689525968167,7.27526879121614,7.27958487539951
43470900,503.135416666667,0.352191494433442,0.357013802655193,7.50923203456978,7.51763848078611
43563600,504.208333333333,0.354155594335498,0.355784894865743,9.53883209553391,9.5477946683896
43655400,505.270833333333,0.356241885214108,0.354571950580911,11.5555393262104,11.5687443261556
43748100,506.34375,0.357977386063995,0.353047288130331,8.55563795678955,8.56901372005564
43840800,507.416666666667,0.359100656314477,0.351193075542439,8.65977078810003,8.67222824667935
43932600,508.479166666667,0.359692939319673,0.34932237100751,8.31043888212668,8.32114447072212
44025300,509.552083333333,0.360120015919503,0.347948916272726,6.93323665107482,6.93959470614684
44117100,510.614583333333,0.360857878730062,0.347737237010355,7.72886224568363,7.7334487722923
44209800,511.6875,0.362378859309354,0.349221295018878,7.88769938797669,7.87979641114374
44302500,512.760416666667,0.364954049593597,0.352667880051492,4.55069481898309,4.5377203649211
44395200,513.833333333333,0.368586829418064,0.357967654173007,4.27838466937919,4.26460698081534
44487000,514.895833333333,0.372966497735014,0.364609052513933,5.02460701241748,5.01223274836058
44580600,515.979166666667,0.377774316222057,0.372149629365734,6.15355833944585,6.14847278048486
44673300,517.052083333333,0.382341387383514,0.379662890083852,6.72438986423076,6.71992042562151
44766000,518.125,0.386218265461237,0.386568168475634,10.4185775964475,10.4233598098923
44858700,519.197916666667,0.389033406234083,0.392366775743087,8.80586104558014,8.81640073280766
44951400,520.270833333333,0.390593388190607,0.396755269693924,8.3694030931543,8.38176804372202
45044100,521.34375,0.390907316714185,0.399636378581937,9.51141019704543,9.52459161888362
45136800,522.416666666667,0.390180351439625,0.401101232625694,9.65914122391343,9.67337453145882
45228600,523.479166666667,0.388794170627594,0.40139210440423,9.56219533816671,9.57626968113969
45322200,524.5625,0.38716341534423,0.400832597143351,10.611066422767,10.620718193354
45414900,525.635416666667,0.385793704669761,0.399767646355511,7.15197671648255,7.15589343591003
45507600,526.708333333333,0.3850146580785,0.398458932059979,5.25072341041015,5.25062429199117
45601200,527.791666666667,0.384960172527001,0.397006347750193,6.24794125216704,6.24498702285751
45693900,528.864583333333,0.385495948732859,0.395365703657434,5.70666715198228,5.69324763910773
45786600,529.9375,0.38624869668386,0.393289940217337,4.88744331379451,4.87286038304018
45879300,531.010416666667,0.386727416850892,0.390472700942976,7.66736443179371,7.65576169197944
45972000,532.083333333333,0.386479720799259,0.386668145536218,7.10479169117708,7.10147986201315
46065600,533.166666666667,0.385234556050582,0.381781340757176,6.31896423388957,6.32204607305595
46158300,534.239583333333,0.38306615773565,0.376169862277466,7.82720099881401,7.8292848824169
46251000,535.3125,0.38033910645211,0.370379986608137,10.2920806161963,10.3021597737691
46343700,536.385416666667,0.377664645095816,0.365244051827247,9.43099093997019,9.44311632724565
46436400,537.458333333333,0.37573459640484,0.361660608179887,11.4241557850079,11.439049156908
46529100,538.53125,0.375124088336685,0.360359192598691,9.98918902690023,10.0040395198659
46622700,539.614583333333,0.376143653591915,0.361719087486905,7.63701466299463,7.65049530709672
46714500,540.677083333333,0.378672599990615,0.36554199772644,9.16570405418623,9.17906387638439
46807200,541.75,0.382369874761752,0.371360974036988,9.05825532753597,9.06312083090387
46899900,542.822916666667,0.386620151470925,0.3783483144236,6.87599879946151,6.8765651004952
46992600,543.895833333333,0.390780571030735,0.385649012438181,6.84427818511427,6.8353077589547
47085300,544.96875,0.394306862955747,0.392528063078426,5.59363028156187,5.57856325825957
47178000,546.041666666667,0.39685441375832,0.398479804962108,4.21376091178434,4.20018245300392
47271600,547.125,0.398341039513407,0.403314797323285,5.1040436397459,5.089030527709
47364300,548.197916666667,0.398911107420568,0.406981435764661,8.47890880386874,8.47274125211781
47457000,549.270833333333,0.398987529835271,0.409798999915481,8.00518786576801,8.00609292351728
47549700,550.34375,0.39913043804206,0.412177928110724,9.60734589067441,9.61401828839025
47642400,551.416666666667,0.399940049922988,0.414560074721179,9.96007970101004,9.97141739146143
47736000,552.5,0.401929180756246,0.417312956365766,8.68939563173511,8.7044310850472
47828700,553.572916666667,0.405270189244747,0.420485185447888,9.85975812254012,9.87420131574748
47920500,554.635416666667,0.409738955477459,0.423841809480261,12.0616593518587,12.0776452243881
48014100,555.71875,0.414875204985077,0.4269250387632,9.84859955602342,9.8627797063504
48106800,556.791666666667,0.419628135411643,0.428861251132626,8.88968144501733,8.8998374874446
48199500,557.864583333333,0.42305760681989,0.428884307331008,8.17952400095637,8.18474836350672
48292200,558.9375,0.424355896344183,0.426404938677307,5.29838543781317,5.29447765604309
48384900,560.010416666667,0.423114167314524,0.421238101457187,5.87325297163173,5.87065001271923
48477600,561.083333333333,0.419437645940826,0.413708017009876,7.49868502848625,7.48352186196508
48570300,562.15625,0.413933884749466,0.404639502438356,6.36355303655835,6.34792632186673
48663000,563.229166666667,0.407584050182686,0.395236108351045,6.29226854787242,6.28265362610592
48755700,564.302083333333,0.401528247330871,0.386862199123859,7.33734388028758,7.33198479043465
48848400,565.375,0.396803053795568,0.380755494040739,8.0076149533562,8.01217020148632
48941100,566.447916666667,0.394100032451941,0.377741001576789,7.72588334398567,7.72908387194854
49032900,567.510416666667,0.393604516895661,0.378015627601577,11.7697172932938,11.7804503079133
49125600,568.583333333333,0.394991306716975,0.381175280623791,11.5010945972765,11.516584719199
49220100,569.677083333333,0.397634867228758,0.386465037599441,9.94756122407477,9.96450300049201
49312800,570.75,0.400557916538991,0.392580445796372,10.330581287331,10.3475371466829
49405500,571.822916666667,0.403002083088286,0.398589326411234,9.0773409141382,9.09136889715484
49498200,572.895833333333,0.404407640889476,0.403742045921109,8.88501789829026,8.89914397106869
49590900,573.96875,0.404562223015989,0.407662706249031,9.98268768850858,9.98842878181371
49682700,575.03125,0.403654029213664,0.410354475753075,7.89133042165615,7.88621863143718
49775400,576.104166666667,0.402203593906728,0.41225376933613,5.12498356889311,5.11083584280607
49868100,577.177083333333,0.401048872973732,0.413988133696451,5.24459854415099,5.22925681738876
49960800,578.25,0.401173983672055,0.416348285840024,5.84276260641356,5.82724132971807
50053500,579.322916666667,0.40350319477337,0.420064479461027,5.23929054831827,5.22526462085485
50145300,580.385416666667,0.408580374882788,0.42552402068333,8.97797073309187,8.97066230267863
50238000,581.458333333333,0.416560589052424,0.432809151475117,10.3152944655064,10.3179493213447
50329800,582.520833333333,0.426673098085298,0.4411831583054,9.33023937387903,9.34165355759632
50422500,583.59375,0.437861775326789,0.449674883953836,9.33226820132962,9.34341113888219
50514300,584.65625,0.448280478527165,0.456679779076782,11.0226697814063,11.0388771708419
50607000,585.729166666667,0.45646162934878,0.460893761290791,10.0438603875393,10.0610778268601
50699700,586.802083333333,0.460993040421665,0.461180694267331,12.0647760049592,12.0825941637683
50792400,587.875,0.461269865234582,0.457179489766151,11.658958257585,11.6738213364996
50885100,588.947916666667,0.457516019667582,0.449349958886887,7.83097265873628,7.83905688088603
50977800,590.020833333333,0.450695627236296,0.438886598332994,7.37441855278527,7.38346161235707
51070500,591.09375,0.442252854577751,0.427461499622108,7.50930641548951,7.50557755541905
51162300,592.15625,0.433837477378176,0.416957239766498,5.81370297892676,5.80424715939285
51255000,593.229166666667,0.426617513125796,0.40867765676198,6.63774195227321,6.62058861220187
51346800,594.291666666667,0.421555036909427,0.403700690023223,7.83674525859796,7.81958332227138
51439500,595.364583333333,0.418748280115452,0.402110032911608,7.49727755768807,7.49113838127927
51532200,596.4375,0.417853594830162,0.4034373057081,5.7606073814186,5.75406582737601
51624900,597.510416666667,0.418048591284549,0.406655376758112,9.48394103143711,9.48544350353428
51717600,598.583333333333,0.418354954829539,0.410557322074018,9.80434927795442,9.81213966162787
51809400,599.645833333333,0.417911222882271,0.414026922927714,11.2370284617399,11.2498087880976
51903000,600.729166666667,0.416123795633943,0.416401152955385,12.5638531613543,12.5808152567664
51995700,601.802083333333,0.412896665513809,0.417298016301639,10.735944771908,10.7546366792384
52087500,602.864583333333,0.408628763295895,0.416952485262484,9.21109052007943,9.22996766296085
52179300,603.927083333333,0.404106597955404,0.416010733373963,11.1532400436009,11.1702731547478
52272900,605.010416666667,0.400450750388542,0.415433606483951,9.78167716867654,9.79387128007368
52365600,606.083333333333,0.399177870739544,0.416395604618362,8.65539093972253,8.65994258292353
52458300,607.15625,0.401523582838315,0.419931520730942,8.40093644755087,8.39663982609573
52551000,608.229166666667,0.40829747403564,0.426686819479105,6.03191929553891,6.01407027078772
52642800,609.291666666667,0.419407067482132,0.43654574837985,3.62185897333496,3.60420898435372
52734600,610.354166666667,0.434053723029639,0.448807368495511,6.7715455326267,6.75252548649709
52827300,611.427083333333,0.450785777230179,0.462176258521602,7.87253440984616,7.85946820956164
52920900,612.510416666667,0.467468796213813,0.47474574332435,8.71881284993445,8.71575354296152
53013600,613.583333333333,0.481543288286627,0.484304640386326,10.253308795237,10.2553573561475
53106300,614.65625,0.491361616758862,0.489434548248189,11.0396697685689,11.0524179870664
53199000,615.729166666667,0.495910448337306,0.489383730018984,8.46779099933145,8.4814768261021
53291700,616.802083333333,0.495180934315563,0.484400485926254,11.9189075266977,11.9356004407289
53385300,617.885416666667,0.490043782461267,0.475572941940246,12.9446327025911,12.9642038011115
53478000,618.958333333333,0.482187578164816,0.46489534955774,11.1389494678066,11.1578643982718
53571600,620.041666666667,0.473263532563869,0.4541671942654,10.9701472519761,10.9872171478486
53664300,621.114583333333,0.464969303707403,0.445258006900326,9.16403420651269,9.17195735315123
53757000,622.1875,0.45816707232648,0.439048751172328,6.4887105805322,6.49708430256058
53849700,623.260416666667,0.453115654963894,0.435730136198627,7.8563124871853,7.85526307176647
53942400,624.333333333333,0.449457628486193,0.434782794473967,8.10568946233255,8.09120184802453
54034200,625.395833333333,0.446458514166598,0.435220711386626,6.70254096672095,6.68244381263558
54126900,626.46875,0.443165028312686,0.435935670966787,6.36210672642548,6.34336517172245
54219600,627.541666666667,0.438824203008651,0.435938068074474,8.42681834751726,8.41874188957778
54312300,628.614583333333,0.432974721630094,0.434582798736292,6.71537164006158,6.71290004058774
54405000,629.6875,0.425617043539164,0.431695873153271,9.40367035022104,9.40379039816613
54496800,630.75,0.417368685983065,0.427667367565238,12.4935887317216,12.5022867742358
54589500,631.822916666667,0.409118773211292,0.423247114325728,12.2340695894646,12.2515666136368
54682200,632.895833333333,0.402428465143573,0.419683209593179,11.2436150443535,11.262255253278
54774900,633.96875,0.398976860901484,0.418355934380713,11.8848960248922,11.9055895287122
54867600,635.041666666667,0.400274422533783,0.420507088763748,9.69620511920691,9.7165954010575
54960300,636.114583333333,0.407238724313574,0.426900026547672,11.0057887926997,11.024649378257
55052100,637.177083333333,0.4197155006088,0.437426838648448,11.9870788284714,11.9996717168849
55145700,638.260416666667,0.437131291366741,0.451626206337155,8.50517605603248,8.50303915824543
55238400,639.333333333333,0.457209419867592,0.467585737397853,6.19108616940937,6.18586921786112
55330200,640.395833333333,0.47761275680599,0.483303749695825,6.60128120315666,6.58391354990645
55423800,641.479166666667,0.496593754299904,0.497186847256011,4.92742380028282,4.90635135246298
55517400,642.5625,0.511709928418777,0.507168202775434,6.15262098408763,6.13257716096556
55610100,643.635416666667,0.521567977970972,0.512182592802858,9.78675763044163,9.77233480486029
55702800,644.708333333333,0.525960341313351,0.512247601155116,10.919403805788,10.9204974631242
55794600,645.770833333333,0.525459875153412,0.508230355962395,8.70424947391006,8.71022643335428
55887300,646.84375,0.521287075919425,0.501511507186439,11.1047336560509,11.1164284074982
55980000,647.916666666667,0.514955669219419,0.493812698185708,11.0570999490721,11.0733422446486
56072700,648.989583333333,0.507856065303249,0.48660527001694,11.6046453745655,11.6238182586736
56165400,650.0625,0.500917925001318,0.480797123372515,14.1572594888542,14.1786849069179
56258100,651.135416666667,0.494485161616439,0.476614528303117,12.5955334530745,12.6145996992508
56350800,652.208333333333,0.488377370738163,0.473691667541649,9.01041778017003,9.02842860747975
56444400,653.291666666667,0.482010000495911,0.471270139140298,9.34743557074255,9.36005787126805
56537100,654.364583333333,0.474871770046196,0.46854892661179,8.2855551182959,8.28956987783147
56629800,655.4375,0.466388624652875,0.464793980308541,7.04621374410679,7.04040869616395
56723400,656.520833333333,0.456235414745328,0.45954518982758,8.41582123528342,8.40010867918242
56815200,657.583333333333,0.444931597963949,0.452992725996149,8.46968072432493,8.44859895052516
56908800,658.666666666667,0.432749922630397,0.44537435033118,5.71915813778825,5.70365924961232
57001500,659.739583333333,0.421245646141467,0.437837442149714,7.36952489323932,7.35740941700776
57094200,660.8125,0.411903371540898,0.431586113537934,9.4041891802412,9.40022361148497
57187800,661.895833333333,0.406434269068682,0.427996899589278,10.2974802763252,10.3032468049323
57281400,662.979166666667,0.406469194617968,0.428375537771928,12.9404741785578,12.9505459880787
57373200,664.041666666667,0.412642339761679,0.433277465237665,13.8414508682227,13.8612093564903
57466800,665.125,0.425018150676782,0.442821745347516,10.3812087668389,10.4029869257641
57558600,666.1875,0.442007903222997,0.455810805195659,11.4766505537566,11.4990742521694
57652200,667.270833333333,0.462457559149054,0.471309502071749,12.7548267833898,12.7768453137295
57744000,668.333333333333,0.483530069608518,0.487035618642173,10.682679578079,10.7003085573794
57836700,669.40625,0.50383716241578,0.501780829450565,11.0931614692461,11.1058508579324
57928500,670.46875,0.521351539699485,0.513920851639291,9.5693915387893,9.56533372436977
58021200,671.541666666667,0.535267289860844,0.522832894326708,5.18527657970198,5.17288683998089
58113900,672.614583333333,0.544847055541661,0.5281205387285,5.21030783710898,5.19345108922297
58206600,673.6875,0.550155061309867,0.530114820203733,7.65001224312403,7.62716985291566
58298400,674.75,0.551753122556868,0.529604254282522,8.05794956964551,8.0401305432456
58391100,675.822916666667,0.550495876900211,0.527524474969016,8.80063672336176,8.78764086160082
58483800,676.895833333333,0.547171786172284,0.524706027921517,11.8618345326792,11.8627318551651
58576500,677.96875,0.54237558470569,0.52165540813815,9.96957534134506,9.97975181825838
58669200,679.041666666667,0.536375610106813,0.518476139902578,9.93680860438084,9.94862878350951
58761000,680.104166666667,0.529222384698724,0.514976147937018,13.5384508886937,13.5549641115153
58853700,681.177083333333,0.520579042830339,0.510682019667368,13.6607179818454,13.6834411698268
58945500,682.239583333333,0.510401234745088,0.505271268574752,12.8200670094883,12.8435381924272
59038200,683.3125,0.498405964502723,0.498372033236643,12.8418518414016,12.8631681456097
59130900,684.385416666667,0.484858540732508,0.490021285997414,9.41835685532471,9.43503848424592
59223600,685.458333333333,0.470283140103656,0.480535953967718,8.37197010853024,8.38680591371565
59315400,686.520833333333,0.45573927427133,0.470676046899543,10.3096635865838,10.3155934279861
59409000,687.604166666667,0.442101979510084,0.461124959638427,8.48200460686297,8.46753375799865
59501700,688.677083333333,0.431327136806018,0.453334190391687,6.6259527440454,6.60493706216799
59594400,689.75,0.424803326976322,0.448362226812228,7.91295333350681,7.88953386057509
59688000,690.833333333333,0.423710007683557,0.44710560710914,7.2818711587378,7.26663355373211
59780700,691.90625,0.428522653822639,0.449972607426015,6.85755147985014,6.84793503849837
59872500,692.96875,0.438665029228443,0.456604659159833,10.8377102936361,10.8303052359667
59965200,694.041666666667,0.453190119995168,0.466334431941652,13.4128762915358,13.4213693865288
60057900,695.114583333333,0.470454801301554,0.477974038455559,11.9855407872267,12.0008343761924
60150600,696.1875,0.488839017163385,0.490323311064038,13.307223680379,13.3277073150554
60242400,697.25,0.506782529416276,0.5022579323238,12.3929955010931,12.4166504409972
60334200,698.3125,0.523459479298485,0.51322738382546,10.823065559696,10.8474821002503
60427800,699.395833333333,0.538490903644393,0.523074256877117,13.81598056828,13.8401429245694
60519600,700.458333333333,0.550934693617462,0.531354132647998,13.1716070274845,13.1881083635912
60613200,701.541666666667,0.561101362793885,0.538475146855354,9.11061009992016,9.11980811453742
60705000,702.604166666667,0.568524557396689,0.544260756349266,8.06765023808183,8.06662325632539
60797700,703.677083333333,0.573412545363014,0.548913149264449,6.98688532098544,6.97311187776675
60890400,704.75,0.575619573135427,0.552254133047919,5.07537671995534,5.05306757482005
60983100,705.822916666667,0.575060049562282,0.554049115623709,7.52538202255861,7.50099131300609
61075800,706.895833333333,0.571637819056403,0.553999888221946,10.8281251441304,10.8095501142148
61168500,707.96875,0.565287467680824,0.551825642355994,9.7012199427426,9.69500031677634
61260300,709.03125,0.556142241385049,0.547407860986523,9.92821231471,9.9291909633596
61353000,710.104166666667,0.544208661817236,0.540663210177363,11.5442509398471,11.552452886282
61445700,711.177083333333,0.52997235036604,0.531858729594045,11.4344375666115,11.4504281002432
61538400,712.25,0.514114701635292,0.521488067995339,13.6067945691011,13.624288711665
61631100,713.322916666667,0.497610492848652,0.510296906940206,15.8998398094306,15.9244663548953
61723800,714.395833333333,0.481706626230142,0.499236469659081,12.731127212748,12.7560666136668
61816500,715.46875,0.467829353242238,0.489363759265336,10.9969535897331,11.0206034434096
61908300,716.53125,0.45747836099015,0.481746426461433,11.2915841332128,11.3116456506669
62001000,717.604166666667,0.451583390326766,0.476992408675717,8.93041829513632,8.94093834233179
62093700,718.677083333333,0.450845545472556,0.47553156491154,9.46594480649204,9.47117437664472
62186400,719.75,0.455107275322667,0.477193987379329,9.98026146714156,9.96475270527145
62279100,720.822916666667,0.463518349238936,0.481351859525295,7.35836611947771,7.33265994963758
62372700,721.90625,0.474919776685918,0.487177368939998,5.85331581263091,5.82965281044663
62464500,722.96875,0.487616463835549,0.493610786682527,7.92517653305519,7.90394598888432
62557200,724.041666666667,0.500890019869311,0.500219529747397,9.50175826252031,9.49336845264067
62649900,725.114583333333,0.513979511025704,0.506733779441424,10.4409887751589,10.43706646881
62741700,726.177083333333,0.526552241726548,0.513281001112571,14.6444110505962,14.6526351379669
62835300,727.260416666667,0.539035372444413,0.520498075699781,13.8287255340757,13.847995534707
62927100,728.322916666667,0.551048890391291,0.528530741169255,11.3699579483885,11.392946230508
63019800,729.395833333333,0.562862416072979,0.537752547066259,13.4842204275117,13.5084713960263
63111600,730.458333333333,0.573850632617112,0.54769990336427,13.6547481130162,13.6809787257083
63204300,731.53125,0.583523560443932,0.557838418091556,12.6773808333695,12.7026949446631
63297000,732.604166666667,0.590882390101699,0.567046823187004,13.2949533842855,13.3131888309433
63389700,733.677083333333,0.595053656301824,0.574240163165744,10.1745957435271,10.1792245204058
63482400,734.75,0.595354770919654,0.578501365823884,6.00902722242445,6.00528912163696
63575100,735.822916666667,0.59141835504597,0.579240329298513,7.311485310181,7.3031241794258
63667800,736.895833333333,0.5832562192532,0.576272843878017,8.03111526493086,8.00574195308781
63759600,737.958333333333,0.571410307125164,0.569912709830438,7.42284707829101,7.39646218928203
63852300,739.03125,0.556438812290249,0.560657883029201,10.1415217725084,10.1214979326681
63945900,740.114583333333,0.539427570065535,0.549402910059299,11.5864783474714,11.581099737271
64038600,741.1875,0.522173674569326,0.537582144428614,9.88315507180705,9.88966658778843
64131300,742.260416666667,0.506173650885242,0.526417992400801,11.2441368417287,11.2489101306822
64224000,743.333333333333,0.493082713878167,0.517160129898406,14.6513647621985,14.6681347516233
64315800,744.395833333333,0.484342924641275,0.510804403980771,14.0546300981697,14.0774662199291
64408500,745.46875,0.480568705229013,0.507653286022884,15.0425729743904,15.0689434847818
64501200,746.541666666667,0.481841062410963,0.507569742594117,14.1003800052257,14.1270848202592
64593900,747.614583333333,0.487293610896274,0.50973490428642,10.0872775645035,10.1108396466434
64685700,748.677083333333,0.495388653831359,0.512930665550604,11.2641494275552,11.2876075247569
64778400,749.75,0.50470095676259,0.516042181615832,11.8399169268875,11.8501980148143
64871100,750.822916666667,0.51386806637013,0.518225272821723,8.88852192401941,8.88390827520767
64963800,751.895833333333,0.522215685609885,0.519301582508124,8.0607294265512,8.04241286011503
65055600,752.958333333333,0.529705786463549,0.519792342101666,8.26309471887688,8.23579266969156
65148300,754.03125,0.537072727674067,0.520771575755439,6.80457656438387,6.78251654797211
65241000,755.104166666667,0.545067384342418,0.523506031605159,6.8387795151916,6.81566041381853
65333700,756.177083333333,0.554356164010667,0.529022950878764,12.0580699478223,12.0457510527328
65427300,757.260416666667,0.565223428925638,0.53781107133394,12.9266064694321,12.9290897108944
65520900,758.34375,0.577094608043331,0.549375864873592,13.0828183588663,13.0948392088225
65612700,759.40625,0.58866089383678,0.562233930498052,14.4878336650446,14.5071027140917
65705400,760.479166666667,0.598872363529691,0.575113405409054,12.8218541113901,12.8475639864424
65797200,761.541666666667,0.606134109656252,0.58609849601532,12.7416539763269,12.7672975157231
65889900,762.614583333333,0.609423779064925,0.593979360594058,15.8850243040014,15.9131328672976
65982600,763.6875,0.607930125618146,0.597685978434654,13.9774434132277,14.0015328088591
66074400,764.75,0.601571183001508,0.596890136029801,10.8520179977531,10.8697258293377
66167100,765.822916666667,0.590631221207126,0.591818692771115,10.0806744903479,10.0893422904916
66259800,766.895833333333,0.576108932290494,0.583246821978139,7.27443204528628,7.26496357187021
66352500,767.96875,0.559442328556477,0.572407397042483,6.26833974369692,6.2574640486571
66444300,769.03125,0.542590158308926,0.560938978822767,9.19062640513791,9.16475130754982
66537000,770.104166666667,0.527180502281886,0.55022530918984,10.2694352446169,10.2434737709696
66629700,771.177083333333,0.515260762809856,0.541838778464717,9.56229609593118,9.54789972607031
66722400,772.25,0.50826413022275,0.536789464681959,10.5009845595775,10.4924181556884
66814200,773.3125,0.506806851102433,0.535379130290405,12.0126302390653,12.0180990779066
66906900,774.385416666667,0.510481809425012,0.53707003749243,11.3638974337963,11.3729975244003
66999600,775.458333333333,0.518001911545086,0.540658529892271,15.6883650828954,15.7045327659779
67093200,776.541666666667,0.527543748998008,0.544545667830658,16.7453850573962,16.7713299224421
67186800,777.625,0.537026963530084,0.547105349176932,13.5341115297269,13.5630212752948
67279500,778.697916666667,0.544878236214267,0.547341561121734,13.3105762487773,13.3395130175075
67371300,779.760416666667,0.550558921552022,0.545261633575467,12.4601184374457,12.485408478096
67464000,780.833333333333,0.554550445975605,0.541750473139236,10.5140206579284,10.5362829668774
67556700,781.90625,0.557900813559148,0.538495326116236,11.9068219809335,11.9183827900544
67649400,782.979166666667,0.562005665001976,0.537406188874804,10.8853369012969,10.8753930553583
67742100,784.052083333333,0.567998606919907,0.540001090045928,7.03874268921248,7.0119626533985
67833900,785.114583333333,0.576237098758487,0.546818472467925,6.15532416144018,6.1265452762363
67926600,786.1875,0.586490706019134,0.557545383471381,8.55054621689735,8.52382504349221
68018400,787.25,0.597459580448367,0.570639891710618,8.4626240547741,8.44336477931348
68111100,788.322916666667,0.607823717182921,0.58449841301866,11.6591429268354,11.6470771571534
68203800,789.395833333333,0.615861133443476,0.597053077865084,15.3419975787489,15.3450738728336
68296500,790.46875,0.620200866847826,0.606643800526225,14.0278191974783,14.045701594101
68388300,791.53125,0.619964028942821,0.612100137779092,12.4762312934544,12.4957923245972
68481000,792.604166666667,0.614834183104904,0.613027128509065,15.0400041003506,15.0656739425725
68574600,793.6875,0.604997330420432,0.609443792769403,14.3239078309801,14.3530343757275
68667300,794.760416666667,0.591592500845904,0.60218262855503,15.0772004048563,15.107046730496
68760000,795.833333333333,0.576029182851518,0.592486251793191,15.2860741010537,15.3113088964712
68851800,796.895833333333,0.560331584643417,0.582038176357707,10.6632531584479,10.6756580268469
68944500,797.96875,0.546219030306452,0.572298338888674,8.03603648048577,8.04816640644458
69037200,799.041666666667,0.535748695593861,0.564860385194666,9.02641339648465,9.02243434618336
69129900,800.114583333333,0.53030705227291,0.560730045994699,7.84092059965473,7.81898845617039
69221700,801.177083333333,0.530398517652292,0.560169588318926,8.14772512549541,8.11812346495766
69313500,802.239583333333,0.535472516205906,0.562585003411506,10.8270767296042,10.7991090751826
69406200,803.3125,0.544267014209773,0.566791034027998,11.4874678929024,11.4763491315075
69499800,804.395833333333,0.554896643941598,0.571144724188591,9.06806737953642,9.06347851270366
69591600,805.458333333333,0.565024559896874,0.573913270298692,12.7247029445084,12.7246028739762
69684300,806.53125,0.573387899837543,0.574118646170918,14.7811066520215,14.7937630519709
69777000,807.604166666667,0.579154734771367,0.57155839402318,15.1370380079136,15.1580746574583
69868800,808.666666666667,0.582570783489896,0.567177441694152,17.0031323592811,17.0302218234514
69961500,809.739583333333,0.584797719493274,0.562626073381821,15.0920201454096,15.1227236259821
70054200,810.8125,0.587272941163775,0.56000019272922,11.4645270364255,11.4950850643346
70146000,811.875,0.591227689324792,0.560948438085341,13.7279524428888,13.7567730785948
70238700,812.947916666667,0.597348302486045,0.566231144223845,13.1576542988374,13.1769598937574
70331400,814.020833333333,0.605368034870626,0.575485333826722,10.232817372118,10.2386737618421
70423200,815.083333333333,0.614230897621974,0.587291470826367,9.85603640873137,9.84703981469518
70515900,816.15625,0.622732514817923,0.600105463772238,8.65751381247925,8.62865803372187
70608600,817.229166666667,0.629327023333259,0.61198012432057,5.35303033744061,5.32193207263662
70701300,818.302083333333,0.632772342489729,0.621357525232681,8.01029299492001,7.97989336664477
70793100,819.364583333333,0.632272767470938,0.627128869075709,12.0259405019907,12.0052827171781
70885800,820.4375,0.627529844551289,0.628913114609192,12.8259460733925,12.8211479063017
70978500,821.510416666667,0.618814071744192,0.626725984243103,13.9053041632449,13.9092237578829
71070300,822.572916666667,0.607101404971074,0.621270325967378,15.5609334763448,15.5785701706943
71163000,823.645833333333,0.593490067750567,0.613511827867283,12.7771811645411,12.8009273675158
71255700,824.71875,0.579763175193042,0.604856530203999,14.8758772647912,14.9011977920008
71348400,825.791666666667,0.567721707193222,0.596743037110364,17.5495694277596,17.5805692037451
71440200,826.854166666667,0.559054409038321,0.590475319908411,15.1109877795924,15.1412968357699
71532900,827.927083333333,0.554710006592275,0.586742649138546,13.24270258566,13.2699219685337
71625600,829,0.555169968004725,0.58581840255639,11.8364172568498,11.8520857259319
71718300,830.072916666667,0.559972414827702,0.587237536212194,7.76406467393096,7.76961696312111
71811000,831.145833333333,0.567943030002638,0.58998797050918,8.40176661198978,8.40091650107065
71903700,832.21875,0.577500373868324,0.592777952483448,10.4191507202948,10.3962358038372
71996400,833.291666666667,0.587042370677304,0.594391449692897,9.9107400562714,9.87906427224607
72089100,834.364583333333,0.59531478692501,0.594053463536408,8.96612080561305,8.93973960321142
72181800,835.4375,0.601686375910438,0.591717769541183,11.4426264541187,11.4268678774448
72274500,836.510416666667,0.606260190963897,0.588170252764022,11.1056717356786,11.1035920459939
72367200,837.583333333333,0.60976564886868,0.584856877466447,12.1702003227177,12.1712324434937
72459000,838.645833333333,0.613197251667844,0.583434496585911,17.0976538784248,17.1092426089843
72552600,839.729166666667,0.61755772372517,0.585189577086676,17.4186327411188,17.4445180942838
72645300,840.802083333333,0.623126889359784,0.590590230283296,14.7041844811728,14.7341445082847
72738000,841.875,0.629688921966646,0.599168388532989,15.3698911249004,15.4021437143987
72831600,842.958333333333,0.636522112883303,0.609848186622563,13.3447592257289,13.3763765398686
72924300,844.03125,0.64242569584213,0.620900362546752,12.7818487032446,12.8117022479203
73017000,845.104166666667,0.646411142071303,0.630953572713802,14.5187570434474,14.5390751859353
73108800,846.166666666667,0.647654093581276,0.63877813601723,11.6304184964094,11.6274923903453
73201500,847.239583333333,0.645719359373617,0.643795978200069,7.16611667374815,7.1491402658749
73295100,848.322916666667,0.640483323490557,0.645650880129738,7.53547854083962,7.50783152853516
73386900,849.385416666667,0.632554462811464,0.644512891052612,7.93617239007337,7.90338815213966
73479600,850.458333333333,0.622559235553314,0.640951843947692,8.24029573869529,8.21114083272105
73572300,851.53125,0.611704326094874,0.635806783941888,12.6869251361043,12.6648467988316
73664100,852.59375,0.601399822242789,0.630112940462447,15.7903464537962,15.7882739717825
73757700,853.677083333333,0.592648984731018,0.624646546752911,13.4064004955699,13.4180358519917
73850400,854.75,0.586763867552614,0.620300230494984,14.210808338955,14.2265495453399
73942200,855.8125,0.584219861047055,0.61739598307853,15.7637107160125,15.7880728854228
74034000,856.875,0.584937355627133,0.615810340430893,15.3261971176674,15.3556479822552
74126700,857.947916666667,0.58843486891582,0.615083064883036,17.6599419900132,17.6925719686663
74219400,859.020833333333,0.593815257130469,0.614523863237193,16.8871629528255,16.9180818473396
74312100,860.09375,0.600067802190655,0.61341031063856,11.4086555402316,11.4331511665529
74404800,861.166666666667,0.606338491921231,0.611263937448179,10.5600222136277,10.5813346700775
74497500,862.239583333333,0.612120971263511,0.608060034081482,10.4569156595893,10.4625659476344
74590200,863.3125,0.617329769047663,0.604324742916116,8.3591902862175,8.34631065924259
74682900,864.385416666667,0.622236711162197,0.601058793983341,9.47521549691577,9.44903536280973
74775600,865.458333333333,0.627289613219729,0.59947006042695,11.593299721454,11.5601889960607
74867400,866.520833333333,0.632817058508621,0.600555036386911,10.0356614183822,10.0153498044411
74960100,867.59375,0.6390394284893,0.604801349085703,9.38026880066405,9.36402476625919
75052800,868.666666666667,0.645646436374914,0.611962923177611,13.3542834712315,13.3466889217264
75144600,869.729166666667,0.651987439195249,0.621067506242151,14.8201765840085,14.8273182592464
75238200,870.8125,0.65746778944702,0.631183273527946,16.3889438165565,16.4040908240157
75330000,871.875,0.661134739433683,0.640707428688279,18.738931681985,18.7659272932648
75423600,872.958333333333,0.662562351063989,0.649008248301867,15.2552241757467,15.2883855865628
75517200,874.041666666667,0.661387907431892,0.655248976302296,13.6354167290161,13.6690240424696
75609900,875.114583333333,0.657743839139692,0.659173565052165,16.0365633556011,16.0702702189565
75701700,876.177083333333,0.652112936386921,0.660978383796095,14.2021346225354,14.2292290874697
75794400,877.25,0.645074574976366,0.66109817302989,12.4643338690875,12.482901413967
75886200,878.3125,0.637625808389376,0.660078022929775,11.8054791379409,11.8034209932111
75978900,879.385416666667,0.630547252095936,0.658482617673279,7.97895302850819,7.95349403301059
76072500,880.46875,0.624700542851024,0.656793654139914,5.52702354958336,5.49683505519601
76165200,881.541666666667,0.620787823482129,0.655327491590987,9.23185033121698,9.1973682160116
76257000,882.604166666667,0.618968537651322,0.654080483346455,11.8427342216972,11.8152769657901
76350600,883.6875,0.619027845827422,0.652733480650036,12.3656080280361,12.3499334025355
76443300,884.760416666667,0.620458767544786,0.650825836320819,15.3818622709198,15.3793132025215
76536000,885.833333333333,0.622544001794362,0.647779384210007,15.3166191643376,15.3308241497961
76627800,886.895833333333,0.624593222213926,0.643200782690986,13.1804118737372,13.1991508447586
76720500,887.96875,0.626233206597503,0.636878653915222,17.1586929932385,17.1816588119594
76812300,889.03125,0.62741126436446,0.629283968737032,18.6911576771518,18.7237824466808
76905000,890.104166666667,0.628551901885791,0.621159800633717,16.2492842266758,16.2841684214305
76997700,891.177083333333,0.630345676087181,0.613919773114708,15.8227211945739,15.8557727897431
77090400,892.25,0.633527886918081,0.609062337007985,12.7688932726074,12.7930269802549
77182200,893.3125,0.638485662605267,0.607798230568815,9.19598262193584,9.21586553336909
77274900,894.385416666667,0.645234635661337,0.610623753709761,11.2275237269803,11.2370945985085
77367600,895.458333333333,0.65308440315303,0.617208300179631,11.3262523766963,11.3069556284139
77460300,896.53125,0.660983535330097,0.626430951511792,9.06704218783143,9.03265444303363
77552100,897.59375,0.667713658440765,0.636687816872359,9.59677276808112,9.56236061512494
77644800,898.666666666667,0.672427336101814,0.646733577986682,11.3357970382497,11.3123613514856
77737500,899.739583333333,0.674436636531575,0.655374627864343,10.260090341115,10.2486346469622
77830200,900.8125,0.67358632065213,0.662024329140042,13.285203572381,13.2754438302236
77922000,901.875,0.670227629855498,0.666580819504183,18.2200546948766,18.2275525810273
78014700,902.947916666667,0.664991994306039,0.669492142126295,17.3437027105701,17.3664422543319
78107400,904.020833333333,0.658885616244706,0.671347805299466,16.5082261339615,16.5366864559689
78201000,905.104166666667,0.652971614706015,0.672914889520419,16.7881261660746,16.8221810948518
78293700,906.177083333333,0.64842820528503,0.674835795351173,14.2078743413192,14.2435068928389
78387300,907.260416666667,0.64597654138409,0.677561131779137,15.8018594618491,15.8372620313951
78480000,908.333333333333,0.646016521253039,0.681048532251256,16.6573122661637,16.6842691689021
78571800,909.395833333333,0.648288976379014,0.684848812599153,12.0098808229371,12.0186476542906
78664500,910.46875,0.65213505148946,0.688221265744598,8.77999689810646,8.77704152462481
78758100,911.552083333333,0.656510591724631,0.69008221946394,8.67546853056257,8.65321751732304
78850800,912.625,0.660136465474181,0.689330069590597,7.23670652831669,7.201575274386
78942600,913.6875,0.662042845211823,0.685251888725561,8.62212411556616,8.5858553768573
79035300,914.760416666667,0.66171262328689,0.677471105183518,13.852157357909,13.8228232778175
79128000,915.833333333333,0.659180097864482,0.666388228952342,15.0942390285748,15.0851830827852
79219800,916.895833333333,0.655218731637269,0.653266654203362,13.3573962564359,13.3599755748218
79312500,917.96875,0.651010124073934,0.639626802137605,15.4546321065173,15.464752714546
79404300,919.03125,0.648106002008588,0.627860113023338,16.0215096425242,16.042843060329
79497000,920.104166666667,0.647728740405798,0.619785160425955,16.7518738470365,16.7779860662989
79589700,921.177083333333,0.650555466097768,0.616916804445075,20.077445149563,20.1113404847854
79681500,922.239583333333,0.656244325930063,0.619463953680958,17.7355259710179,17.7714806780965
79775100,923.322916666667,0.663864611446867,0.626631466960913,12.9897300266096,13.0233595044327
79867800,924.395833333333,0.671580200251348,0.636482105907125,13.1833956943937,13.2128079074428
79960500,925.46875,0.677796365190634,0.647021285710435,11.4925229799245,11.5078744369382
80053200,926.541666666667,0.681243561886821,0.656508163712294,9.94916002482274,9.95163319517093
80145900,927.614583333333,0.681296712909507,0.66385472858326,11.4633085483704,11.4429343959921
80238600,928.6875,0.678051585212062,0.66873925210701,11.3211423879945,11.2842089154496
80331300,929.760416666667,0.672267840940968,0.671540126304437,8.71862444140731,8.68799587877073
80424000,930.833333333333,0.665220445476288,0.673154914260414,10.0404486066344,10.0126113375401
80516700,931.90625,0.658485364262383,0.674753728558057,13.4801168184689,13.4655598483369
80609400,932.979166666667,0.653673287530151,0.677501049294578,14.5549227282388,14.5529031896214
80702100,934.052083333333,0.652118321436949,0.682267329169659,18.1842818862971,18.1930628640013
80793900,935.114583333333,0.65453452056901,0.689305426377438,19.523896898215,19.5492773589655
80887500,936.197916666667,0.661016506348371,0.698501071266776,15.4070566204207,15.4397935534521
80980200,937.270833333333,0.670550227618397,0.708568474093037,16.1320892221289,16.1660924941413
81072900,938.34375,0.681597409775782,0.718001008088662,17.6869276160297,17.7241123132002
81165600,939.416666666667,0.692196711290919,0.724961471250269,15.5383428005353,15.5732302340108
81258300,940.489583333333,0.70042372319587,0.727734791531287,15.3034359277513,15.3311215223519
81351900,941.572916666667,0.704831946637731,0.725061750752132,13.0687426293975,13.0746070345582
81444600,942.645833333333,0.704664443258139,0.716628907965426,7.48965361315758,7.47572659092473
81537300,943.71875,0.700298266212418,0.703114083225036,7.18267076454883,7.16433080504168
81630000,944.791666666667,0.692989626380897,0.686223495777382,10.1628728931948,10.1273108828477
81722700,945.864583333333,0.684665585299632,0.668455822650156,11.0154816562153,10.9804330659992
81814500,946.927083333333,0.677502276961349,0.65276059981108,12.7301423451613,12.7033173104127
81907200,948,0.673074482208547,0.641292107016889,16.1623148686179,16.1529013702558
81999900,949.072916666667,0.672298944846482,0.635717920058063,14.5845176001369,14.5927783079237
82091700,950.135416666667,0.674845641987589,0.636120073340243,14.1334919524673,14.1433165233244
82184400,951.208333333333,0.679494206813861,0.641298567917213,18.8751665579731,18.894982701607
82277100,952.28125,0.684403097894134,0.649213916329136,19.2308367018207,19.2628905313811
82368900,953.34375,0.68771367729237,0.657546607670179,18.2292410460892,18.2656094092289
82461600,954.416666666667,0.688124609452836,0.664646288766163,17.9692918185967,18.0068584806054
82554300,955.489583333333,0.684967853241257,0.669374642976568,13.3744600141533,13.4070742096195
82646100,956.552083333333,0.678554567540677,0.671559496833143,11.8459536716462,11.8773291817342
82738800,957.625,0.669790460715806,0.671892007624926,13.8359167803711,13.8538501193343
82831500,958.697916666667,0.660398766584595,0.671599259673197,11.6912213901822,11.680150019005
82924200,959.770833333333,0.652422116885982,0.672249106639927,9.27001791747456,9.24066286702391
83016000,960.833333333333,0.64793065169595,0.675312480697036,10.501444823424,10.4630608810354
83109600,961.916666666667,0.64849304001358,0.682023497490687,10.4375104364766,10.4068211001809
83202300,962.989583333333,0.65499330063582,0.692612844355489,9.50821388225157,9.48359646192575
83294100,964.052083333333,0.66701854459631,0.706449766205409,14.7096980164502,14.6906413863186
83386800,965.125,0.68348605852517,0.72241423817155,18.4744852467508,18.4765648168494
83479500,966.197916666667,0.702128612404462,0.738312830582977,17.3470783064999,17.3635964509903
83571300,967.260416666667,0.72016393872073,0.751634832308819,18.4192845487151,18.4445704466253
83664000,968.333333333333,0.735398381813683,0.760367364607657,17.4921814116537,17.5261780956192
83755800,969.395833333333,0.745541832021639,0.762651751788279,15.5191406086454,15.5555608035522
83848500,970.46875,0.749705518947354,0.757798400623044,18.7765838044207,18.8150988025759
83941200,971.541666666667,0.74784972105096,0.746263643304264,18.2907133942798,18.3244874711487
84033000,972.604166666667,0.741317423406998,0.73000561167843,13.102821968762,13.1255082039406
84125700,973.677083333333,0.732076061759518,0.711421673341076,11.1601988193887,11.1705881616647
84218400,974.75,0.72255891659475,0.693741172912537,9.40916267117078,9.39632839765232
84311100,975.822916666667,0.714765506936477,0.679650473066971,7.03058506531578,7.00264324796466
84404700,976.90625,0.709733035408682,0.67069868575567,9.96270228773673,9.92666205497698
84497400,977.979166666667,0.707479484608218,0.667244882807246,14.2942043025056,14.2584971842996
84590100,979.052083333333,0.706882718060337,0.668074007939312,13.9253969097345,13.9067695453245
84681900,980.114583333333,0.706352509801735,0.671271325635172,13.8070602537803,13.7984704921399
84774600,981.1875,0.704269073769957,0.674898573825837,16.0071827692494,16.0110348095768
84867300,982.260416666667,0.699432144164726,0.677313271850933,15.9474064676127,15.9626037567929
84959100,983.322916666667,0.691447325050648,0.677640356897171,18.6841677488656,18.7043797459706
85051800,984.395833333333,0.680508452572628,0.675861506444954,21.8862674233689,21.9199560560649
85145400,985.479166666667,0.667732767563983,0.672714345060969,18.1112140881843,18.1503590818183
85237200,986.541666666667,0.655363030883082,0.669705693119913,15.4185871035196,15.4576929949403
85329900,987.614583333333,0.645298542608182,0.668469736192743,15.3416965002865,15.3777097059427
85423500,988.697916666667,0.639926973397258,0.670755082287485,12.6205285901979,12.6472018984438
85515300,989.760416666667,0.641123562992077,0.677642412306938,12.6778827983764,12.6946982409811
85607100,990.822916666667,0.649582068636625,0.689538335463899,13.3253877005705,13.3126970257655
85699800,991.895833333333,0.665186488258017,0.706100146747696,10.3561790949719,10.3187937460115
85792500,992.96875,0.686422063856788,0.725785728027989,8.08354522291013,8.04398639325872
85884300,994.03125,0.710695382752814,0.746252593742148,10.5113793258505,10.4747785134379
85977000,995.104166666667,0.735703894067762,0.765419502951651,12.877593881003,12.8541472498727
86069700,996.177083333333,0.758417853186462,0.780616475562811,14.4936887700547,14.4792429984236
86162400,997.25,0.776455789034695,0.789820065257916,19.7322499099962,19.7339241986412
86254200,998.3125,0.788157146101406,0.791877647490761,19.4994551801129,19.520552241965
86346900,999.385416666667,0.793254582158956,0.786827585481714,16.1749685791042,16.2036184358625
86440500,1000.46875,0.792228098021706,0.775750772976286,18.2341026722858,18.2663184706445
86533200,1001.54166666667,0.786728718587165,0.761181469952155,18.8759118241833,18.9148369738872
86625900,1002.61458333333,0.778836805956935,0.745792749145472,17.6203737828576,17.6603128165893
86719500,1003.69791666667,0.770332585675552,0.731913653631255,18.1474302714177,18.1821896588691
86811300,1004.76041666667,0.762592373022079,0.721416377649385,13.9981024567181,14.0155861597168
86904900,1005.84375,0.755516510472101,0.714199637116442,8.5270402214528,8.53256702711994
86997600,1006.91666666667,0.748725075277993,0.709782312763643,9.41369707687597,9.40947412260556
87090300,1007.98958333333,0.741123329852962,0.706748986716083,10.489004728613,10.4561262824932
87183000,1009.0625,0.731680720322919,0.703695621755529,10.2776259063082,10.2370610564915
87274800,1010.125,0.719846941083172,0.699613137772667,13.6184198466591,13.5824079915574
87367500,1011.19791666667,0.705299852992755,0.693970962470023,15.8675465265568,15.8499385785683
87461100,1012.28125,0.688593119284777,0.686978163404875,13.8457851075944,13.8447547395961
87553800,1013.35416666667,0.671390255198315,0.679687882078741,15.3599857133224,15.3592203763717
87646500,1014.42708333333,0.655463233485215,0.673451301506485,19.8567070421357,19.8721399307549
87739200,1015.5,0.64306667273642,0.669907285954085,19.6109002551925,19.6386683401804
87831900,1016.57291666667,0.636393743776413,0.670572715456073,20.7141789331731,20.7497820684655
87923700,1017.63541666667,0.637059114364157,0.676397945641112,19.341652744046,19.3821449984273
88016400,1018.70833333333,0.645787689302742,0.687775046604768,14.3243086031543,14.3637450288883
88109100,1019.78125,0.662191544345678,0.70409584186141,15.0927360701641,15.1314260343688
88201800,1020.85416666667,0.684811015466062,0.724013348214419,15.9228563450663,15.9483983458582
88294500,1021.92708333333,0.711472887983044,0.745647206247819,12.1942143829635,12.1980002617682
88387200,1023,0.739692615355899,0.766883347325196,10.8253087711704,10.8067233804169
88479000,1024.0625,0.766772968713056,0.785504550858328,10.8766614627384,10.8382889002879
88571700,1025.13541666667,0.791124083234666,0.800164399971279,9.18432179327855,9.14586801615816
88664400,1026.20833333333,0.810836500443655,0.809503000455006,9.31072417387671,9.27311324353244
88757100,1027.28125,0.824931112258634,0.8131159648523,15.884914072863,15.8583125171978
88850700,1028.36458333333,0.833227598588903,0.811409816680169,17.7730922315695,17.7667239265945
88942500,1029.42708333333,0.836043159259392,0.805697195293808,18.1326412944934,18.1405002926755
89035200,1030.5,0.834489783284677,0.797473344453028,19.6581765037643,19.6788142934252
89127900,1031.57291666667,0.829580067052611,0.788313696084647,17.8024219078903,17.8343177418185
89220600,1032.64583333333,0.822125463752464,0.779243552693849,17.5487824136348,17.5818307807763
89313300,1033.71875,0.812493161884337,0.770589022809853,21.4376861732518,21.4778150194028
89406000,1034.79166666667,0.800645684668452,0.762083825289009,19.1579195841217,19.1975792382253
89497800,1035.85416666667,0.786499167992161,0.753257472569837,15.170757357852,15.204096848036
89591400,1036.9375,0.769427739107295,0.743316203610153,13.3663658480206,13.3880151634026
89683200,1038,0.750203105519782,0.732418419345386,9.78583255382064,9.78428137424232
89775900,1039.07291666667,0.728852076556068,0.720474549644798,8.31309429809381,8.30519585564032
89868600,1040.14583333333,0.706617799631625,0.708274224908541,11.898634664464,11.8660104228362
89961300,1041.21875,0.685051134888553,0.696909866471332,13.5408307117134,13.4997968525652
90054000,1042.29166666667,0.666058356118237,0.687715023940339,13.1656281467327,13.1364781031211
90146700,1043.36458333333,0.651655866061634,0.682027760059075,14.2714596895554,14.251564362379
90239400,1044.4375,0.643622450822281,0.680917018173336,16.0908520528711,16.0885653665451
90332100,1045.51041666667,0.643123712603058,0.684936941924004,15.7535725790541,15.7578776654681
90423900,1046.57291666667,0.650329850664781,0.693875872974995,21.1505864351548,21.1653845170066
90516600,1047.64583333333,0.664735922695934,0.707181736441563,22.6298771222725,22.6614253745514
90609300,1048.71875,0.684923148205129,0.723585732395104,18.9472067036407,18.9868476443354
90702000,1049.79166666667,0.709112535283521,0.741656506897353,17.9626245930153,18.0039305421544
90795600,1050.875,0.735742330526068,0.760167153979037,16.900554511312,16.9411384270838
90888300,1051.94791666667,0.762659821813243,0.777574004331987,14.4557529401611,14.4933118717531
90981000,1053.02083333333,0.788777173209923,0.79320604826474,15.8751468623395,15.9006360875042
91074600,1054.10416666667,0.8132418571446,0.806664640360598,14.2353290578268,14.2313030456166
91167300,1055.17708333333,0.834663894758463,0.817435108102074,9.53628548881115,9.50374170133595
91260000,1056.25,0.852455636756095,0.825557446192018,8.16781379843188,8.12828592971752
91352700,1057.32291666667,0.865852290001202,0.830985538497144,11.1074337531179,11.0660192527146
91444500,1058.38541666667,0.874167790465275,0.833656484311728,11.5109767051513,11.476876364838
91538100,1059.46875,0.877152749433536,0.83352952740663,15.8492278239625,15.8245011151867
91630800,1060.54166666667,0.874468275180458,0.830457867787684,20.4125987123364,20.4080634275203
91724400,1061.625,0.866117139417255,0.824270988609881,19.0686319639002,19.0851760248484
91817100,1062.69791666667,0.852529326047217,0.815058857330455,17.2729187436599,17.2934495257763
91909800,1063.77083333333,0.834143448245884,0.802927803594222,20.090042198698,20.1208109818514
92002500,1064.84375,0.811721586669392,0.788304671267661,19.5354295661783,19.5733279599807
92095200,1065.91666666667,0.786340371204572,0.771943774864116,20.6297862730719,20.671628731067
92187000,1066.97916666667,0.759673195316473,0.755081322606284,20.2019858344911,20.2420852383162
92279700,1068.05208333333,0.732894279075827,0.738685750851913,14.2644617680139,14.2913966930926
92372400,1069.125,0.708171932594063,0.724322487501254,10.8921370023296,10.9168178159138
92464200,1070.1875,0.687611622334805,0.713371535085079,11.653286407867,11.6573307050856
92556900,1071.26041666667,0.672480053013392,0.706571262924716,10.1813483502887,10.1582267209378
92650500,1072.34375,0.664101481464633,0.704491610227104,11.0602454254817,11.0206268383055
92743200,1073.41666666667,0.663016733683761,0.707000294939016,14.3242273016754,14.282395358064
92835900,1074.48958333333,0.668668286236132,0.713327319417166,15.1349778507825,15.1112830636946
92929500,1075.57291666667,0.680099843759268,0.722481484169523,12.6390374986349,12.6238916116534
93022200,1076.64583333333,0.695672800115158,0.733099115996051,17.280447293268,17.2725454077191
93114900,1077.71875,0.714109978459997,0.74426615325766,19.7995560965391,19.8082383757123
93206700,1078.78125,0.73417101634316,0.755286557370233,20.7685336752215,20.7905423751396
93299400,1079.85416666667,0.75564878470088,0.766279326821924,22.7979208753414,22.8310443715108
93392100,1080.92708333333,0.778119198256902,0.777484916926459,19.9895653485394,20.0314692364634
93483900,1081.98958333333,0.801245327414262,0.789357809996206,15.8102875087993,15.8528332036153
93576600,1083.0625,0.825164809658422,0.802576680452887,18.2393486778345,18.281713813163
93670200,1084.14583333333,0.849048026085392,0.81712336862669,17.2523739726063,17.2860975295316
93762900,1085.21875,0.870958552223617,0.831921223746701,13.7226035038148,13.7396242913802
93855600,1086.29166666667,0.889201766926734,0.845630261671528,12.6873162439574,12.681682720155
93949200,1087.375,0.901886589975154,0.856529808934442,10.8381423654338,10.8007148524777
94041900,1088.44791666667,0.907183233341811,0.862740553302005,7.20435260486957,7.16090419858673
94134600,1089.52083333333,0.904402827867618,0.863282976524942,10.9462089909639,10.9027970727832
94227300,1090.59375,0.893543908551617,0.857814727447179,15.8936687752214,15.8602415859352
94319100,1091.65625,0.875591332143987,0.846894755625163,17.4940745651324,17.4791364953694
94411800,1092.72916666667,0.851602678868255,0.831393460734415,19.0192347316487,19.0167726417962
94504500,1093.80208333333,0.823628665647793,0.812983891887307,20.4833841304773,20.5008395459562
94596300,1094.86458333333,0.794203004809783,0.79375086804632,17.4001723528146,17.4251485262246
94689000,1095.9375,0.765142882359033,0.77528409578299,20.5214943838173,20.5509959901931
94781700,1097.01041666667,0.739100183954418,0.759582380546039,23.1247194565913,23.1647214716594
94874400,1098.08333333333,0.718122297484593,0.74801394317864,20.0509158346723,20.094190300813
94967100,1099.15625,0.703628009531,0.741264949658469,17.7957734694644,17.8367016487678
95064300,1100.28125,0.695968114102683,0.739220705209075,14.7238098361187,14.7514079679927
95157000,1101.35416666667,0.695393954889051,0.7411398615809,10.0647077595828,10.0831563003442
95248800,1102.41666666667,0.700077500673628,0.745354640164316,11.2558365628882,11.2595455130461
95341500,1103.48958333333,0.708501080795514,0.750405488299111,13.3075878210366,13.2797013864884
95434200,1104.5625,0.719093716532812,0.754960818570743,12.6706089355276,12.6264991346692
95526900,1105.63541666667,0.730781598722755,0.758315294845314,12.3249284018852,12.2853419189134
95619600,1106.70833333333,0.743201317179469,0.760566636181978,15.3979339253458,15.3720822678631
95712300,1107.78125,0.756713759185919,0.762643115944348,14.5939650337466,14.5818638078423
95805000,1108.85416666667,0.772174853190892,0.766103115357676,17.2095503962994,17.2036361024374
95897700,1109.92708333333,0.79049471591753,0.772693845511504,23.1348394123361,23.1446194784859
95989500,1110.98958333333,0.811866712313273,0.783603519753599,22.9135884611212,22.9432116642113
96082200,1112.0625,0.836189489044776,0.799341379243215,19.9517261838114,19.9878887776134
96174900,1113.13541666667,0.861625637562953,0.818771517168414,20.1899640399138,20.232229533259
96267600,1114.20833333333,0.885627469883528,0.839621984730762,17.6934796889707,17.7373431963558
96360300,1115.28125,0.905281778315256,0.858956342694757,17.4646358472613,17.5074266836752
96453000,1116.35416666667,0.91796604532946,0.873917951600191,18.7284581898081,18.7611426648313
96545700,1117.42708333333,0.921898600208094,0.882383827025478,14.3690427976559,14.3720631033573
96637500,1118.48958333333,0.91653572273334,0.883371995820921,9.37926947715052,9.36497709910725
96730200,1119.5625,0.902295043539459,0.877076398397908,9.60370946710376,9.56863645751168
96823800,1120.64583333333,0.880481718100969,0.864515600799131,9.94663763593943,9.90195138575213
96916500,1121.71875,0.85382954079628,0.847916953074128,11.5839378118585,11.5417056421139
97008300,1122.78125,0.825204517439333,0.829755448037426,17.1537076063097,17.1197350465111
97101000,1123.85416666667,0.796936712348364,0.812103934270208,20.6458190236798,20.6370357966944
97193700,1124.92708333333,0.772028516511318,0.797274850321978,17.9539510705695,17.9603008604759
97286400,1126,0.752655807959995,0.786755350940751,19.3952881924964,19.4098525579603
97379100,1127.07291666667,0.74008900933265,0.781117177769259,20.6621773875053,20.6880291560082
97470900,1128.13541666667,0.734498303203,0.779918265561699,20.8800463385026,20.9148549560293
97563600,1129.20833333333,0.734832549845128,0.781831676456204,23.7427266397508,23.7841972065228
97656300,1130.28125,0.739437565479339,0.78502998046668,21.421308250472,21.4646813402148
97749900,1131.36458333333,0.746347387667803,0.787585114438193,14.8231647892602,14.8620731797433
97843500,1132.44791666667,0.75371133719439,0.787895941053149,13.8514428978663,13.884089589848
97935300,1133.51041666667,0.760343934927233,0.785344282557939,13.1937737559846,13.2095120252139
98028000,1134.58333333333,0.766410656932671,0.780332901540655,10.7808306446731,10.7704317605371
98120700,1135.65625,0.772787479999191,0.774451853981473,12.5557091645588,12.5239045541402
98213400,1136.72916666667,0.781081311540793,0.770134843718717,14.9619772234824,14.9172434822217
98306100,1137.80208333333,0.792965589067005,0.770046435620079,12.5896517745114,12.5562674490746
98398800,1138.875,0.809475908229953,0.776244970531438,13.2421397030169,13.215314888421
98490600,1139.9375,0.830234956851748,0.789259201202826,17.7908016627033,17.7741649132909
98583300,1141.01041666667,0.85415173497304,0.808331836802716,19.9186545485822,19.9204107439954
98675100,1142.07291666667,0.878226479870082,0.830647772269646,22.2669459794511,22.2796266557695
98768700,1143.15625,0.900056724355885,0.853584831357221,24.4081416544896,24.439834749147
98861400,1144.22916666667,0.916045209120024,0.873184398999967,19.7378772008589,19.7779703171446
98954100,1145.30208333333,0.924245068337958,0.887086121994049,18.5555748557798,18.59772647214
99046800,1146.375,0.923571770911671,0.893815177236605,20.8384018421396,20.8831859813432
99139500,1147.44791666667,0.914149743647028,0.893140830180599,18.2928955950741,18.3326039833912
99232200,1148.52083333333,0.897228759491653,0.885977441730958,16.5450150772925,16.5755945143724
99324900,1149.59375,0.874955509108523,0.87412225652105,14.3886038875456,14.3899374870576
99417600,1150.66666666667,0.850056177754794,0.859896107491046,9.32875067588556,9.30163607573975
99509400,1151.72916666667,0.825692482606906,0.845865398276613,7.68319225873857,7.64618104507993
99602100,1152.80208333333,0.804101190397844,0.833878588003717,12.0233933425982,11.9788510492775
99694800,1153.875,0.787658733697996,0.825554971870159,15.5106131209393,15.4716977182713
99786600,1154.9375,0.777607148864559,0.821467632550452,16.7734758347078,16.7459103014581
99879300,1156.01041666667,0.773789053379481,0.821093029347002,20.6401136973058,20.6311432656105
99972000,1157.08333333333,0.775302928918231,0.823177598658126,19.4777056844877,19.487591748795
100064700,1158.15625,0.780354872502023,0.825855438071083,18.2126755979293,18.2296497487791
100157400,1159.22916666667,0.786878452640019,0.827157520121724,23.1114616184031,23.1351568286745
100250100,1160.30208333333,0.793067786849353,0.825502266262645,24.1634123640102,24.2025880433087
100342800,1161.375,0.797845266095238,0.820157487611616,21.5078811594847,21.5520008095158
100435500,1162.44791666667,0.80115436027933,0.811570255910034,20.4081980200348,20.4524891313321
100528200,1163.52083333333,0.803990315698242,0.801454434454046,15.8201442714617,15.8579734552714
100621800,1164.60416666667,0.808143345478156,0.792435181494191,12.0981409279496,12.1301744680325
100714500,1165.67708333333,0.815408913548427,0.787699037035983,14.5758824956627,14.5934101846489
100807200,1166.75,0.827051588146335,0.789485014555586,13.8923601654484,13.8701989970296
100899900,1167.82291666667,0.843118158129887,0.798659295959586,11.3997799211321,11.3575851050165
100993500,1168.90625,0.86253306057002,0.81449209892797,13.0797031694321,13.0346529890642
101086200,1169.97916666667,0.882631019873605,0.834304749026931,14.3472029195055,14.3128634130632
101178900,1171.05208333333,0.900893163091467,0.855156859224949,13.9253879383232,13.9030725790061
101270700,1172.11458333333,0.914699719638295,0.873891549491671,18.5366510617732,18.5179080932398
101363400,1173.1875,0.92246000348742,0.888548698484668,24.0804966833212,24.0858483230523
101457000,1174.27083333333,0.923010555343257,0.897596505045013,22.6063289132618,22.6282739170288
101549700,1175.34375,0.91637623033814,0.900518070851567,22.1018839992794,22.1343552707253
101642400,1176.41666666667,0.903587688473098,0.898054786960363,21.3641501265193,21.4045538300265
101734200,1177.47916666667,0.886591982671958,0.891657802821255,18.8124616322473,18.8567976690058
101826900,1178.55208333333,0.867310713973542,0.883009792541129,21.3892900937419,21.4348278701811
101919600,1179.625,0.84833776286454,0.874078978552949,20.5425288044947,20.5800323468301
102012300,1180.69791666667,0.831918979310085,0.866532508689908,14.6902963270368,14.7101798384926
102104100,1181.76041666667,0.81983706840069,0.861512661555066,11.2329577186506,11.233534756398
102196800,1182.83333333333,0.812716550362238,0.859277881555442,10.3258439072146,10.3031656283898
102290400,1183.91666666667,0.810644678968091,0.859477374450644,9.0971695126475,9.05340763390898
102383100,1184.98958333333,0.812765773664955,0.861015426353609,12.1222695968151,12.0761044608505
102475800,1186.0625,0.817597033487718,0.862409441751931,18.4414752159361,18.4028374903719
102568500,1187.13541666667,0.823534926113223,0.862147571885163,18.9874776500626,18.9692832742091
102661200,1188.20833333333,0.829210484971832,0.859064140858784,18.3515804117798,18.3485145520378
102753900,1189.28125,0.833824320772354,0.852702060430786,20.4603421254263,20.4661274214189
102846600,1190.35416666667,0.837348963054821,0.843581538859706,20.9546002349674,20.9754987864658
102939300,1191.42708333333,0.840532478503237,0.833271295010541,23.0688583261458,23.0959482799463
103031100,1192.48958333333,0.844594793996988,0.824209292636976,26.1178656869313,26.1588248075034
103123800,1193.5625,0.850910108399895,0.818740863081682,21.9465527201031,21.9923756028565
103216500,1194.63541666667,0.860224650174684,0.818872023169439,16.8499361120134,16.8944767041769
103308300,1195.69791666667,0.872265523357891,0.82511401197396,16.9040663097862,16.9449627201218
103401000,1196.77083333333,0.886175371965482,0.836724003978741,14.1548689161263,14.179963172731
103493700,1197.84375,0.900090686072722,0.851694886375524,13.1922437468314,13.2035284902888
103586400,1198.91666666667,0.912069903567782,0.867608032177766,14.3467109196085,14.3211659886756
103679100,1199.98958333333,0.920434179031329,0.882233043893972,13.4960291857436,13.449796611715
103771800,1201.0625,0.924069798426191,0.893936806206248,11.5264574768753,11.4846211178537
103864500,1202.13541666667,0.922571007382422,0.901853732898885,13.424568476487,13.3856700133022
103956300,1203.19791666667,0.916332449321955,0.905853755162276,17.843129526905,17.820737791718
104049000,1204.27083333333,0.906163365429753,0.906530261638337,19.5986631184603,19.5872313422773
104140800,1205.33333333333,0.89363764070429,0.904804312412722,24.4038306701771,24.4103678393081
104233500,1206.40625,0.880151689401576,0.901789391907018,24.5437970833538,24.5697179018405
104326200,1207.47916666667,0.867469355977097,0.898607700113937,20.3897741159909,20.4261105656877
104419800,1208.5625,0.856889431912472,0.896092306756909,21.6487010470241,21.6870358987172
104511600,1209.625,0.849580922130458,0.894725513997808,22.3747072479467,22.4203038444239
104604300,1210.69791666667,0.845589727949846,0.894383101884574,20.4304492074731,20.4760451841833
104697000,1211.77083333333,0.844730627201489,0.894567727102275,19.5045973501675,19.5416859948046
104789700,1212.84375,0.846295227652732,0.894457076407707,15.4536413026968,15.4691204525919
104882400,1213.91666666667,0.849377192297387,0.893137868743372,9.12186928095829,9.11065627264919
104975100,1214.98958333333,0.853137999511487,0.889853580423759,9.56018341761768,9.54394961506418
105067800,1216.0625,0.85703625550071,0.884245716747552,12.7523170380753,12.7087175008277
105161400,1217.14583333333,0.861003768278279,0.876464414552168,13.9188431498678,13.8728152653066
105254100,1218.21875,0.86529396136972,0.867580753282503,17.6337888012063,17.598336667416
105345900,1219.28125,0.870489282312877,0.859111955694682,20.474140761541,20.4564496038476
105438600,1220.35416666667,0.877279083705149,0.852661882921708,18.8794954834817,18.8825791162137
105531300,1221.42708333333,0.885883430761699,0.849882638269632,19.3628408145084,19.3664616040315
105624900,1222.51041666667,0.89612229083153,0.851639645077977,24.8490071085681,24.8695528679897
105718500,1223.59375,0.907032851177421,0.857761284002155,24.7690162603392,24.8030984981268
105811200,1224.66666666667,0.917230422364483,0.866962380278374,23.8623775663571,23.9053608319383
105903900,1225.73958333333,0.925485693477374,0.877625652630601,22.3647519939694,22.4111922253391
105997500,1226.82291666667,0.930741374277733,0.88821211378323,16.3460393963714,16.3893044808899
106090200,1227.89583333333,0.932268501412214,0.897290341025092,16.1977804232339,16.2401564688107
106183800,1228.97916666667,0.930033941262959,0.904402903315718,16.7335561473644,16.7563353505577
106275600,1230.04166666667,0.924624693559686,0.909335826949426,14.008430322302,14.0013020899535
106368300,1231.11458333333,0.916817365318155,0.912663971678061,11.952252431194,11.9168387298737
106461000,1232.1875,0.907793826395579,0.914969896472407,13.0327989186726,12.9857275994468
106553700,1233.26041666667,0.89875227248712,0.916921281393987,13.2415064591159,13.2022431645501
106646400,1234.33333333333,0.890746959591677,0.919025479263078,13.1522793186532,13.114677212971
106738200,1235.39583333333,0.884569517265249,0.921470871511823,20.2469781561406,20.2223869245678
106830900,1236.46875,0.880420770699261,0.924170795379609,23.5255402524395,23.5221081521507
106924500,1237.55208333333,0.878248195159006,0.926659624683741,23.1735348138864,23.1886360056914
107016300,1238.61458333333,0.8776223311902,0.928177143566866,23.8740415136652,23.8995463850042
107109900,1239.69791666667,0.877844665755191,0.927989222724613,21.7639633556668,21.8021698694284
107202600,1240.77083333333,0.878266379142188,0.925388915449862,21.279606913548,21.3197749209138
107295300,1241.84375,0.878465129869685,0.919991531447827,24.3216045149411,24.3679009379094
107387100,1242.90625,0.878420154571031,0.911955858784749,22.0776252908769,22.121131101176
107479800,1243.97916666667,0.87858746846821,0.901768609358787,15.9036465937442,15.9345240088626
107572500,1245.05208333333,0.879848098561517,0.890746713259803,13.806485664128,13.8241914637422
107665200,1246.125,0.883263690208745,0.880603228744479,10.5505595136059,10.5359553788388
107757000,1247.1875,0.889595255440375,0.873221361067878,9.08729611579745,9.06117768340703
107849700,1248.26041666667,0.899148267206776,0.869885883122812,13.6824378112742,13.6375142425757
107942400,1249.33333333333,0.911142962796426,0.871247604349477,17.8642467572064,17.8198250739145
108035100,1250.40625,0.924014712504299,0.876763495713157,18.0994805518652,18.0737282245342
108127800,1251.47916666667,0.935787927414952,0.884979253023251,18.424258054872,18.4076513487098
108220500,1252.55208333333,0.944627152570678,0.894054215492266,20.9714610792001,20.9726424833001
108313200,1253.625,0.949282902700493,0.902351842299196,21.0222372861164,21.0312083541254
108405900,1254.69791666667,0.949306512658733,0.908850060238747,25.5304751326932,25.552371012064
108498600,1255.77083333333,0.945057211638096,0.913293712119112,27.5706197317103,27.6081789009278
108592200,1256.85416666667,0.937472153937399,0.916133148450578,22.3826619145574,22.4285635039607
108684900,1257.92708333333,0.928166204037075,0.918205179158836,20.1253318837899,20.172084932558
108777600,1259,0.918699940113445,0.920583964870066,18.5049648760636,18.5489998192409
108871200,1260.08333333333,0.910502053661092,0.924205377151552,16.2437055289468,16.2816685515404
108963900,1261.15625,0.904848948219457,0.929498839935951,16.0317715174349,16.0516864394307
109056600,1262.22916666667,0.902179663025875,0.936436892684245,15.5607763721056,15.545853310637
109150200,1263.3125,0.902375076171873,0.944472862428606,12.0742122378663,12.0285631995637
109242900,1264.38541666667,0.904690614086162,0.952347812494698,10.442660947111,10.3945319085933
109335600,1265.45833333333,0.907968541861807,0.95877161521888,14.2748444174606,14.2319898483597
109428300,1266.53125,0.910924315269304,0.962364218461924,16.5286174471196,16.4958731152708
109521000,1267.60416666667,0.912430626136951,0.96198663568335,20.7622706650724,20.7430231258872
109612800,1268.66666666667,0.911802790000738,0.957044405841737,25.7169533717717,25.7161608071437
109706400,1269.75,0.908915747152568,0.947317096816551,24.0552095082221,24.0778026850884
109798200,1270.8125,0.904529023771249,0.93394101628104,21.4929960424051,21.5198425027064
109890900,1271.88541666667,0.899890399109196,0.918154147672615,23.8768383004804,23.9133065976981
109983600,1272.95833333333,0.896871203937903,0.902331124883487,23.8865582296579,23.9302960563488
110076300,1274.03125,0.897338614385467,0.889069046079758,22.8991847324916,22.9462354245525
110169000,1275.10416666667,0.902579557217672,0.88071705658127,22.380445067486,22.4229541708451
110261700,1276.17708333333,0.912709380424297,0.878664088580024,15.3179281240326,15.3405670362325
110354400,1277.25,0.926407118736474,0.882805695405424,10.8408689799685,10.858180659494
110447100,1278.32291666667,0.941181198894932,0.891518122464258,11.6084282453802,11.5996805802359
110539800,1279.39583333333,0.954092506291524,0.902225573207648,12.5576603249523,12.5209741765708
110632500,1280.46875,0.96261674620608,0.912297679905818,13.7954818965755,13.74736382553
110725200,1281.54166666667,0.965283553413954,0.91984330423048,18.1153765803567,18.0724363359194
110818800,1282.625,0.96187350135646,0.924158882169572,20.0474000233326,20.0270572611313
110910600,1283.6875,0.953609755334207,0.925598786977735,17.3705239648735,17.359427405058
111003300,1284.76041666667,0.942231098747915,0.925540310593153,21.4442307832139,21.4416147575039
111096900,1285.84375,0.93004807724465,0.925690872442615,25.6428874912821,25.656409905639
111188700,1286.90625,0.919754792663723,0.927703655617532,25.6274284498915,25.6568411099842
111281400,1287.97916666667,0.912927859045231,0.932805826707077,26.7345441403844,26.7737028724509
111374100,1289.05208333333,0.910801775796775,0.941417212144155,22.965440138578,23.0123067132102
111466800,1290.125,0.91350396430532,0.953066835005833,18.4284713916954,18.4755949830456
111559500,1291.19791666667,0.920172313257015,0.966456858812991,19.373168873453,19.4184466544669
111652200,1292.27083333333,0.929169321207539,0.979699948737969,19.1335635570246,19.1659573578308
111744900,1293.34375,0.938445027826708,0.990656579010356,14.4220035637308,14.4269663100343
111837600,1294.41666666667,0.945959775898353,0.997304979169983,13.4739734511655,13.4541477334402
111929400,1295.47916666667,0.95006499677081,0.998113828845394,12.9326381084511,12.8858125419807
112022100,1296.55208333333,0.949951792167992,0.99230461152125,10.5533066564518,10.5058057471785
112113900,1297.61458333333,0.945668063261824,0.980148704256642,13.8889035356552,13.8447054644404
112206600,1298.6875,0.938180411955815,0.962624200790769,20.7274294523936,20.6947420503806
112299300,1299.76041666667,0.929466062117233,0.942064359612979,23.0313655181165,23.0219701876354
112393800,1300.85416666667,0.921919743709423,0.921109917196348,24.0337464130666,24.0374950283732
112485600,1301.91666666667,0.918346351388468,0.904031855599368,24.8765013195825,24.8989990638567
112578300,1302.98958333333,0.920179684708019,0.892843863217091,22.1168227059777,22.1471180480705
112671000,1304.0625,0.927730500910956,0.889209329114536,23.8891435548417,23.9254964971567
112763700,1305.13541666667,0.939580480763703,0.892780737517622,27.2925254646573,27.3377407954671
112856400,1306.20833333333,0.95297054476249,0.90148052501848,22.6855768178168,22.7317672285748
112949100,1307.28125,0.96461260224872,0.912233959572769,18.9666938624842,19.0081066074485
113041800,1308.35416666667,0.971646361615097,0.922005663352848,15.2635121400415,15.2875821320542
113135400,1309.4375,0.97236225983562,0.928739494280149,11.1107696791613,11.1188985888919
113227200,1310.5,0.966674932178508,0.931597007606815,10.8853301832157,10.87373349491
113320800,1311.58333333333,0.955680142449645,0.931408482363556,15.3164932413225,15.2771901063688
113412600,1312.64583333333,0.942159079593013,0.929909261097437,16.9567038028213,16.9100872495469
113505300,1313.71875,0.928678246199493,0.929298581153739,16.5549466656618,16.5175672239014
113598000,1314.79166666667,0.918250658459334,0.931700995047006,19.2941967934283,19.2721693229116
113690700,1315.86458333333,0.913141287841062,0.938569531606538,19.9347425379591,19.9256059339382
113783400,1316.9375,0.914545621125719,0.950342685206766,21.8801429391061,21.8808977327962
113876100,1318.01041666667,0.922361681044017,0.966323939808985,28.1912010627156,28.2057343864826
113967900,1319.07291666667,0.935117757558189,0.984634171460634,27.8685231094043,27.9036927955482
114060600,1320.14583333333,0.950849924802075,1.00327684988403,23.8527036678624,23.8946520084867
114154200,1321.22916666667,0.96693356319745,1.01956977030075,22.4047705073567,22.4513471300222
114246000,1322.29166666667,0.980321289653635,1.03060667653376,20.5853643314408,20.6325295012662
114340500,1323.38541666667,0.989482444894525,1.03484967092301,18.4713048416107,18.5148696801823
114432300,1324.44791666667,0.992693139411406,1.03100816647093,19.9109869357333,19.9409082389612
114525000,1325.52083333333,0.990155330870626,1.01925470058596,15.5865326112437,15.578052734147
114617700,1326.59375,0.982900220442655,1.00093544562541,10.7688651324775,10.735813608095
114709500,1327.65625,0.973143183783193,0.978797843188548,10.8899114782046,10.8430572971861
114803100,1328.73958333333,0.96329915248573,0.955507257923126,13.4503864143615,13.4024064583972
114894900,1329.80208333333,0.956361536152031,0.93545067108868,15.7188525031567,15.6792081150966
114987600,1330.875,0.953900901803432,0.920888350707943,21.855410976853,21.8250771704539
115080300,1331.94791666667,0.956404061916486,0.913529014079939,26.0107753286718,26.0063801875438
115173000,1333.02083333333,0.962679572317922,0.913045495403335,23.3012703236634,23.3130561175042
115265700,1334.09375,0.970306282512168,0.9174930036333,23.1473883610466,23.1681595301676
115358400,1335.16666666667,0.976385881496704,0.924050938761897,25.6572208693832,25.6875918434308
115451100,1336.23958333333,0.978392510417894,0.929972983954043,24.896741067841,24.9374190016062
115543800,1337.3125,0.974850620486219,0.933385643115095,26.9176261122518,26.9637943728374
115637400,1338.39583333333,0.96557801498299,0.933713359555424,23.5003582770991,23.5451460428256
115730100,1339.46875,0.952110087816518,0.931731710185508,16.436077730758,16.4727979300441
115822800,1340.54166666667,0.936842428200306,0.929258127675628,13.2603160883378,13.2884400633849
115915500,1341.61458333333,0.92282302893033,0.928572885448021,14.0077634666801,14.0143938700768
116008200,1342.6875,0.913056271369635,0.931815396546555,12.0814223765406,12.0532624475271
116100900,1343.76041666667,0.909869269704895,0.940423524535059,14.5644975231294,14.5202979904855
116193600,1344.83333333333,0.914418161457393,0.954765501127284,18.4566565974039,18.4113434688026
116286300,1345.90625,0.926469059267395,0.974043073180775,17.7172590060854,17.6871443571433
116379000,1346.97916666667,0.944507719732598,0.996455296341216,17.3233956744403,17.30315728651
116471700,1348.05208333333,0.966110307159704,1.01953437667851,22.828338866114,22.8159687764705
116564400,1349.125,0.988432469196129,1.04054698628205,25.4829941326465,25.4910954443462
116656200,1350.1875,1.00851453177488,1.05676265212911,27.5767816353127,27.5966334426987
116748900,1351.26041666667,1.02445892319343,1.06640420388868,28.3297944967229,28.3666006158875
116841600,1352.33333333333,1.03454026953058,1.06798505462109,23.8121226649701,23.8565679276581
116934300,1353.40625,1.03826952899948,1.06128016713695,20.6157061859088,20.6621728008233
117027000,1354.47916666667,1.03627047977662,1.04728813288947,23.4224201163868,23.4697501812284
117118800,1355.54166666667,1.0302298368474,1.02837316186077,19.9978167674457,20.0357629055502
117211500,1356.61458333333,1.02223570121051,1.00712243495451,17.2393022874891,17.2623540387357
117305100,1357.69791666667,1.01450128606689,0.986695937848754,14.6160546591145,14.6042272870513
117398700,1358.78125,1.00872773191157,0.969962223791748,11.4071270203327,11.3667320163496
117491400,1359.85416666667,1.00539533827381,0.958389893612245,9.43747973436271,9.38864082005979
117585000,1360.9375,1.00365222819552,0.951598535467272,15.2124323917233,15.163828180416
117677700,1362.01041666667,1.00187523719118,0.948333094517208,20.3559137917515,20.3205267170791
117770400,1363.08333333333,0.998133731792149,0.946558895314994,22.4308268320845,22.4101113920186
117864000,1364.16666666667,0.990800139299074,0.944464932867297,25.1602590961655,25.1590409965884
117956700,1365.23958333333,0.979330662086485,0.941029676301065,24.7480295242127,24.7628878504634
118048500,1366.30208333333,0.96426300231298,0.936251211806051,22.5139918165148,22.5375699619386
118142100,1367.38541666667,0.946628404961434,0.930928247105325,27.8476240953385,27.8780048978999
118233900,1368.44791666667,0.929434436304539,0.926910217088844,28.1685434547217,28.2125346074448
118326600,1369.52083333333,0.914932503512446,0.925988740672203,24.8555861704981,24.9030740713932
118419300,1370.59375,0.905928535320071,0.929908819791165,21.1735493113892,21.2180169513448
118512900,1371.67708333333,0.904382274652567,0.939802296286311,17.0649375943907,17.0993926871934
118604700,1372.73958333333,0.911043694879021,0.955348208006789,12.0397869063506,12.0632316947017
118697400,1373.8125,0.925563687781829,0.975995811334273,14.8235281883615,14.8288244427037
118790100,1374.88541666667,0.946408188192088,0.999909841898527,15.4455918982,15.409584019736
118882800,1375.95833333333,0.971353620802226,1.02490301702895,15.1768818179467,15.1281293284639
118976400,1377.04166666667,0.998150809702381,1.04886013077896,16.4073594831029,16.3650101106113
119069100,1378.11458333333,1.02385305443223,1.0691208047528,18.8286311684177,18.7983016694286
119161800,1379.1875,1.0466767751447,1.08413667188518,18.795379609247,18.779609384218
119254500,1380.26041666667,1.06513896769714,1.09270738546975,24.007479145012,23.9964124313372
119348100,1381.34375,1.07851999429574,1.09436068055948,29.2014540418407,29.2136521514415
119440800,1382.41666666667,1.08643512462607,1.08945678503758,28.13079357295,28.159462441348
119533500,1383.48958333333,1.08953827488418,1.07924950125678,25.333739609899,25.3721765673349
119626200,1384.5625,1.08875374342968,1.06554023869368,24.9545568835138,24.9989137311905
119718900,1385.63541666667,1.0851071511918,1.050313593337,21.3032432019367,21.3505477609183
119811600,1386.70833333333,1.07936353667561,1.03522517830496,23.4319287152975,23.4787597017484
119904300,1387.78125,1.0717747906757,1.0212005710172,21.3800474065707,21.4130619248799
119997000,1388.85416666667,1.062060145321,1.00833342316288,15.863363276112,15.8703271730557
120088800,1389.91666666667,1.04976724919053,0.996238515596919,10.8955210906546,10.8758004943771
120181500,1390.98958333333,1.03412541113507,0.984020175726844,11.6778191646917,11.6395843657013
120274200,1392.0625,1.01511528695127,0.971409357168192,12.0014639857702,11.9523868324108
120366900,1393.13541666667,0.993263982351512,0.958579091853489,16.0575394533985,16.01023061041
120460500,1394.21875,0.969602061246613,0.946229137570599,22.9669361257016,22.9339656653819
120553200,1395.29166666667,0.946503099311147,0.935930771116503,24.9888879530304,24.9771941222743
120645000,1396.35416666667,0.92621827690784,0.92915493559549,22.8888441757275,22.8937227152597
120737700,1397.42708333333,0.910642867338707,0.927167097692709,25.2971981446516,25.3093194923307
120830400,1398.5,0.901895394722682,0.930976677598962,25.7652350188587,25.7917820398562
120923100,1399.57291666667,0.901094830354634,0.940787366707627,27.958490010491,27.9927224807966
121014900,1400.63541666667,0.908269144911566,0.95586042066699,29.0958994636628,29.1410605667534
121108500,1401.71875,0.922939024831291,0.975499119542882,24.9145715908747,24.9615982997766
121201200,1402.79166666667,0.943298194810122,0.997590025688149,17.4757417822873,17.5187321341243
121293900,1403.86458333333,0.967649665506968,1.02059115820986,17.4635558177908,17.5006411852474
121386600,1404.9375,0.994202766060501,1.04292058967351,14.4072130939299,14.4218371864101
121479300,1406.01041666667,1.02141084177693,1.06329348644873,14.0023716922542,13.9942002359891
121572000,1407.08333333333,1.04806729102875,1.08080234471533,15.4920370486146,15.4515117498677
121664700,1408.15625,1.07327516606293,1.09491515427012,17.4240419321426,17.3759615086625
121757400,1409.22916666667,1.09632087442818,1.10540307015489,15.740921012818,15.7054227300994
121850100,1410.30208333333,1.11650754957459,1.11222289099192,17.9986870061963,17.9661037858721
121942800,1411.375,1.13302495645804,1.1153943573701,22.8047077215736,22.7890604615958
122034600,1412.4375,1.14483865145042,1.11493870137408,25.9891818291384,25.986602665071
122127300,1413.51041666667,1.15121805853751,1.11080331787423,29.2257898911202,29.2410855435068
122220000,1414.58333333333,1.15120523514646,1.10291390619234,29.4674133193446,29.4993210680669
122311800,1415.64583333333,1.14440107435127,1.09138118607114,23.7228810018594,23.7639757673194
122404500,1416.71875,1.13059470873013,1.0760833239348,24.9631867928887,25.0063237727246
122497200,1417.79166666667,1.11022250993025,1.05746472986953,24.8449880011121,24.8924254630854
122589900,1418.86458333333,1.08421080173166,1.03624828195276,22.6825938448245,22.7265515875815
122683500,1419.94791666667,1.05371752716094,1.01339108791222,19.3225436009795,19.3519833348338
122776200,1421.02083333333,1.02131639932613,0.990962309009456,16.0073305236337,16.008590205232
122868900,1422.09375,0.989090796969979,0.970649083853413,9.61078289004358,9.57904826097689
122961600,1423.16666666667,0.95956739011837,0.954364932610391,10.5185494546135,10.4811622535163
123054300,1424.23958333333,0.935130581637934,0.943694050671824,15.4435041403885,15.3945906098326
123147900,1425.32291666667,0.917534657166895,0.939564580534322,19.3635057751351,19.3211606164127
123239700,1426.38541666667,0.90824848108623,0.942090556101913,22.3672667751618,22.3405768784176
123333300,1427.46875,0.907018639351008,0.950617713660021,25.881867842649,25.8726876521898
123426000,1428.54166666667,0.913219376138072,0.963607170961812,23.5733637220151,23.5831627999117
123519600,1429.625,0.925570646620729,0.979605774785308,24.8785670836476,24.8909178916623
123612300,1430.69791666667,0.942247906016975,0.996672029546319,29.3879356921024,29.4153878684816
123705900,1431.78125,0.962143713521315,1.01382938923436,29.9444328486818,29.984586586307
123798600,1432.85416666667,0.983892892811896,1.02998182477627,26.3943460795678,26.4408378399925
123891300,1433.92708333333,1.00722304075396,1.04512148523504,24.2397721662375,24.2863881487184
123984000,1435,1.03212895254502,1.05959321652112,17.0651805508136,17.1053243591289
124076700,1436.07291666667,1.05880250051232,1.07405614456384,16.7017835717555,16.7380317392349
124169400,1437.14583333333,1.0872498259036,1.08914707591949,16.605903494837,16.6169989249394
124262100,1438.21875,1.11685871987134,1.1050613929258,15.7610229813071,15.7352555465042
124355700,1439.30208333333,1.14634889955399,1.12133494537978,14.0372033374254,13.9897548124062
124448400,1440.375,1.17260878802353,1.13607352440738,16.5223988865322,16.4750784458492
124541100,1441.44791666667,1.19282733893675,1.14716544839014,17.1763622834683,17.1435296698745
124632900,1442.51041666667,1.20399089214483,1.15222777743827,18.6144995291643,18.5855675908149
124726500,1443.59375,1.20421925586689,1.14953657192078,25.3915215802802,25.3763212621552
124819200,1444.66666666667,1.19266826517196,1.13839729126617,29.9279196412956,29.9335983101499
124911900,1445.73958333333,1.17019568991313,1.11944941320901,27.8688821675542,27.8923893831318
125004600,1446.8125,1.1388467450629,1.09446005809181,28.2456824161005,28.2783624518418
125097300,1447.88541666667,1.10154498075905,1.06602087717555,25.0601118019681,25.1020352618626
125190000,1448.95833333333,1.06171045754756,1.03716094720906,24.9473802642569,24.9921663393039
125282700,1450.03125,1.02288395554569,1.01092052791999,26.1525161396751,26.1997434691823
125374500,1451.09375,0.988646358527903,0.990078592482029,23.9328159450732,23.9713986969644
125468100,1452.17708333333,0.960689168935841,0.975875509084718,15.7128206837568,15.7316194595694
125559900,1453.23958333333,0.941655112202213,0.969474212556773,13.46378723787,13.4638139422087
125652600,1454.3125,0.93122042675044,0.970009328180557,11.0073786050654,10.9752056485051
125745300,1455.38541666667,0.928805862263533,0.976030539642808,11.5714056245207,11.5274353727491
125838000,1456.45833333333,0.932764740288625,0.985427883350089,16.5922841301204,16.5436159335983
125930700,1457.53125,0.941122589850151,0.996034270834072,23.309725730724,23.2716318673141
126024300,1458.61458333333,0.952218672468141,1.00617126787045,23.2250273654871,23.2090040417414
126116100,1459.67708333333,0.964542510168567,1.01452796354821,23.6637903953431,23.6573782012082
126209700,1460.76041666667,0.978249093780084,1.02130737072755,25.3995761989933,25.4083750726645
126302400,1461.83333333333,0.993492186419732,1.02710122091371,27.2029644521532,27.2209332909632
126395100,1462.90625,1.01157604744322,1.03356142365664,30.0535046213871,30.0836327069038
126487800,1463.97916666667,1.03388990245666,1.0426623711641,31.7380063313059,31.7808900567817
126580500,1465.05208333333,1.06143862159185,1.05621012902161,24.5751012801445,24.6222775009861
126674100,1466.13541666667,1.09452292258931,1.07535328372313,21.6458022476771,21.6922668457062
126766800,1467.20833333333,1.13091317523825,1.09916932685689,18.8942585531452,18.934618150103
126858600,1468.27083333333,1.16735259691149,1.1252741729195,17.1337989213089,17.1613300004532
126951300,1469.34375,1.20022036613292,1.1505229381283,15.7628535354143,15.7656118601126
127044000,1470.41666666667,1.22453151051336,1.17043633994601,17.0517147662135,17.0188873772642
127137600,1471.5,1.2365666856641,1.18141470520069,15.0257414208931,14.977110047317
127231200,1472.58333333333,1.23399195557211,1.18107091431111,14.5367636009469,14.4918736921971
127323000,1473.64583333333,1.21745753768405,1.16966244625719,18.1530295829072,18.1169459933819
127415700,1474.71875,1.18885048105247,1.1488457620554,22.6730995177803,22.6493103023856
127508400,1475.79166666667,1.15186992889706,1.12189296052279,26.2784701502169,26.2702389935677
127602000,1476.875,1.11046356897457,1.09241838741702,31.5922240253665,31.6022221460633
127694700,1477.94791666667,1.0698872295124,1.06487866316605,28.3069876153742,28.3360557155645
127788300,1479.03125,1.03333751926808,1.04198932832871,25.8421101468698,25.8762882877062
127881000,1480.10416666667,1.00441256164088,1.02621571095455,27.0533354200301,27.0944881420516
127973700,1481.17708333333,0.984211743583614,1.01787224264278,27.6350576344976,27.6816318734545
128066400,1482.25,0.972710143990393,1.01611200060714,24.4046759418288,24.4505242969071
128159100,1483.32291666667,0.968583348057148,1.01900804960867,22.8277807047605,22.8623324323024
128250900,1484.38541666667,0.969664821658887,1.02403287190872,14.9716263405484,14.9800203610788
128343600,1485.45833333333,0.973668045371135,1.02886539518001,10.72009686103,10.7146852488195
128437200,1486.54166666667,0.978734915236148,1.03159147886468,11.6364413286964,11.6072343258455
128529000,1487.60416666667,0.983661737026254,1.03123998256014,15.9410448780049,15.893759653637
128621700,1488.67708333333,0.988650043953332,1.02808809178261,18.1590073778183,18.1137131031
128716200,1489.77083333333,0.994957274767065,1.02349094117033,23.5264403417487,23.4932742730411
128808000,1490.83333333333,1.00426634992328,1.02015498715237,24.6608902721562,24.6503420160959
128900700,1491.90625,1.01912672970537,1.02091390403182,23.2578795040775,23.2568628887913
128993400,1492.97916666667,1.04125379865663,1.0285836038938,26.4040710367793,26.4110066641403
129088800,1494.08333333333,1.07212883362594,1.04541529085924,31.6295908297325,31.6528588159717
129181500,1495.15625,1.10862347513427,1.07019778517279,30.0780539329692,30.1148191352428
129274200,1496.22916666667,1.14826405296268,1.10088029553627,30.1270583587596,30.17146107897
129366900,1497.30208333333,1.18645437522118,1.1333533400936,24.1246668695076,24.1714768940593
129459600,1498.375,1.21815703194141,1.16274169789264,19.9536814909317,19.9988632005428
129552300,1499.44791666667,1.23896685412065,1.18456429975632,19.7596358006059,19.799608507171
129645000,1500.52083333333,1.24605951387675,1.19576619973538,19.6561760144138,19.6737583708928
129738600,1501.60416666667,1.2386212656039,1.19528361917053,14.599662711457,14.5823939466611
129831300,1502.67708333333,1.21833144857989,1.18426087104995,15.0368271072777,14.9956741389604
129924000,1503.75,1.1884683176899,1.16556954393399,15.3663989679455,15.3184980817314
130015800,1504.8125,1.15368119257499,1.14319342063203,15.3352600864878,15.2942442058652
130108500,1505.88541666667,1.11775760652667,1.12052525663713,18.7596120264365,18.7246824571404
130201200,1506.95833333333,1.08500372031135,1.10099888746574,27.4348262445589,27.4147881001518
130293900,1508.03125,1.05830286819758,1.0866666014987,28.7207764833047,28.7229498018051
130386600,1509.10416666667,1.03908285654165,1.07814460127577,29.6291374964122,29.6451022475423
130479300,1510.17708333333,1.0272725819404,1.07468487447636,28.4951084087392,28.5251002903206
130572000,1511.25,1.02155464369422,1.07450684546078,26.8767361511227,26.9135557694016
130664700,1512.32291666667,1.0198672610393,1.07530803134791,27.5384094117846,27.5802086536959
130757400,1513.39583333333,1.02000675558496,1.07481690141985,30.1233901382774,30.170322148278
130850100,1514.46875,1.02019864820752,1.07129991048059,23.6885504814115,23.7298714404528
130943700,1515.55208333333,1.01953154284474,1.0638786335691,18.885494419119,18.9155686124747
131036400,1516.625,1.01825670194822,1.05312960568249,13.938429836306,13.9468042140177
131129100,1517.69791666667,1.01776307394794,1.04072851287357,11.5643690502856,11.5480847543529
131222700,1518.78125,1.02035766970718,1.02941406493443,11.989344363563,11.9542660161338
131314500,1519.84375,1.028429867026,1.0228722902543,18.7677920487341,18.7195741644777
131407200,1520.91666666667,1.04411589971448,1.02397244823733,21.5454368205571,21.5067976948978
131499900,1521.98958333333,1.06802014364713,1.03471841173578,22.54772894361,22.5232139005667
131591700,1523.05208333333,1.09866447042354,1.05482017004981,23.6707278285473,23.6602571508978
131684400,1524.125,1.1337932499788,1.08253742001138,25.8565230151608,25.8583342450589
131777100,1525.19791666667,1.16908485973094,1.11396852196042,27.713042628956,27.7249077756763
131869800,1526.27083333333,1.20014119542961,1.14468201293786,33.9844283506107,34.0106640293108
131962500,1527.34375,1.22308150157066,1.17056135480958,31.335447820913,31.3764429849815
132056100,1528.42708333333,1.23531693210659,1.18874784054593,26.761540703673,26.8072639497701
132147900,1529.48958333333,1.23569026757084,1.19747099022948,23.6969423361817,23.7436266595554
132241500,1530.57291666667,1.2250341707056,1.19742259320888,22.0837496525433,22.1271997411255
132334200,1531.64583333333,1.20583864030434,1.19027928765591,18.9795898515709,19.0146754224935
132426900,1532.71875,1.1813672936628,1.17877721154845,19.7864423640022,19.796782585889
132519600,1533.79166666667,1.15523574250897,1.16582765621108,15.9138590814106,15.8844344077962
132612300,1534.86458333333,1.13068903427096,1.15391508255803,13.2606340949694,13.2132103866618
132705000,1535.9375,1.11007580123047,1.14463126369999,13.5020832005558,13.4543183737718
132797700,1537.01041666667,1.09456135366469,1.13846890069733,18.5305145023216,18.4895699118811
132890400,1538.08333333333,1.08411888249524,1.13488265594217,21.388399307869,21.3595063694069
132982200,1539.14583333333,1.07781923304087,1.13258373669172,28.4907062112697,28.4755745003327
133075800,1540.22916666667,1.0740081092829,1.12982312717614,31.045796447314,31.054079569767
133168500,1541.30208333333,1.07124085091663,1.12503298157262,28.6381588083816,28.660596155213
133261200,1542.375,1.06825297069005,1.1170051654247,27.1115003377749,27.1404833467091
133353900,1543.44791666667,1.06453096522296,1.10533111345112,30.1643842019657,30.2024550934704
133446600,1544.52083333333,1.06046077098448,1.09061418267076,28.6104963326836,28.6552281025642
133538400,1545.58333333333,1.05734334346483,1.07470134095313,29.1408745366427,29.187409459172
133631100,1546.65625,1.05701930788681,1.05987258712564,23.396316275258,23.4339681883513
133722900,1547.71875,1.0614937372968,1.04941581270291,16.3646070057134,16.3869215699898
133815600,1548.79166666667,1.07233018245811,1.0458622499582,12.4208634769814,12.4322555910237
133908300,1549.86458333333,1.08983421338652,1.05096047458036,14.2538072726332,14.2364531753337
134001000,1550.9375,1.11287364541077,1.06462138805536,14.3272498932188,14.2831004136964
134093700,1552.01041666667,1.13904181418354,1.08503752066703,18.9249346444137,18.8769135019628
134185500,1553.07291666667,1.16497212406651,1.10898910663969,22.7137709762474,22.6780891984701
134278200,1554.14583333333,1.18804981865326,1.13364186963758,23.3095570111825,23.2920406763477
134370900,1555.21875,1.2054460324905,1.15584338603877,22.406753589692,22.3983108825156
134463600,1556.29166666667,1.21557799178705,1.17356723157505,28.9934811127436,28.9943227113414
134555400,1557.35416666667,1.21803581202341,1.18580468715397,31.1219775645531,31.1403124375952
134648100,1558.42708333333,1.21354902566107,1.19293040356137,32.9604206756293,32.9915359750117
134740800,1559.5,1.20362450931809,1.19574181122424,31.302278723979,31.3444302409733
134833500,1560.57291666667,1.19034974345805,1.19563137532026,26.3951110333625,26.4413188271367
134925300,1561.63541666667,1.17603711334409,1.19405177437962,22.2288080114283,22.2751892037441
135018900,1562.71875,1.16211648333886,1.19206889480495,24.4811865803096,24.5238148651572
135110700,1563.78125,1.15034084932854,1.19033458645698,20.4399973097556,20.4658825128661
135203400,1564.85416666667,1.14083012838539,1.18877050473474,17.153758434866,17.1535984436148
135296100,1565.92708333333,1.13353507881527,1.18685285267142,14.6755837949179,14.6419262697363
135388800,1567,1.12781771899171,1.18372026189078,14.2686075268397,14.2201719546298
135481500,1568.07291666667,1.12286643006027,1.1784473019767,12.9302461899038,12.8839737506257
135573300,1569.13541666667,1.11804177454121,1.17040034182821,19.8982563131996,19.8566353776446
135666000,1570.20833333333,1.11293273490758,1.15912360951372,26.0784331159652,26.0544979362278
135758700,1571.28125,1.10779222287909,1.14498690244333,29.09139893862,29.085004042753
135851400,1572.35416666667,1.10338473201016,1.12899992933891,29.8210245161759,29.8316457999411
135943200,1573.41666666667,1.10091638642281,1.11299586174756,29.753275167434,29.7774999416737
136035900,1574.48958333333,1.10165714996866,1.098782917049,27.2434492699562,27.2745617280809
136128600,1575.5625,1.10668801505268,1.08870314701175,31.9713656504496,32.0094401232071
136220400,1576.625,1.1162313413538,1.08443997072361,31.2994796695165,31.3454494429274
136313100,1577.69791666667,1.12986314023201,1.08656816391963,26.9888635266703,27.0336511441335
136406700,1578.78125,1.14615655415122,1.09470091271614,21.1012890767581,21.1381677486365
136498500,1579.84375,1.16255351043214,1.10694499074847,16.7960096049713,16.8170611306714
136591200,1580.91666666667,1.17743115705206,1.12153435015025,11.8322105438465,11.8359481402591
136684800,1582,1.18905471329432,1.13656483742264,14.9394546630662,14.9192990275674
136777500,1583.07291666667,1.19628928629726,1.15037925456105,17.7301526198204,17.6837122032595
136870200,1584.14583333333,1.19920678794428,1.16252372315176,20.1907575148452,20.1466143014163
136962900,1585.21875,1.1984723552235,1.17305958778576,21.0638697851841,21.0333030857751
137055600,1586.29166666667,1.19521795247911,1.18244865057683,24.0082493505478,23.9905196138955
137148300,1587.36458333333,1.19072456637466,1.19123712850511,24.2621226432382,24.2574254836714
137240100,1588.42708333333,1.18615809412341,1.19969722641449,30.0120183105333,30.0156816421884
137332800,1589.5,1.18216475041313,1.20799132736683,34.5531785123586,34.5753309434563
137425500,1590.57291666667,1.17904437107068,1.21563483850121,33.160258984158,33.1967614476877
137518200,1591.64583333333,1.1765848151743,1.22190197530154,28.286041956385,28.3290311026921
137610900,1592.71875,1.17424277892967,1.22589321933882,27.3923695791095,27.43839354385
137703600,1593.79166666667,1.1713467199252,1.2267199780276,23.646503704395,23.6921420362822
137796300,1594.86458333333,1.16732240993022,1.22369070370153,24.0610687306418,24.1016326121273
137889900,1595.94791666667,1.1618376698491,1.21638360374613,21.3507129459561,21.3697191390507
137981700,1597.01041666667,1.1552521454266,1.20522834505032,16.6982873361532,16.6829287675198
138075300,1598.09375,1.14802845920272,1.1905285636906,11.6562578047753,11.6155993675391
138168900,1599.17708333333,1.14151914202668,1.17381459442716,13.7133639893972,13.664997525802
138261600,1600.25,1.13729375860024,1.15709138309912,16.1333175238601,16.0887668247923
138355200,1601.33333333333,1.13675101793374,1.14210859804742,21.7663732873266,21.7294587001444
138447900,1602.40625,1.14084521927712,1.13103676840902,28.26374871054,28.2443080439359
138540600,1603.47916666667,1.14954450292767,1.12494740150725,31.1232712789649,31.1256495883641
138633300,1604.55208333333,1.16171460320381,1.12405719683776,27.9596025270858,27.9758524368116
138726000,1605.625,1.17528752961317,1.1274960203897,30.010715961897,30.0342159061076
138818700,1606.69791666667,1.18780557497715,1.13362105588433,30.5311904508652,30.5652958533522
138911400,1607.77083333333,1.19709814645313,1.14060361759476,32.3465386801609,32.388294238439
139004100,1608.84375,1.20183894708764,1.1470424863837,31.4929682739624,31.5393371045907
139096800,1609.91666666667,1.20181568321462,1.15236225234654,26.0231888186501,26.0647335288953
139190400,1611,1.19783768886059,1.15693291786099,17.4711906856402,17.5044149847949
139283100,1612.07291666667,1.19164447746813,1.16168045923661,16.7123141346615,16.7341542493563
139375800,1613.14583333333,1.1852089345397,1.16791024819435,14.5711901411347,14.5656851156999
139468500,1614.21875,1.18037841220968,1.17665321387037,15.2532356932327,15.2190229509773
139562100,1615.30208333333,1.17842030841308,1.18844760634131,18.3221774173242,18.2739619603136
139654800,1616.375,1.17979286137209,1.20265359074595,22.1760166385128,22.1365655137371
139748400,1617.45833333333,1.1840295824545,1.21832987550778,20.4996574285165,20.476957625219
139841100,1618.53125,1.18983303647686,1.23342414918489,23.6030635477589,23.586186825527
139932900,1619.59375,1.19558091797879,1.24603794126339,28.6752171594714,28.6724935415314
140026500,1620.67708333333,1.19981578262525,1.2546991493234,32.643433721391,32.6561086208596
140119200,1621.75,1.20110707212844,1.25773770191539,34.1296237465179,34.1572111170762
140211900,1622.82291666667,1.19882142727343,1.25455387961962,33.257693308716,33.2976696389322
140303700,1623.88541666667,1.19309694687077,1.24532852140144,26.7287261224689,26.773175555365
140397300,1624.96875,1.1845967048356,1.23058899051765,27.1686240579912,27.2146041559965
140490000,1626.04166666667,1.17515721675498,1.21236020219902,26.4362030919345,26.4803551897204
140582700,1627.11458333333,1.16687037864788,1.19284634941977,23.386713006507,23.4188118988397
140675400,1628.1875,1.16205307271342,1.17473961826089,18.6662022992061,18.6760890102275
140768100,1629.26041666667,1.16261107686884,1.16063456556395,15.6389589668295,15.6140681779846
140859900,1630.32291666667,1.16930245344211,1.15246344230105,11.3406453560296,11.2939619515029
140953500,1631.40625,1.18172280828277,1.15066554067241,13.3807964532008,13.3321049568059
141046200,1632.47916666667,1.19728891871909,1.15438465903506,19.697440010283,19.6535208111668
141138900,1633.55208333333,1.21269624672631,1.16124069068985,25.8172582299016,25.7887699046179
141231600,1634.625,1.22440333703429,1.16835842597947,28.4147938501862,28.4039880317409
141324300,1635.69791666667,1.229770529031,1.17332210975316,31.1514314815141,31.157890047477
141417000,1636.77083333333,1.22779080804143,1.17497167331277,28.3718409989761,28.3921267675576
141510600,1637.85416666667,1.21917289143434,1.17367739169129,30.3118849524517,30.3375443832555
141602400,1638.91666666667,1.20656030444744,1.17121508966112,34.1081843201613,34.1444863758744
141695100,1639.98958333333,1.19280115446883,1.16993711183848,33.6185114161419,33.6634822849763
141788700,1641.07291666667,1.18115405421527,1.17227409047453,28.2730892675752,28.3189176901786
141881400,1642.14583333333,1.17443705287226,1.17979916541667,24.3070590951253,24.3468674024709
141973200,1643.20833333333,1.17385527633706,1.19275109632814,17.2050486945893,17.2345467186219
142065900,1644.28125,1.17932393165056,1.21046682715156,15.8270323811411,15.8449156268908
142158600,1645.35416666667,1.18949803455644,1.23082925559968,16.5695820432382,16.5568488798617
142251300,1646.42708333333,1.20209147903775,1.25116615110235,18.031359558773,17.9876486398796
142344000,1647.5,1.21446513180371,1.26866647184503,17.9205342056084,17.873899998953
142436700,1648.57291666667,1.22416891867885,1.28085063215105,21.0635724149525,21.0275769567411
142529400,1649.64583333333,1.22937661724293,1.28593144497737,22.147856758879,22.1272760972955
142622100,1650.71875,1.22917770662228,1.28305272781258,24.8631816321286,24.8502224641542
142714800,1651.79166666667,1.22372533776413,1.2724146977956,31.3459584416561,31.3461851666756
142807500,1652.86458333333,1.21424609134097,1.25529498623313,35.9904928945317,36.010419513242
142900200,1653.9375,1.20290367931676,1.23395727533688,32.8727950275384,32.9062760193158
142993800,1655.02083333333,1.19239910398036,1.21120820072011,31.3733395010379,31.4140645931542
143086500,1656.09375,1.18585963332293,1.19088163551989,28.1129799391523,28.1580453751245
143179200,1657.16666666667,1.18548341205554,1.17584762086109,27.4961194347311,27.5422894604883
143271900,1658.23958333333,1.19225196763887,1.1681670491591,27.3562147705605,27.3985629195883
143366400,1659.33333333333,1.20559843706277,1.1682844520216,23.4817794803244,23.5044743353318
143458200,1660.39583333333,1.2220446001073,1.17450485394893,15.5521035033876,15.5472413870071
143550900,1661.46875,1.23811869849129,1.18377967074601,12.9140118688774,12.8849951093276
143643600,1662.54166666667,1.24949613475936,1.19241927604541,12.4386265306728,12.3918043613535
143735400,1663.60416666667,1.25309017719325,1.19743604157726,15.5103971042755,15.4622996315721
143829000,1664.6875,1.24778208692006,1.19761340963973,21.8215233013942,21.7808107558698
143921700,1665.76041666667,1.23479156172889,1.19360407216467,29.2025097599556,29.1802980279794
144014400,1666.83333333333,1.2172106792981,1.1878525838059,29.0356896069074,29.0348795779891
144107100,1667.90625,1.19917873373543,1.18362797677856,29.1726486195904,29.1828799147088
144198900,1668.96875,1.18491970922428,1.18398249083802,30.5560768181057,30.5765120484145
144291600,1670.04166666667,1.17726455913695,1.19093743011583,32.7257173730424,32.7560497864313
144384300,1671.11458333333,1.17787977629031,1.204972869422,34.6999605833446,34.7395573953227
144477000,1672.1875,1.18642991598843,1.2249189870278,34.4526997341105,34.4988578251394
144569700,1673.26041666667,1.20100220541024,1.2483319952458,26.2545333130653,26.2985572340458
144662400,1674.33333333333,1.21868342458728,1.27206375819415,21.3997460595025,21.4391111751851
144755100,1675.40625,1.23624102352962,1.29286197695564,18.8844152201604,18.9129935735702
144847800,1676.47916666667,1.25073485299453,1.30788081304457,16.9963270634808,17.0019632360388
144940500,1677.55208333333,1.25997670440369,1.3150606922433,16.0794604940978,16.0553250560041
145033200,1678.625,1.26282796393635,1.31338357481179,19.0424386237892,18.9951596286312
145126800,1679.70833333333,1.25928202916626,1.30287162231267,19.3393861096216,19.297720292413
145218600,1680.77083333333,1.2507684377391,1.2853091236822,19.4409183184589,19.4098421122144
145311300,1681.84375,1.23936551263795,1.26273193343653,23.188159036182,23.16632528629
145404000,1682.91666666667,1.22805442701504,1.23854257259154,29.1936094627569,29.186339230811
145495800,1683.97916666667,1.21990122751262,1.21652246851807,32.8509439076848,32.8587792064016
145588500,1685.05208333333,1.21711606095312,1.19945073401841,36.5422044167734,36.566837006515
145681200,1686.125,1.22086307965758,1.1896913303858,32.8281894382471,32.8658658966379
145773900,1687.19791666667,1.23041976049807,1.18765877167111,29.4586958895309,29.5007445135441
145866600,1688.27083333333,1.24329058872684,1.19186591839682,30.0944574588263,30.1397335416862
145959300,1689.34375,1.25578633171861,1.19935216102616,29.7269313928102,29.7724188707589
146052000,1690.41666666667,1.26401124714762,1.20661400868515,25.6867800290854,25.7244962296557
146145600,1691.5,1.26496125360316,1.21076729012435,21.9466572965356,21.96371923471
146238300,1692.57291666667,1.25748597332368,1.21037723551294,14.735334464284,14.7206643418568
146331000,1693.64583333333,1.24275773869804,1.20613817188637,10.8986914676365,10.8627899131854
146423700,1694.71875,1.22387897319081,1.20040826362632,13.3285951664978,13.282122756882
146516400,1695.79166666667,1.20510529418677,1.196462050245,19.8997420981324,19.8531322785678
146610000,1696.875,1.19061857651526,1.19747006159911,24.077426430107,24.0444041716153
146702700,1697.94791666667,1.18396662793398,1.20546377698097,29.1704524293426,29.1548449655744
146795400,1699.02083333333,1.18645938855426,1.22082719558233,29.9523972975157,29.9563640865393
146888100,1700.09375,1.19763608051613,1.24232325309542,28.7486064181979,28.7630275758417
146980800,1701.16666666667,1.21543661896312,1.26747934779724,31.954781673196,31.9762278663168
147073500,1702.23958333333,1.23682842374486,1.2931645918147,36.6537743685946,36.6884873062999
147166200,1703.3125,1.25850924618169,1.31617829542018,34.6715940784347,34.7152815544024
147258900,1704.38541666667,1.27748615667919,1.33371552295011,31.8315600293857,31.8780040213168
147351600,1705.45833333333,1.2914912176998,1.34370867977969,25.530460159433,25.5732434074445
147445200,1706.54166666667,1.29928112646725,1.3450265152652,20.2717797144643,20.3085551059639
147537000,1707.60416666667,1.30054562635252,1.33776092175247,19.4679710424942,19.4945028414557
147629700,1708.67708333333,1.29632754308744,1.3229558860414,19.1546268395691,19.1490985009336
147722400,1709.75,1.28842815654741,1.30280541396243,16.6503697850126,16.611361612875
147815100,1710.82291666667,1.27927619999779,1.28022076884935,17.6036417356695,17.5548860174758
147907800,1711.89583333333,1.27136515951281,1.25838492104681,19.3094392404947,19.2700206997747
148000500,1712.96875,1.26663545262517,1.24012533304757,20.7038166133862,20.6769208603674
148093200,1714.04166666667,1.26591896733741,1.2272738316237,24.6843921056946,24.664920233077
148185900,1715.11458333333,1.26864303681639,1.22022790870666,33.1495052920793,33.1466307188919
148277700,1716.17708333333,1.27289500955933,1.21791826255413,35.220576747999,35.2375251104169
148370400,1717.25,1.27611934767117,1.21819475703352,34.5596534638918,34.5896987568082
148463100,1718.32291666667,1.27559623927034,1.21868201897345,32.4799896545554,32.5187809198649
148555800,1719.39583333333,1.26944218181706,1.21750063207455,30.4030057596441,30.4467381105916
148648500,1720.46875,1.25721927714553,1.21396386641111,30.7312262527836,30.7774146484975
148741200,1721.54166666667,1.24021289322791,1.20883708344068,31.3409237808189,31.3848947517066
148833000,1722.60416666667,1.22141593066416,1.20415499528697,24.7617984504634,24.7916955219074
148925700,1723.67708333333,1.20410710694021,1.20239759924735,17.9237667324336,17.9328762843763
149018400,1724.75,1.19208292113595,1.20597050145866,13.5213781171472,13.5053714875767
149111100,1725.82291666667,1.18798589189612,1.21625254341624,12.3081178988011,12.2680345862274
149203800,1726.89583333333,1.19288870011595,1.23326237917,14.5299824812699,14.4811557391896
149296500,1727.96875,1.20618977527485,1.25570575242478,22.5586024865518,22.514020263818
149390100,1729.05208333333,1.22617161235497,1.28160329651329,27.4773579140374,27.4519335243347
149481900,1730.11458333333,1.24950604978554,1.30750861004998,28.372541281754,28.3656266351621
149574600,1731.1875,1.27399524189021,1.33152983363737,28.9767212163109,28.9821744581019
149666400,1732.25,1.29667153032384,1.35095544594364,31.4055701264441,31.4220928035814
149759100,1733.32291666667,1.31603446013717,1.36447897685858,33.7692401551222,33.7953215411887
149851800,1734.39583333333,1.33062932124334,1.37092012747847,38.0797177170033,38.117599093075
149944500,1735.46875,1.34002154782836,1.37012138001914,35.4225178848221,35.4684393859951
150037200,1736.54166666667,1.34451807862456,1.36273425998756,28.8416240596345,28.8877304011562
150129900,1737.61458333333,1.34502509505294,1.3501307774695,24.5488616558661,24.5921465895348
150222600,1738.6875,1.34280034556841,1.33419102698207,22.2022350286413,22.2365606628007
150315300,1739.76041666667,1.33911335128133,1.31696181729693,19.3552621545424,19.3729986660498
150408000,1740.83333333333,1.33487584947553,1.3002346190842,18.9141723548472,18.899838307882
150499800,1741.89583333333,1.3303982095449,1.28529413718896,17.8466973873766,17.8013874807224
150592500,1742.96875,1.32512419994095,1.27214953952964,17.1997553110222,17.1531370889161
150685200,1744.04166666667,1.3180518728559,1.26049992890033,17.7460845602845,17.7080673858927
150777900,1745.11458333333,1.30795570080279,1.24948700889919,23.0993630863794,23.0719616519392
150870600,1746.1875,1.29393209428829,1.23836063516434,27.9959508831131,27.9829829521164
150964200,1747.27083333333,1.27566546761784,1.22683412058807,34.3942438083051,34.3976362451616
151056900,1748.34375,1.25445628172876,1.21579252442529,36.7293309445034,36.7517838873885
151149600,1749.41666666667,1.23215008298215,1.20656335264658,33.5213503318121,33.556191795014
151241400,1750.47916666667,1.21167469784091,1.20103622664075,31.3954979613061,31.4350146722744
151334100,1751.55208333333,1.19552389866908,1.20083391224226,33.3948917357045,33.439705555135
151426800,1752.625,1.18633629792345,1.20713104309125,32.0685568112963,32.1153442302781
151519500,1753.69791666667,1.18548570915041,1.22004382736775,29.7967250957309,29.8382594172472
151612200,1754.77083333333,1.19304796652963,1.23867440780475,23.7932986151996,23.8176862170702
151704900,1755.84375,1.20793001368359,1.2613547808648,15.8113007660439,15.8111654390892
151797600,1756.91666666667,1.22827238315771,1.28603131429602,11.7615342633552,11.7440508683492
151889400,1757.97916666667,1.25169790154065,1.3104131128251,14.4389153253929,14.3982048321962
151982100,1759.05208333333,1.27667471457897,1.33321470136862,18.2032203890784,18.1539892679984
152074800,1760.125,1.30136459044499,1.35286118785566,23.5323293127979,23.4930160539209
152167500,1761.19791666667,1.32463238059733,1.3685255819616,28.1432729121375,28.1230395353144
152260200,1762.27083333333,1.34579970867061,1.3798610542532,29.004468424766,29.0037421046135
152352000,1763.33333333333,1.36435533173253,1.38686524082177,28.3103823817061,28.3186525797963
152444700,1764.40625,1.38048478633154,1.3899802173931,33.9471128504711,33.9647627712867
152537400,1765.47916666667,1.39379208398929,1.38953198149935,37.3389748661824,37.370851426119
152630100,1766.55208333333,1.40390146253993,1.38589230653146,37.3251843824794,37.3672808109755
152723700,1767.63541666667,1.41022681832914,1.37919148134907,34.1802661813738,34.2271691154887
152816400,1768.70833333333,1.41179445395915,1.36955294413257,28.0266557132992,28.0722495825637
152909100,1769.78125,1.4077558951875,1.35674651349712,23.684981091157,23.727643005673
153002700,1770.86458333333,1.39718149578531,1.34038655227455,23.8984731211494,23.9305299117602
153094500,1771.92708333333,1.38007219248958,1.32097994066137,20.7915622060386,20.7968653362474
153187200,1773,1.35626862365853,1.29844936547328,17.3487993847088,17.3199775778098
153279900,1774.07291666667,1.32698879510613,1.27408790684121,16.5315610986617,16.4826891154243
153372600,1775.14583333333,1.29422176772389,1.24975224461591,17.6097048791118,17.5651106664154
153466200,1776.22916666667,1.26042343619727,1.22767741545055,18.2759992850592,18.2413001411321
153558000,1777.29166666667,1.22976751531216,1.21102170311314,25.0818209433661,25.0557878338315
153651600,1778.375,1.20422211314151,1.20131743620953,32.5677304581619,32.5609961827509
153743400,1779.4375,1.18716859966007,1.20010415067597,35.3994064604001,35.4120191118736
153836100,1780.51041666667,1.17922569309953,1.20712929168832,35.2507207743384,35.2775125102621
153928800,1781.58333333333,1.18048372399364,1.22114540308029,33.8477491129253,33.8846407512626
154021500,1782.65625,1.18966223997094,1.24004080459443,32.0968171567888,32.1386325666425
154114200,1783.72916666667,1.20480588151833,1.26143585474909,34.8755138030441,34.9217498425496
154206000,1784.79166666667,1.22364946058113,1.28297099773281,33.9438881295102,33.9900946099561
154299600,1785.875,1.24506079130372,1.30367663547384,27.4442731741324,27.4803805554592
154391400,1786.9375,1.26710329166929,1.32188694014074,20.5169941085749,20.5376009560558
154484100,1788.01041666667,1.28994013046063,1.33799744906072,15.420005931462,15.4175026945766
154575900,1789.07291666667,1.31319558487993,1.35209897842873,12.3278147171339,12.302277503441
154668600,1790.14583333333,1.33768170556694,1.36522998355336,15.5252418974498,15.4803074558574
154761300,1791.21875,1.36347920047293,1.37806115829104,21.6313206782733,21.5832174925649
154853100,1792.28125,1.39018856003608,1.39097198804854,25.776167129773,25.744818631253
154945800,1793.35416666667,1.41743526795938,1.40407729635791,26.9332984591247,26.9200949028375
155037600,1794.41666666667,1.44288158715399,1.41614331934958,28.983878332031,28.9843057953031
155130300,1795.48958333333,1.46436106558448,1.42558676241197,30.7687079811675,30.7803332444163
155223000,1796.5625,1.47850134112535,1.4299414385985,35.6558426962236,35.677826233807
155315700,1797.63541666667,1.48242176157504,1.4269413282169,39.7901358991473,39.8262664685258
155408400,1798.70833333333,1.47418044270765,1.41506256917637,37.15811975576,37.2036675816624
155501100,1799.78125,1.45330930637942,1.39405778517696,31.2641807688013,31.3117085633031
155592900,1800.84375,1.42138950725696,1.36550887532855,28.2138519109225,28.2599535926417
155685600,1801.91666666667,1.38056239515894,1.33153281497453,25.2060443568737,25.2465175280245
155779200,1803,1.33463107804343,1.29578997409267,23.5398835867785,23.5667350919309
155871900,1804.07291666667,1.28916771119845,1.26320911945682,21.0613414797531,21.0573838374244
155964600,1805.14583333333,1.2483670091669,1.2373397491648,17.3356256632862,17.2954235049121
156057300,1806.21875,1.21606367138496,1.22097126454509,14.7845342003468,14.7339083135005
156150000,1807.29166666667,1.19462745255524,1.21519826755153,16.7515879668569,16.7066604919621
156242700,1808.36458333333,1.18458165448744,1.21925614235409,21.3851213404155,21.3516011698861
156335400,1809.4375,1.18469909929536,1.23086651566192,27.6100967720675,27.5901860178523
156429000,1810.52083333333,1.19266546986884,1.24711383059235,34.5736071726299,34.5725889914784
156521700,1811.59375,1.20548837212506,1.26456804199326,36.7737714320968,36.7933211701542
156614400,1812.66666666667,1.22074571726663,1.28091034579763,33.7167897639049,33.7482444785121
156707100,1813.73958333333,1.23682659047956,1.29469688633696,33.890466442457,33.9279514916087
156798900,1814.80208333333,1.25302617469431,1.30553371972803,35.3557507557295,35.3998349557739
156891600,1815.875,1.27013057033437,1.3143948263587,35.4294936433956,35.4773232863722
156984300,1816.94791666667,1.28920918290371,1.32275431901997,33.2788589198925,33.3237993458839
157077000,1818.02083333333,1.31181510677848,1.33264962654394,26.2258206882279,26.2571797839892
157169700,1819.09375,1.33926924273678,1.3460442057461,17.612132397623,17.6273934906075
157262400,1820.16666666667,1.3720542050539,1.36422326536571,14.8139700817141,14.8124596611587
157356000,1821.25,1.40967193817183,1.3874642810865,15.1069922854157,15.0749873235008
157449600,1822.33333333333,1.44924184117683,1.41397328572654,17.5819081464045,17.5316688812209
157542300,1823.40625,1.48626689465952,1.44019583158244,22.6909281979601,22.6464368368346
157634100,1824.46875,1.51589603680654,1.46187082396258,27.0544600920172,27.0296538746522
