elapsed_seconds,elapsed_days,earth_ssb_error_km,earth_heliocentric_error_km,saturn_ssb_error_km,saturn_heliocentric_error_km
89100,1.03125,5.17391663828789e-05,5.04792005188884e-05,0.00274013822554073,0.00273897647942922
181800,2.10416666666667,0.000223344210723572,0.000217581174324704,0.00761259910743307,0.00761715305516207
273600,3.16666666666667,0.000526870014181684,0.000512816145259106,0.0232309434830052,0.0232440195695895
366300,4.23958333333333,0.000986515497389467,0.000960026111481087,0.0261263004495075,0.0261242921690698
459000,5.3125,0.00161917338338858,0.0015765839228906,0.0538006620628745,0.0538391113281596
550800,6.375,0.00243175181422852,0.00237080714039981,0.0967125936085262,0.0967358556851352
643500,7.44791666666667,0.00345106413184252,0.00337116938407011,0.133151657914358,0.133179643309982
735300,8.51041666666667,0.00465713816979148,0.00456076574107337,0.148723118794349,0.148717361261666
827100,9.57291666666667,0.00604069128828518,0.00593341420666017,0.211233519311756,0.211186120313128
919800,10.6458333333333,0.00758074424934707,0.00747182289699848,0.169140222933172,0.169051681303077
1011600,11.7083333333333,0.00919067991517509,0.00909305691289018,0.289956433120138,0.289842156899552
1104300,12.78125,0.0108326557508541,0.010762747405311,0.263967317290556,0.263739622961621
1196100,13.84375,0.0124067939002135,0.0123826212975527,0.286464984866565,0.28617780520291
1288800,14.9166666666667,0.0138845717396325,0.0139257766399541,0.232716446235676,0.232387895159148
1380600,15.9791666666667,0.0151943401767443,0.0153183837388219,0.242116985002933,0.241818301017236
1472400,17.0416666666667,0.0163249722638778,0.0165473185571049,0.0983701155357938,0.0981315011939128
1565100,18.1145833333333,0.0172720681648339,0.0176050766250247,0.248973420919308,0.248836858982996
1656900,19.1770833333333,0.018016091561703,0.0184642721839433,0.194546728487937,0.194932570706594
1749600,20.25,0.0185807610962531,0.0191435856656292,0.224668328882378,0.22528098541906
1842300,21.3229166666667,0.0189702966233556,0.0196374642031941,0.215647708938139,0.216227476943348
1934100,22.3854166666667,0.0192053142198563,0.0199560904625418,0.344432177868045,0.345018690878387
2025900,23.4479166666667,0.0193146708632303,0.0201191839645836,0.264666633141732,0.264804533990388
2118600,24.5208333333333,0.0193266333218336,0.0201443396352982,0.434817033995164,0.435163789489145
2210400,25.5833333333333,0.0192732190508617,0.0200528363293725,0.539278935278767,0.539115291678487
2303100,26.65625,0.0191899547819577,0.0198696477589033,0.562922062195517,0.562397453805382
2394900,27.71875,0.0191191215294987,0.0196310662241073,0.427667057266815,0.426807785639155
2487600,28.7916666666667,0.019108577544917,0.0193769984372018,0.619866727140038,0.618778933877891
2579400,29.8541666666667,0.0192169392674017,0.0191722232480393,0.417133227505681,0.415814393424608
2672100,30.9270833333333,0.0195161332052104,0.0190940737045396,0.569687753121903,0.568256858995714
2763900,31.9895833333333,0.0200742530247756,0.0192434006658587,0.503914535901825,0.502724992116142
2856600,33.0625,0.0209689915336571,0.0197307682017521,0.484122935824087,0.483616792173264
2949300,34.1354166666667,0.0222362325711843,0.0206459988632971,0.188806622501547,0.189093494296039
3042000,35.2083333333333,0.0238689713958215,0.0220281259959944,0.376885700014015,0.377867840215324
3134700,36.28125,0.0258034681147235,0.0238438566098668,0.320132548851621,0.32209584206769
3226500,37.34375,0.0279019446579728,0.025966153976827,0.434091766205819,0.436160897599148
3319200,38.4166666666667,0.0300541492122262,0.0282828899441752,0.559411906294023,0.561146336366208
3411000,39.4791666666667,0.0320593275662737,0.0305799578943796,0.773670819473608,0.774605336991758
3506400,40.5833333333333,0.0338612836946434,0.0328059287976032,0.559283022160572,0.55912455906789
3598200,41.6458333333333,0.0352264543743555,0.0346775756981764,0.788318941270114,0.788394842986604
3690900,42.71875,0.0361963353446594,0.0362361010440538,0.697517403471035,0.696031985686366
3785400,43.8125,0.0367772231235461,0.0374716755020193,0.905012812768877,0.90331392782857
3878100,44.8854166666667,0.0370060611853643,0.0383670354158958,0.907415903138984,0.904813813704562
3969900,45.9479166666667,0.0369842630495501,0.038995746855561,0.911864891458911,0.908713955625325
4062600,47.0208333333333,0.0368074072005379,0.0394279882411271,0.468536032069389,0.465456737036714
4154400,48.0833333333333,0.036570692493003,0.0397060794073405,0.788854187206641,0.785754594752414
4247100,49.15625,0.0363479071949855,0.039871439068734,0.491178244998459,0.489618384376117
4338900,50.21875,0.0361996798931826,0.039938300166076,0.550601040059896,0.550403389575137
4431600,51.2916666666667,0.0361553667572527,0.0399076782647915,0.555370431604774,0.557979381632419
4523400,52.3541666666667,0.0362261633139934,0.0397681017812014,0.777441438683563,0.781425872981846
4622400,53.5,0.0364268572448102,0.0394795762780604,0.466035819790146,0.468757745276581
4709700,54.5104166666667,0.0367045471395922,0.0391009181959022,0.717499314806859,0.721385668095556
4796100,55.5104166666667,0.0370762275674098,0.0386271220361779,0.882816226907545,0.885007504407
4887900,56.5729166666667,0.0375993210301834,0.0380644056529613,0.976357037435368,0.9777767449662
4974300,57.5729166666667,0.0382550817058631,0.0375629557884097,1.04713831674029,1.04632464996566
5061600,58.5833333333333,0.0391400257501015,0.0372072950587978,1.3455679564176,1.34365752414116
5153400,59.6458333333333,0.0403871701476784,0.0371654587202338,0.961394889937712,0.956872367533052
5245200,60.7083333333333,0.0420256845759475,0.0376480835316887,0.984037595339587,0.980130294789648
5331600,61.7083333333333,0.0439509285773154,0.0387132032694571,1.14764340695742,1.14210148784916
5430600,62.8541666666667,0.0465733329631073,0.0407198080649332,1.10410077737312,1.09824482300125
5536800,64.0833333333333,0.0497189035705352,0.0436995889011181,0.782792899915629,0.777710577216368
5636700,65.2395833333333,0.0527295536136637,0.0470151756500787,0.966667959598556,0.965030796455229
5734800,66.375,0.0554265186554683,0.0504048729298704,0.41968514304923,0.424488010825938
5833800,67.5208333333333,0.057584987167809,0.05360445693099,0.691596181525256,0.694984317812954
5926500,68.59375,0.0588780422529091,0.0561349627556641,0.680961407458983,0.687737220573952
6022800,69.7083333333333,0.059356079238167,0.0581149468675842,1.03241671349338,1.03895788807719
6120900,70.84375,0.0589391963756307,0.0593938493416082,0.922196147701601,0.927445073331823
6214500,71.9270833333333,0.0578071549283592,0.0599696546901886,1.45575512378473,1.45849551312773
6300900,72.9270833333333,0.0562985703786142,0.0600486648511193,0.909808921135859,0.908582892394791
6398100,74.0520833333333,0.0543246490482935,0.0597795621140751,1.36182782934782,1.36113054468889
6496200,75.1875,0.0523417283315089,0.0593057149656261,1.55781981280377,1.55417046538072
6588000,76.25,0.0507711027457787,0.0588238588682526,1.63871533860226,1.63162391959591
6681600,77.3333333333333,0.0496812348019323,0.0583928628105359,1.21556051143025,1.20750646288375
6778800,78.4583333333333,0.0492545617002987,0.0580565406946191,1.49423269131017,1.48543010126781
6880500,79.6354166666667,0.049634638356324,0.0578164305811344,0.807181371052323,0.798304529359825
6970500,80.6770833333333,0.0506261429775731,0.0576533994067817,1.01737055803925,1.01001617052695
7066800,81.7916666666667,0.0522481363407309,0.0574706345172533,0.98212093249883,0.979274995954038
7153200,82.7916666666667,0.0540772714061097,0.0572636950321315,1.09544959476251,1.10229968725959
7245000,83.8541666666667,0.0562976700777091,0.0570021071180748,0.59884874829333,0.607051777419001
7343100,84.9895833333333,0.0589000854577954,0.0567469662984105,1.15511103885534,1.16557805568569
7433100,86.03125,0.0614597440139871,0.0566704122268857,0.815351832404353,0.823655641180717
7521300,87.0520833333333,0.0641251239322525,0.0569168513884318,1.23532577491186,1.24392736575946
7607700,88.0520833333333,0.066892536900541,0.0576409106966477,1.41465775529978,1.42125944790758
7700400,89.125,0.0700244074166189,0.0591038274829363,1.98886489013836,1.98803739512805
7792200,90.1875,0.0732366836285248,0.0613125504477306,1.43196259743403,1.42862495782158
7884900,91.2604166666667,0.0764683882048288,0.0642318071510686,1.93121241008751,1.92451235427581
7977600,92.3333333333333,0.07949094372031,0.0676253356117733,1.36313981821865,1.35301513336173
8069400,93.3958333333333,0.0820264769765205,0.0711416514506432,1.67483433508245,1.66298474233512
8161200,94.4583333333333,0.0838336003113483,0.0744673689660383,1.75292783066609,1.74000199100065
8253900,95.53125,0.0846636758599335,0.0773044233164011,1.72504593943843,1.71436474465732
8346600,96.6041666666667,0.0843065946068863,0.0793613124828755,0.782313555088446,0.77495877113924
8438400,97.6666666666667,0.082708843820479,0.0804864182277648,1.23248128364751,1.23058682394403
8531100,98.7395833333333,0.0798997789466678,0.0806845742846642,0.670943249195365,0.677335428416889
8622900,99.8020833333333,0.0761319008227111,0.0800551339512736,0.897437756748347,0.9098183142799
8714700,100.864583333333,0.0717083731882705,0.0788046192810101,1.0847727401252,1.0990888542086
8807400,101.9375,0.0670178093259335,0.0771770674722494,1.9215190764169,1.93525599473523
8900100,103.010416666667,0.0626368173492626,0.0754716796468276,1.20320815413024,1.20975204489282
8991900,104.072916666667,0.0591770952740491,0.0739707660875221,1.76054065462354,1.76668541790282
9083700,105.135416666667,0.0571264200764428,0.0728625872971125,1.69261231205781,1.69375918288077
9176400,106.208333333333,0.0568659050402829,0.0722691805699644,1.95825740188577,1.95497164399325
9270000,107.291666666667,0.058550059373028,0.0722439313948552,1.94102614647188,1.93456638464691
9361800,108.354166666667,0.0619049727717046,0.0727380129301661,2.6671730622184,2.65249905182308
9454500,109.427083333333,0.0666155487435776,0.0736673758409079,1.51946731163509,1.50233090535062
9547200,110.5,0.0722159598441054,0.0749252117189989,1.72158120712977,1.70371722690107
9641700,111.59375,0.0784279190060031,0.0764598278482067,1.41082572669218,1.39393021139968
9733500,112.65625,0.0846243848376058,0.0781563181334147,1.52302536540722,1.51223233834777
9826200,113.729166666667,0.0907921113720145,0.0800876901113154,1.14747224838794,1.13848702899408
9918000,114.791666666667,0.0966218080551653,0.0822645448941884,1.73884862624829,1.74955878772672
10010700,115.864583333333,0.102077262178104,0.0847836502474136,1.07430175661796,1.09387399872063
10102500,116.927083333333,0.106925201438806,0.0876133891640645,1.20558873879254,1.22551133278699
10195200,118,0.111132451442899,0.0907530266113445,1.23084837305166,1.24976893706348
10287000,119.0625,0.114471066150297,0.0939937737472697,2.02395234220722,2.03724878547998
10379700,120.135416666667,0.116827644738812,0.0971634267316166,1.76460416737742,1.77502157597749
10471500,121.197916666667,0.117952201426745,0.0999122927514282,2.76464114183618,2.76630564585564
10564200,122.270833333333,0.117654204174685,0.101992310210048,1.98178328895489,1.97082242601874
10656000,123.333333333333,0.115758254500545,0.103102343804595,2.18816162733304,2.1761946710253
10748700,124.40625,0.112112670203353,0.103080158845995,2.19126972905171,2.17658201974792
10840500,125.46875,0.106781284066766,0.101856098393029,2.45838246296252,2.43637298425946
10933200,126.541666666667,0.0997880725720568,0.0994656435826336,1.7810897670888,1.75784449445085
11025000,127.604166666667,0.0915504662846196,0.0961468807928192,2.45000591739025,2.42951193335271
11117700,128.677083333333,0.0823690499660494,0.0921524090701606,1.18044290586283,1.17217713563154
11213100,129.78125,0.0727314396992532,0.087809243711198,1.04936632146,1.04847048760756
11304900,130.84375,0.0642457048510972,0.0838952210007089,1.11574732578803,1.11995353730023
11397600,131.916666666667,0.0577592562166571,0.0807039598469218,1.84882275473926,1.87054750452289
11489400,132.979166666667,0.054827268229936,0.0787272915294654,1.1690483682701,1.19444309275121
11582100,134.052083333333,0.0563572458901313,0.0782319102819261,2.34495370630504,2.36860670169161
11673900,135.114583333333,0.0621358323439025,0.0793475770222378,2.05295408945741,2.06544785796258
11766600,136.1875,0.0711893625944357,0.0820295061268304,1.98007364318106,1.98842548012031
11861100,137.28125,0.0824884992813756,0.0861575456649812,2.05037168414843,2.05686061635379
11952900,138.34375,0.0945171578685737,0.0912379908226333,3.26476596686659,3.25704440187751
12045600,139.416666666667,0.107033933527956,0.0971469323630428,2.32343526010897,2.30781839410184
12137400,140.479166666667,0.119284599506604,0.103495389579527,2.9396812617428,2.91671825804036
12230100,141.552083333333,0.131066749711384,0.110141419497064,2.18472924644871,2.1560091346864
12321900,142.614583333333,0.141749181826375,0.116695730944099,2.03734332361932,2.00813102551582
12414600,143.6875,0.151163644962299,0.123020385462566,1.8176602181355,1.78795813972083
12506400,144.75,0.158798832430379,0.128728259520778,2.3950284988781,2.37910651684634
12599100,145.822916666667,0.164534204353912,0.133669481078201,1.30844154812523,1.31246369692944
12693600,146.916666666667,0.168127193803353,0.137596576761216,1.7808158276442,1.79587118903239
12785400,147.979166666667,0.169291426555686,0.140105471012182,1.38436446217659,1.415405355209
12878100,149.052083333333,0.168038932504913,0.141128602409615,1.74659125644114,1.77743949217138
12970800,150.125,0.164280425142267,0.140469339233508,1.45915586453334,1.49077490501238
13062600,151.1875,0.158067864047334,0.138057454307905,3.00927074308939,3.03369980677645
13154400,152.25,0.149413902694658,0.133871693524916,2.47437415315748,2.47979320563846
13247100,153.322916666667,0.13831460824798,0.127921077008772,3.04153070363565,3.04224609323039
13339800,154.395833333333,0.125060879145064,0.120430191871257,2.65544968454798,2.64466952223537
13431600,155.458333333333,0.110147619199054,0.111809966665595,2.7539026730585,2.73184682873937
13523400,156.520833333333,0.0939455583661527,0.10244819027304,2.38045541179254,2.3574659695264
13616100,157.59375,0.0770360366797239,0.0928691366046946,3.66594613078263,3.63220152774421
13707900,158.65625,0.0610369250028497,0.0840710196005258,2.21082366097471,2.1758496467459
13800600,159.729166666667,0.0482044083366334,0.0769069115221848,2.16879375849038,2.13853437118646
13892400,160.791666666667,0.0432775055742804,0.0726340494866484,1.64335760955739,1.62307622573695
13985100,161.864583333333,0.0493433292329904,0.0721002507726781,1.71495796119543,1.71651493183468
14076900,162.927083333333,0.0634568007825638,0.0756226238085002,0.849675016713901,0.859042106861067
14169600,164,0.0817016701748087,0.0828427214103346,2.55555526854027,2.58638672456949
14261400,165.0625,0.101462206936807,0.0927955930880093,2.24723998604142,2.28480487552947
14353200,166.125,0.121825553947561,0.104695372748511,2.28972314071965,2.32247267561254
14445900,167.197916666667,0.142362863078671,0.117972199736274,2.1834748108626,2.20653512172024
14537700,168.260416666667,0.162178309668304,0.13178018689229,3.16506926961593,3.17867991750356
14630400,169.333333333333,0.181144978923609,0.145837105330526,2.29863184181425,2.30387521099122
14723100,170.40625,0.198482647871621,0.159437592225841,3.89004835330295,3.8834916840485
14814900,171.46875,0.213418973886947,0.171858822946237,3.40836641051923,3.37871984159156
14907600,172.541666666667,0.225614469033925,0.182731822621959,3.10445340123928,3.06822236479507
14999400,173.604166666667,0.234295662310643,0.191293450361111,2.35308410722057,2.31376968742385
15093900,174.697916666667,0.239309046978949,0.197356439949883,2.95322902009181,2.91036800572608
15186600,175.770833333333,0.240174416005858,0.200302069047647,1.84487891432402,1.80382823630335
15278400,176.833333333333,0.237077185838312,0.200164902128997,2.85902213178671,2.82936069015427
15370200,177.895833333333,0.230181958781303,0.196999488487729,1.98325568756033,1.99539898433483
15462900,178.96875,0.219594519478757,0.190845015059048,1.93423958953046,1.96909272220373
15554700,180.03125,0.205806852256502,0.18201369526218,1.187230238524,1.22908143798041
15647400,181.104166666667,0.188882195265554,0.170589123734704,2.49091561399756,2.53738788947145
15740100,182.177083333333,0.169326244019563,0.156967070067576,2.046951351729,2.08401307146977
15831900,183.239583333333,0.147810063440005,0.141693837269854,3.40776863887412,3.44493342005209
15923700,184.302083333333,0.124700495028634,0.125114204391113,3.44377727493864,3.45624240123128
16016400,185.375,0.100520380150284,0.107665237442026,3.45658028343513,3.4489919266876
16108200,186.4375,0.077040879770342,0.0905608983715222,2.63785246787559,2.62464439882246
16200900,187.510416666667,0.0567001325003225,0.074883570668887,4.07815255444257,4.05371421555244
16292700,188.572916666667,0.0466140441856558,0.0632981721583796,2.86425077465575,2.82297561946098
16385400,189.645833333333,0.0538237216704254,0.058934522410337,3.7320126109055,3.6842578661357
16477200,190.708333333333,0.0736167126345909,0.0639450050503749,3.12466811752945,3.07469513734738
16573500,191.822916666667,0.0999632795803778,0.0775190963616998,2.48631767233464,2.44921041331688
16665300,192.885416666667,0.127056516226811,0.0953185998890162,1.13931483816331,1.10206793643439
16758000,193.958333333333,0.155047908151846,0.11593394901193,2.63021626300488,2.62338406173088
16849800,195.020833333333,0.182717608520158,0.137758201725171,1.72500509564592,1.76046974902742
16942500,196.09375,0.210072298931161,0.160435993955517,2.36196163099055,2.40834062143711
17034300,197.15625,0.236011576864343,0.182873595977274,2.69989239608389,2.75329749670895
17127000,198.229166666667,0.260339224675423,0.204802431410739,3.32111719521666,3.36423485259264
17218800,199.291666666667,0.281743495276673,0.224986069485461,1.99110904008902,2.01977833825918
17311500,200.364583333333,0.299703094579009,0.242905539970642,3.80575168331589,3.83420936297992
17404200,201.4375,0.313082055892221,0.257437436452108,3.70743156467487,3.70374525722868
17496900,202.510416666667,0.321161466456024,0.267806885201573,4.16621966897108,4.1520140687975
17588700,203.572916666667,0.323550060347354,0.273476153647418,3.69551008565917,3.65922300052242
17681400,204.645833333333,0.320264661947408,0.274377264930961,3.9382051517763,3.88472410073948
17773200,205.708333333333,0.311651553647477,0.270610244733387,2.29328819455964,2.23732312890188
17865900,206.78125,0.298044581325608,0.262439148155719,3.76737000523211,3.70775789702733
17957700,207.84375,0.280316645423325,0.250480848668885,2.6824219012435,2.63507350486744
18049500,208.90625,0.25900227575465,0.235180836736403,2.74290812686533,2.71527007696243
18142200,209.979166666667,0.234505325410875,0.216859242076709,1.9630142984372,1.96864884277646
18234900,211.052083333333,0.207715126087795,0.196166713912927,2.52564622071334,2.57099353055602
18326700,212.114583333333,0.179690783114039,0.173845548941376,1.45793526862442,1.52016920858612
18418500,213.177083333333,0.151153460534024,0.150246372265947,2.83967129903351,2.90078020083462
18511200,214.25,0.123323797441364,0.125797264196384,3.27160084494276,3.3265046636559
18603000,215.3125,0.0994062660464252,0.101982022797321,3.83944753484372,3.87771374304769
18695700,216.385416666667,0.0838485637832958,0.0802286741148912,3.53288117097547,3.54967968743999
18789300,217.46875,0.0831253616632435,0.0646197075996234,4.49103753824891,4.48973673983397
18882000,218.541666666667,0.0980506564612272,0.0617627212386952,2.90461967688392,2.87569278946622
18973800,219.604166666667,0.122787145383301,0.0735922479828872,4.4501246081919,4.42232245098179
19066500,220.677083333333,0.152823651795506,0.0953998249849076,4.36199715896794,4.30552696827756
19159200,221.75,0.185187892400239,0.122181867284293,4.00871159895668,3.94119003962001
19251000,222.8125,0.218087963785923,0.151106641984009,2.59614639934224,2.52872929899623
19343700,223.885416666667,0.251237205523491,0.181449385505049,3.3966271439342,3.34116570331901
19435500,224.947916666667,0.283214204872878,0.211751698224047,1.45755522088639,1.4350197171897
19529100,226.03125,0.314093601141014,0.242058736164291,2.46028856133619,2.43899728708481
19620900,227.09375,0.34171315626824,0.270263862949771,2.71444285548218,2.75900646838175
19716300,228.197916666667,0.366426613093785,0.29682223399403,3.32521502240713,3.39520139683349
19808100,229.260416666667,0.385171644595605,0.31853551376962,2.27179890959618,2.33879267050543
19900800,230.333333333333,0.398009742341093,0.335511729161762,3.69711400855402,3.76089341343057
19993500,231.40625,0.403974141383588,0.346652730741977,3.19715194375247,3.22846572040515
20085300,232.46875,0.402824110958191,0.351490996108291,4.02245546845997,4.06174260064985
20180700,233.572916666667,0.394411346062965,0.349998938220095,4.59482128834158,4.59656837292088
20274300,234.65625,0.379653732102663,0.342500523377031,5.21044719683159,5.17493119068537
20367000,235.729166666667,0.359572733435696,0.329856610447857,3.44402133137378,3.39198901097358
20458800,236.791666666667,0.33527521538136,0.312973364121209,4.55202635364619,4.4894904167159
20550600,237.854166666667,0.307522438376829,0.292489331373789,3.02776458360932,2.95052371537851
20643300,238.927083333333,0.276908699972576,0.268836810618987,3.81076926685758,3.73228406082929
20735100,239.989583333333,0.244944058610124,0.243078968084991,3.4182312834594,3.35102237258362
20827800,241.0625,0.212049784418125,0.215271745042608,3.39731436580332,3.38185508596273
20919600,242.125,0.180240580092966,0.186524914410999,1.53612536595009,1.58485750927955
21012300,243.197916666667,0.151053373133544,0.157003131503008,2.69769088773931,2.73964001316863
21105900,244.28125,0.128229838385318,0.127889811648631,2.30286102159684,2.38434837464009
21197700,245.34375,0.117431584478659,0.102291298347986,3.04973177891889,3.13212652784172
21289500,246.40625,0.122026352248666,0.0842335407348897,3.80158460319771,3.87478020402419
21382200,247.479166666667,0.141065645224845,0.0807799359688596,5.17414172044626,5.22078988044403
21474000,248.541666666667,0.169424979418211,0.0948081146343273,3.52397581445377,3.52311611795022
21566700,249.614583333333,0.203349233007966,0.121248270415874,4.65796343172964,4.66599586616388
21658500,250.677083333333,0.239463063581213,0.153747532585453,4.46078535406858,4.42936064083229
21751200,251.75,0.276750841347433,0.189599251458999,4.79034796779613,4.74279101985515
21846600,252.854166666667,0.31467765857488,0.227722085906114,4.46149570802763,4.38921975821376
21938400,253.916666666667,0.349656733868836,0.264270741672152,5.1734768552378,5.08564938818366
22031100,254.989583333333,0.382370029522253,0.299866927367273,2.34568668087126,2.26587772348128
22129200,256.125,0.41281498749772,0.334750850496962,3.2322948845508,3.15313540896121
22221900,257.197916666667,0.436313955352092,0.363725239971454,2.52161466868736,2.4914414658978
22313700,258.260416666667,0.453317149877998,0.387316191720518,2.97220064295628,2.98789148231163
22406400,259.333333333333,0.463179844784305,0.404894416197968,2.43598526047843,2.49625682766946
22498200,260.395833333333,0.465158984132893,0.415395243095022,4.20020886905193,4.29100570712672
22590900,261.46875,0.459266104742149,0.418772853660236,3.06518033631532,3.13731122337662
22682700,262.53125,0.446095975454341,0.4151943126199,3.51595582781295,3.6008727198242
22775400,263.604166666667,0.426259868716132,0.405206136937334,4.11838766464185,4.17419119382896
22867200,264.666666666667,0.401199297137486,0.389821136192501,5.26446504892939,5.28962586789664
22959000,265.729166666667,0.371839346615614,0.369832664488329,4.67200732113663,4.66894054745692
23051700,266.802083333333,0.33888210410507,0.345786970480511,6.04692301876641,6.00749666504405
23139000,267.8125,0.305690587320907,0.320215997606683,4.01672145849433,3.93565035131626
23227200,268.833333333333,0.270881464908311,0.291991888320777,4.39470443147667,4.32230215099146
23321700,269.927083333333,0.233235385897188,0.259547739723517,4.34232196744307,4.2482285332663
23423400,271.104166666667,0.194125079628361,0.222632160661536,4.40178675645635,4.30785241742196
23515200,272.166666666667,0.162755390846865,0.188180597448344,2.80254591417884,2.7291931596618
23601600,273.166666666667,0.14050151502469,0.155744553450623,3.92180129170584,3.88810719477747
23699700,274.302083333333,0.130067321410886,0.121331438711305,2.10035976197013,2.17525644693144
23796000,275.416666666667,0.139412635562297,0.0959287337121647,2.25612259080539,2.32315640139997
23882400,276.416666666667,0.162054124356379,0.0891839088833739,3.02203358289898,3.11768240900951
23978700,277.53125,0.19718450726925,0.10535210331889,4.70426254518928,4.80566032362471
24065100,278.53125,0.233326669791608,0.134928139192132,3.80210724210048,3.87500032734139
24161400,279.645833333333,0.275602038543984,0.175866422718655,5.51024966713991,5.57126201804794
24247800,280.645833333333,0.313527378566914,0.215508271140864,4.77217074952176,4.77526043751312
24335100,281.65625,0.350561919610587,0.256135900964803,4.39283040863894,4.39954899129106
24430500,282.760416666667,0.388316150089126,0.299513806432089,5.08291324113348,5.05734961112359
24516900,283.760416666667,0.419015266038296,0.336647575791078,6.50064397897709,6.4369666993658
24615000,284.895833333333,0.44861903724782,0.37497290071342,4.31971129272529,4.2190057382689
24709500,285.989583333333,0.470670731788487,0.406740304378467,4.99086185498379,4.88341582557493
24804000,287.083333333333,0.485328507081835,0.432269112764709,3.38911281367391,3.29398760501767
24895800,288.145833333333,0.491786390488091,0.45021865283482,3.05470459015855,2.96016851169549
24989400,289.229166666667,0.490184923502063,0.461044344274454,2.8120648797361,2.74849123994659
25085700,290.34375,0.480118472144783,0.464214815024028,4.28927635056343,4.32221872941434
25182000,291.458333333333,0.462215307275184,0.459677642181686,2.86191834119737,2.97022769766088
25270200,292.479166666667,0.439835767385708,0.449374336889154,3.62984864287652,3.73965643165239
25356600,293.479166666667,0.413281180135941,0.434261460178749,3.91030765302637,4.01172589073594
25464600,294.729166666667,0.374958298726397,0.409375928459682,4.15878441384363,4.24814135417257
25569900,295.947916666667,0.333460062964969,0.379671267203534,4.88159680695866,4.95722785304228
25661700,297.010416666667,0.294939287336111,0.350000499802755,6.95445228520983,6.96859851298314
25767000,298.229166666667,0.249162830891792,0.312108845765013,4.60857865436372,4.57744746264487
25856100,299.260416666667,0.210186594211461,0.277086546906002,5.77466413704668,5.71171073861274
25969500,300.572916666667,0.16295928129198,0.228954644181648,4.85146217400716,4.75895880520285
26062200,301.645833333333,0.130896614087868,0.187172613474191,4.49387941227708,4.38041603085396
26155800,302.729166666667,0.112858514026448,0.143942300734411,5.40227199010118,5.28158513956617
26253000,303.854166666667,0.118567860806024,0.10142010780014,4.51470606340453,4.44619032506373
26351100,304.989583333333,0.147362216253778,0.0729075962924071,2.69023280509764,2.63763733951313
26459100,306.239583333333,0.193262389908075,0.0850910103145109,2.74667905602937,2.79373312100526
26555400,307.354166666667,0.238835027905428,0.126118820016038,3.07030686573891,3.16090670392307
26652600,308.479166666667,0.285180254838915,0.176499304820504,2.78326900485061,2.90699666728585
26742600,309.520833333333,0.326309364775928,0.224684673059758,5.46016591328743,5.58642541205368
26849700,310.760416666667,0.371096500959822,0.280429174530688,5.12283067374625,5.19411546766973
26948700,311.90625,0.407028684360832,0.328390916034542,4.98368926585593,5.04475100979588
27036900,312.927083333333,0.433658741433152,0.367034389450022,5.03101133472948,5.0561108966525
27123300,313.927083333333,0.454151530258166,0.400330784683769,6.2189425850829,6.20796381725321
27210600,314.9375,0.468714819494259,0.428731582778681,5.10788846166321,5.06439109404761
27297000,315.9375,0.476693495377138,0.451135335430442,7.11160768770354,7.03515186298273
27390600,317.020833333333,0.477938670128266,0.468597858460903,5.56120385308042,5.43208129137246
27480600,318.0625,0.471981083164084,0.478539314750409,4.28313523247486,4.15186526841107
27567000,319.0625,0.460014244591441,0.481833218015264,3.63957532506025,3.50862227199762
27653400,320.0625,0.44247388239298,0.479267301118115,4.38859607705117,4.27589237852801
27754200,321.229166666667,0.415872328841964,0.46940666471664,2.80733597499782,2.78014536187504
27846000,322.291666666667,0.386829443153382,0.454595479012872,4.09168054688047,4.0960206402621
27932400,323.291666666667,0.356088774076648,0.436094640441693,4.60187646927967,4.72581091099013
28025100,324.364583333333,0.320173851784104,0.411786374197565,3.41519721669857,3.55264444095282
28116900,325.427083333333,0.282280907483199,0.383513688211587,3.42211541593547,3.55396549560878
28222200,326.645833333333,0.23679588367,0.346214193256669,5.51066564645752,5.63191792397467
28316700,327.739583333333,0.195084668615183,0.308429944456159,5.18832924716241,5.24896565346885
28405800,328.770833333333,0.156415117047691,0.269109993677411,6.68209224131761,6.73741095355695
28493100,329.78125,0.121981986807409,0.227156611634398,6.82274022685294,6.78903143488594
28589400,330.895833333333,0.0957973189364634,0.177141249914622,5.54339878291219,5.47631567504821
28697400,332.145833333333,0.0975734848291929,0.117189637756883,4.993166274602,4.90821152692054
28790100,333.21875,0.125797558301833,0.0649217459276726,6.78884937346849,6.66136084436963
28890900,334.385416666667,0.169936144778088,0.0318567643967091,4.28044808116319,4.13546659922853
28984500,335.46875,0.214819091109579,0.0732961439185524,5.3867577578929,5.2535882208696
29071800,336.479166666667,0.256332451411747,0.125749785268673,3.83725619900705,3.78494094668047
29163600,337.541666666667,0.297391030631419,0.181169511774929,2.90741971577779,2.92100627049875
29258100,338.635416666667,0.33524911733926,0.23567647986013,2.016242504541,2.0536945334608
29360700,339.822916666667,0.369939885074446,0.29014703700158,5.02991074992692,5.15639160826481
29454300,340.90625,0.394982347849908,0.334495747121418,4.03547822460397,4.1841913695179
29552400,342.041666666667,0.414033322320562,0.374797912888105,5.80743025899582,5.94646084653403
29646000,343.125,0.425218356076909,0.406967916109956,5.58544116024605,5.67152133738273
29733300,344.135416666667,0.429568941242878,0.431264475526907,5.72139262947506,5.76437645588947
29829600,345.25,0.427812741311787,0.451602983284509,5.1774390829299,5.2276096097447
29916000,346.25,0.420737112472938,0.464102782694363,7.90537802910676,7.8850414167581
30018600,347.4375,0.406192925279593,0.472015439592718,5.92318206798639,5.83290647738596
30110400,348.5,0.388201233895235,0.472919071328748,6.70124530984446,6.57491907755711
30204900,349.59375,0.365532064019572,0.468030211140737,5.28838768121264,5.13574509032507
30303900,350.739583333333,0.338127652237748,0.456913449237936,4.09800805299095,3.94618171220375
30400200,351.854166666667,0.308738141276104,0.440549338197742,4.16704380241212,4.01044969900068
30486600,352.854166666667,0.280777195980462,0.421451202657266,5.46594265914907,5.3959094547921
30573000,353.854166666667,0.251989183172817,0.398349444023637,3.38676269994724,3.43003423470996
30659400,354.854166666667,0.223176519329908,0.371365550897827,4.00747004639567,4.113296717537
30749400,355.895833333333,0.194369757814466,0.339224953898648,3.83067395537276,3.98591046940406
30852900,357.09375,0.165436185078488,0.297302227837039,4.77134264198186,4.92773803026153
30950100,358.21875,0.146662030797562,0.253316462432022,3.78312119909367,3.94088957690676
31036500,359.21875,0.141118365192984,0.210849349510492,7.41449560662453,7.53814702911502
31142700,360.447916666667,0.151728923587196,0.155531218720207,6.52048141022075,6.56261414173453
31230000,361.458333333333,0.172801544483343,0.110075575206684,6.73028901938503,6.72265203961628
31327200,362.583333333333,0.204267720128012,0.0695446372045608,6.36776759204832,6.32364233191233
31423500,363.697916666667,0.23885978042601,0.0699680892428246,6.16110909459469,6.04203156346357
31509900,364.697916666667,0.269585576409491,0.106233126018248,5.63420637396971,5.53011380342778
31606200,365.8125,0.300870769837475,0.157798948324003,7.31233175911367,7.14540578473027
31703400,366.9375,0.327335878159706,0.210278951062077,5.0087694726842,4.84886033448783
31799700,368.052083333333,0.347295230221315,0.258818321178813,3.86807757202137,3.76421892168841
31896900,369.177083333333,0.360650694864009,0.302663680691152,3.72122221593414,3.64928303223881
31993200,370.291666666667,0.367275313814415,0.340337210712578,3.35926252643249,3.46430752546395
32079600,371.291666666667,0.36805008707992,0.369139107414423,3.05549217247972,3.13752391612307
32176800,372.416666666667,0.36379317863992,0.396013676723914,5.97951272881794,6.15101629085124
32263200,373.416666666667,0.356167225915251,0.415171932022256,5.69346868225946,5.86024135213834
32349600,374.416666666667,0.34563192503675,0.430037182217256,5.77231343130805,5.895241270983
32436000,375.416666666667,0.332867563420239,0.440717508857583,5.37035738579014,5.49223952496372
32531400,376.520833333333,0.316977937346719,0.447713378408108,7.09770945786998,7.14034732571919
32621400,377.5625,0.301002261473317,0.44971129093739,5.82280590295342,5.85114515753973
32718600,378.6875,0.283482186528059,0.446837123169864,8.46599792726644,8.41383094310399
32813100,379.78125,0.266971447082575,0.439022910732667,7.36044583760084,7.23460078064349
32902200,380.8125,0.25260195176404,0.427139052343473,5.78666046726671,5.61542580829552
32996700,381.90625,0.239449877762153,0.409808910990433,5.30486722614268,5.13644350880229
33085800,382.9375,0.229845483118756,0.389127379782399,5.67055342725032,5.49532265923561
33172200,383.9375,0.22392508914537,0.365218688154056,3.7092927458983,3.54363428219868
33260400,384.958333333333,0.222073950701955,0.337159429936401,5.1863906425144,5.09946968659382
33360300,386.114583333333,0.225763851897942,0.301439847020621,4.6058553990946,4.67534230140174
33460200,387.270833333333,0.235749038282244,0.262483647630584,4.34092614314029,4.52168868571407
33556500,388.385416666667,0.250707009346791,0.223461002527867,3.3050731323628,3.48137498655139
33645600,389.416666666667,0.268041295171792,0.188487145296493,6.09028430406549,6.27498845322086
33742800,390.541666666667,0.288973700359497,0.156336657478497,5.34802063034697,5.51114770638357
33833700,391.59375,0.308484628192721,0.138885759551621,7.52097986017375,7.63893285948912
33921900,392.614583333333,0.325466241219784,0.139625711911998,7.80397890267478,7.85305382827946
34024500,393.802083333333,0.340627588219347,0.161242967406158,6.82926178482304,6.76765698813625
34122600,394.9375,0.348819387643041,0.193945435859847,6.61592622986624,6.58420224639503
34221600,396.083333333333,0.34995761220434,0.230690598390334,7.45833297776916,7.31649329564033
34308000,397.083333333333,0.34514224272106,0.262192935068191,6.4686911309238,6.30346235580967
34405200,398.208333333333,0.334013005675368,0.295084861521621,6.42788760472226,6.23052150349336
34499700,399.302083333333,0.318679355284519,0.323755406720298,5.87823904770672,5.70291173567531
34587900,400.322916666667,0.301803960804872,0.347454509821884,3.5183881111288,3.47385029398735
34685100,401.447916666667,0.282163600395166,0.370245129512884,3.4772776888164,3.36885425016341
34782300,402.572916666667,0.263447892287504,0.389638775522601,4.71149282540148,4.81559099541544
34873200,403.625,0.248578577844603,0.404668166868486,4.55029170654749,4.71907065264536
34976700,404.822916666667,0.236605477594007,0.417903673862721,5.49064722818564,5.69388487547161
35067600,405.875,0.231510555247701,0.425815582201473,6.99029676534637,7.17614654496035
35161200,406.958333333333,0.231875026576377,0.429982779971363,5.90237251248081,5.99700130483709
35271900,408.239583333333,0.239027375065693,0.429262011605321,7.1661585714833,7.28932047557586
35372700,409.40625,0.25062502144894,0.422989236304515,7.86985659513627,7.88276676971801
35478000,410.625,0.266439393093047,0.410640287876485,8.17158334917291,8.09916939683957
35568900,411.677083333333,0.282165176555337,0.395374269198847,7.34106989058882,7.22046203755575
35675100,412.90625,0.302125992834886,0.372613520354191,7.10251532780043,6.90132223781049
35771400,414.020833333333,0.321142200526557,0.348107076844837,4.53827047125309,4.34404083911748
35869500,415.15625,0.340891764682695,0.320400781264815,6.37057549537637,6.16348951721164
35965800,416.270833333333,0.360037377503974,0.291861048078484,5.31978820083604,5.17939611761786
36063900,417.40625,0.378395744321843,0.263247186708182,4.33434072457781,4.36018654083944
36150300,418.40625,0.392604481263351,0.240290054844621,4.14587753740251,4.22355682222235
36237600,419.416666666667,0.403922953423616,0.221245221377726,5.47530692366928,5.68046171431241
36325800,420.4375,0.410946452245893,0.208241080676852,3.18287205214648,3.40025151060225
36423000,421.5625,0.411989653721628,0.202876923777178,6.27062240775226,6.48781398626182
36518400,422.666666666667,0.404896434143246,0.206936166201917,7.54864810663337,7.72835037523196
36605700,423.677083333333,0.390827448907266,0.217442657132518,8.04734292856027,8.13998290255809
36692100,424.677083333333,0.369979018615899,0.232397648095395,6.9760638797798,7.04385312064325
36778500,425.677083333333,0.343104421840943,0.25022810420079,8.6963531769775,8.67098436016164
36865800,426.6875,0.311285934159172,0.269922300856948,6.08081535373933,6.00262235807342
36958500,427.760416666667,0.274578449052681,0.291775283647953,8.06130784138881,7.95684770395207
37052100,428.84375,0.237476977749516,0.314185680490026,8.1597438054205,7.97517664210953
37138500,429.84375,0.206630253084748,0.334721754998033,7.50871733662732,7.28353271599871
37232100,430.927083333333,0.181661751794182,0.35628842537829,4.49011812242528,4.27007354620135
37333800,432.104166666667,0.17055779276892,0.378195412824117,5.52667086077675,5.38451386530522
37434600,433.270833333333,0.178949137919025,0.397467171828921,2.78976538458701,2.75127369017345
37532700,434.40625,0.202290114048305,0.413014265626643,4.51608215851263,4.57296097749651
37631700,435.552083333333,0.234837359945197,0.424687056547173,5.97620904085869,6.15818436495079
37735200,436.75,0.273067486169645,0.431861236092043,6.59193650809654,6.81461686966205
37833300,437.885416666667,0.31004425805077,0.433473346719084,5.6767564850411,5.89704765917306
37919700,438.885416666667,0.341739764934266,0.430588324754124,7.56573516997332,7.72168967492266
38015100,439.989583333333,0.374878746769773,0.422846063810462,6.63150572133566,6.75480771398005
38113200,441.125,0.406314286623862,0.410314955955092,8.27404931174777,8.33017013992825
38220300,442.364583333333,0.437055167112356,0.392184028155953,10.0535149049453,9.99510300306828
38313000,443.4375,0.460239031002488,0.373654164537417,7.09329015532548,6.92110216972543
38414700,444.614583333333,0.481440932106867,0.351415484233083,7.50583334493019,7.3307571424867
38505600,445.666666666667,0.495937074272832,0.330795464059349,6.29449955397215,6.06015053110206
38597400,446.729166666667,0.505376010983254,0.310093198253475,6.00453027035978,5.76409706295794
38703600,447.958333333333,0.50827005875978,0.287211941594829,5.65381520511733,5.45001333482511
38800800,449.083333333333,0.501782251699594,0.268069726059832,6.56379956517835,6.5448939879663
38907900,450.322916666667,0.482867827132382,0.250013538044891,3.03265632647273,3.21134758060123
39006900,451.46875,0.453552638298589,0.237470453974963,4.99987307213678,5.2018725019236
39105000,452.604166666667,0.413471446416226,0.230617778800646,5.21636243387313,5.46223486099076
39199500,453.697916666667,0.365689425056354,0.230765469850294,6.59345949886518,6.82854477662093
39288600,454.729166666667,0.314274663674622,0.237737784265839,7.77844578073563,7.99163868349252
39395700,455.96875,0.247829997977309,0.254603906060045,9.50863393876125,9.57464259388081
39493800,457.104166666667,0.187457164980621,0.276698732009047,6.7129710762289,6.75436346365033
39600900,458.34375,0.132812911825063,0.305595763284655,8.32120608232255,8.27487140311202
39688200,459.354166666667,0.113207207173601,0.330967611619432,8.5801985871204,8.46735305873224
39777300,460.385416666667,0.1289743637178,0.357024493693417,7.72733334879667,7.53428846849311
39863700,461.385416666667,0.168229414801836,0.381286881092413,8.51514973941951,8.28629889161816
39968100,462.59375,0.227484700650005,0.407937311620083,6.26456209137467,6.04018878238408
40065300,463.71875,0.285179297320016,0.429033220763421,4.09148105460357,3.85873117078968
40154400,464.75,0.336998608165773,0.44450748592876,4.61104126930626,4.47529104322318
40255200,465.916666666667,0.392638445418933,0.457001107753121,5.35964656050536,5.39054564016617
40344300,466.947916666667,0.438260725060733,0.463353853287516,4.76125149774787,4.96109336694061
40430700,467.947916666667,0.478715262100233,0.465271950995293,6.42806676595287,6.65780489595276
40525200,469.041666666667,0.518161146436308,0.462751869419465,7.73501332662714,7.97784438609077
40624200,470.1875,0.553552808924057,0.455331488397754,5.72078138755358,5.94347179440958
40712400,471.208333333333,0.579502628144773,0.445059742149548,7.26361084821372,7.45483759309921
40805100,472.28125,0.60059777209296,0.431040806327625,9.44902836415885,9.57447859955759
40891500,473.28125,0.614034316877518,0.415382316717447,8.8251848156814,8.82647456087014
40977900,474.28125,0.620862086727246,0.397474215766591,9.30145906449523,9.27323197719882
41069700,475.34375,0.620101242533952,0.376110951782872,9.38320121398153,9.20377855065237
41163300,476.427083333333,0.609898432878885,0.351893605172128,6.41944152951328,6.21511891747688
41249700,477.427083333333,0.591234342301968,0.327454968268592,6.81362150709429,6.57602295669054
41352300,478.614583333333,0.556780374976346,0.296384278231052,7.93049190763085,7.66047773428496
41441400,479.645833333333,0.515850805974087,0.268819527368743,5.92703965873412,5.73895720149167
41529600,480.666666666667,0.465712564488027,0.243169497204506,5.01780870008251,4.8646031047859
41620500,481.71875,0.405212434080505,0.221856306520971,5.91141784455847,6.00930708339178
41715000,482.8125,0.33490793199738,0.209815946292511,3.90905682402039,4.13337614937794
41813100,483.947916666667,0.257197302452603,0.212207034556187,4.52797135493763,4.78380190137683
41912100,485.09375,0.179187282660045,0.230121753525711,7.71483297128217,7.99106525507559
42003900,486.15625,0.117929421735809,0.257224459046594,8.57430882849891,8.79241492225161
42095700,487.21875,0.0968890117176381,0.290226201248409,8.06680081452986,8.26305682542247
42192000,488.333333333333,0.138292997311146,0.32746359719594,9.35078279005874,9.41907521020324
42280200,489.354166666667,0.200457101960679,0.361559601827685,7.93534951781117,7.94388349888002
42388200,490.604166666667,0.282765091505932,0.401108502070403,8.08884203804486,8.04646475453251
42479100,491.65625,0.351431747814679,0.431282161758911,10.8287218769929,10.6855888111114
42570900,492.71875,0.418143250248966,0.458065970770184,8.2023325390552,7.9393785332203
42667200,493.833333333333,0.48410426860439,0.481600836503061,7.33439177302758,7.05733886300558
42758100,494.885416666667,0.54172045372282,0.499145438835295,6.17054948342229,5.90745318853157
42851700,495.96875,0.595483938998224,0.512204314627164,4.77279294699465,4.56340035801953
42951600,497.125,0.645645566422221,0.520358242657364,3.98056437605034,3.84822291485648
43046100,498.21875,0.685253491276725,0.522503458350741,7.1537854716109,7.22125889774556
43141500,499.322916666667,0.716545662199998,0.519183314866588,6.37243691365796,6.64943155855636
43227900,500.322916666667,0.736602845648444,0.511452903066385,6.00488435267924,6.29453656645247
43326900,501.46875,0.749106632590176,0.49710019904394,7.03323907630779,7.30458757183803
43422300,502.572916666667,0.749856987568389,0.477689497335857,7.76076562421992,7.98797598861126
43529400,503.8125,0.736731823760025,0.449281636590327,7.82493838507006,8.02183644305223
43623900,504.90625,0.712386150171196,0.418365778648517,11.7463040511697,11.818292982512
43714800,505.958333333333,0.677465466579184,0.383624688437271,9.12778802459357,9.04464095505579
43819200,507.166666666667,0.623637950971704,0.338448852702552,8.85222902738122,8.70949522110278
43908300,508.197916666667,0.566784498573117,0.296875676972076,8.19965959047718,7.99322447298578
43998300,509.239583333333,0.500423470133792,0.254582718155884,7.6819178791637,7.40408830061506
44085600,510.25,0.429299752086806,0.217183965704098,6.73021491684714,6.44061255725391
44187300,511.427083333333,0.341551797506988,0.186078187398987,8.60347429767673,8.3496494808362
44273700,512.427083333333,0.267359709561085,0.177929804802359,5.2763578957912,5.2106711677486
44370900,513.552083333333,0.193947669942559,0.192361271384488,4.40910151865813,4.47064390314664
44457300,514.552083333333,0.155314143075685,0.221453942220754,4.47365748866268,4.64024328119226
44543700,515.552083333333,0.163030787904393,0.259055613346676,6.26302900536365,6.53715458002335
44639100,516.65625,0.217141202814396,0.304616137428817,5.42067084470126,5.72731031495419
44736300,517.78125,0.292996334847078,0.3515147453188,9.90321444207784,10.2001318262123
44823600,518.791666666667,0.3662070468152,0.392161707599037,9.44833168660155,9.63977843101637
44911800,519.8125,0.440389557939777,0.430801847920972,8.43521505609099,8.56659921241106
45000900,520.84375,0.513415883793153,0.466744598446167,8.27593111196891,8.36602351431789
45102600,522.020833333333,0.592740472549855,0.50340408088512,10.4301649189487,10.3928319581145
45189000,523.020833333333,0.65561893995383,0.530473916830146,8.52994984862819,8.42283310395628
45283500,524.114583333333,0.718412407655236,0.555318783669325,11.0039983923167,10.7955280159329
45380700,525.239583333333,0.775023747308573,0.575092581696414,8.29771249546813,7.98773005820112
45471600,526.291666666667,0.819173247303714,0.587663498290283,6.13982928800815,5.82611421423248
45558000,527.291666666667,0.851960330976724,0.593750875328495,5.18523493258069,4.87466973805962
45656100,528.427083333333,0.876939738099677,0.593129012016606,6.6321718132354,6.45904100022821
45753300,529.552083333333,0.887655607295502,0.58409799560247,4.41082257726749,4.42938873305052
45840600,530.5625,0.884731640330047,0.56858260288362,6.94733577533562,7.0933953873306
45945000,531.770833333333,0.865375716683702,0.540768994583458,7.21655129311652,7.53481911082447
46034100,532.802083333333,0.835402338873382,0.509260882378217,6.86021779203298,7.17152868687883
46132200,533.9375,0.788740814145609,0.466846441500107,6.54277507529829,6.85505435911963
46229400,535.0625,0.729508337657363,0.417811022452385,10.3328018377596,10.5672554246222
46316700,536.072916666667,0.666623236621254,0.369085361822676,8.91422114874526,9.06144581029033
46412100,537.177083333333,0.589400340907901,0.312811254290053,11.3828314089802,11.4326740748163
46509300,538.302083333333,0.504498869529656,0.255612235390457,10.2390319258747,10.1334829310828
46605600,539.416666666667,0.418439720668434,0.204824162736704,8.09520368388951,7.89190860891325
46693800,540.4375,0.343486795349429,0.171679004756323,8.25907924609506,8.0676615038235
46783800,541.479166666667,0.279768961508762,0.161211110918087,9.92058588745046,9.60475236341318
46876500,542.552083333333,0.242440794537568,0.178666744351464,6.83629575811779,6.50654906395479
46971900,543.65625,0.248777471376211,0.217398646924054,7.14033735723264,6.87807099913808
47062800,544.708333333333,0.29334215836377,0.263514820288297,5.85351829695322,5.7899564642621
47166300,545.90625,0.369982436780878,0.31949897761296,4.5926361003499,4.79858356306417
47254500,546.927083333333,0.444723913161358,0.367168449101411,4.13994375479458,4.29367419061027
47349000,548.020833333333,0.527747383903375,0.416734299574055,8.37651733231245,8.6957181354056
47435400,549.020833333333,0.603343341942892,0.460032904022929,7.89488278170542,8.22901432743714
47533500,550.15625,0.686592099820628,0.50631678485372,9.39713773903857,9.69114100930659
47630700,551.28125,0.764507209817406,0.54856492132568,9.75616691252468,9.96125356590959
47727900,552.40625,0.835958961306649,0.58639743490865,8.95388987055625,9.01744982401907
47814300,553.40625,0.892320413902806,0.615411990174495,8.99368059369737,9.09758543001337
47920500,554.635416666667,0.949800961518931,0.643595442618675,12.0153832865111,11.908496851883
48021300,555.802083333333,0.989558100254444,0.6609484324456,9.79873135323851,9.57264628302425
48114900,556.885416666667,1.01132769467007,0.667365952148102,8.70280857526213,8.39056152298014
48204000,557.916666666667,1.01713006280351,0.663842940526468,8.17677546408256,7.83071000989994
48298500,559.010416666667,1.00674913457032,0.649361906549378,5.08711575890472,4.77722418892504
48394800,560.125,0.978922385148332,0.623361183788122,6.32877703091534,6.01493487461726
48492000,561.25,0.934358778191287,0.586404273595439,7.32175649452818,7.31409216644007
48583800,562.3125,0.878783781212469,0.54283811471319,6.45676843654002,6.6671270023961
48676500,563.385416666667,0.811461775354785,0.49185109349727,6.18793798047716,6.51982865108759
48774600,564.520833333333,0.730621851536244,0.432255032455261,7.82242773382943,8.17857210633024
48861000,565.520833333333,0.653809776974264,0.376922231695053,7.57300647839555,7.88398615758045
48947400,566.520833333333,0.574560961282196,0.321098879362115,8.06045426453179,8.39315989145932
49046400,567.666666666667,0.485334110496632,0.260140002968296,11.7633961417677,11.9693362590477
49132800,568.666666666667,0.414510744415646,0.214285275068391,11.3888982263539,11.4590715372714
49219200,569.666666666667,0.358013613961285,0.182078412160362,9.91002247834685,9.86507454993042
49317300,570.802083333333,0.323451230178097,0.171647518526453,10.3877690058191,10.281152808933
49409100,571.864583333333,0.328626769556418,0.189442967242681,8.88521737198099,8.62311511260813
49501800,572.9375,0.36830974877896,0.226457250831091,8.99710535449439,8.73383974878424
49588200,573.9375,0.426714355741597,0.270063471854229,10.0403046107071,9.68089950503969
49685400,575.0625,0.506044369732637,0.323837336312634,7.88548644347646,7.57250626851642
49773600,576.083333333333,0.583910024858868,0.374318453163148,5.26229521578027,5.12408280905354
49869000,577.1875,0.670018046799106,0.429234461984932,5.34125568722427,5.25191763348731
49956300,578.197916666667,0.748037350185403,0.478963260961568,5.97300749293229,6.19820159476956
50057100,579.364583333333,0.834816180649612,0.534843421573427,5.37845082706934,5.65956575392592
50155200,580.5,0.913526674353471,0.58646070007896,9.17997023884466,9.54781670621626
50257800,581.6875,0.986914557799536,0.635737875282244,10.5041237379577,10.8388407819802
50344200,582.6875,1.03914847986372,0.671754453512011,8.69970387368751,8.92886037326295
50430600,583.6875,1.08026470156957,0.700977557412644,9.61745421121639,9.85600785587534
50527800,584.8125,1.11052506089703,0.723600348962749,10.6765198551127,10.7452704518466
50618700,585.864583333333,1.12135734418272,0.733158069920388,10.3494641688208,10.3769926261144
50724900,587.09375,1.11111743422014,0.728711074184986,11.9125759592423,11.7520088223047
50819400,588.1875,1.08144445900583,0.710481174425311,11.0669718875312,10.7524380392322
50914800,589.291666666667,1.0334815680114,0.679439438440658,6.62752724132145,6.26226162330265
51012900,590.427083333333,0.968081563744971,0.636182957255324,8.23972213506626,7.86052088111316
51111000,591.5625,0.889861456090613,0.583886117797068,6.10453483487713,5.80218349668719
51198300,592.572916666667,0.81252451602713,0.531873655610803,6.35300090848105,6.14558881658993
51284700,593.572916666667,0.731631867079047,0.477179810790427,6.90101806025149,6.93460599062194
51375600,594.625,0.645025789349818,0.418060707933008,8.16978637456893,8.45991707468783
51478200,595.8125,0.550359811367528,0.35189154507589,5.89917275547677,6.28779160061423
51564600,596.8125,0.478554397332339,0.299017652183098,7.49387868618405,7.88103323829325
51661800,597.9375,0.414819612001361,0.246358235843228,9.4377298455247,9.78881107019774
51761700,599.09375,0.379515937734525,0.206110135804266,10.4989610836041,10.7830695954024
51854400,600.166666666667,0.382093142680946,0.18926233936068,11.7299737583222,11.9043077376765
51951600,601.291666666667,0.419912134624673,0.198215098569193,12.6251677192489,12.6056917748867
52040700,602.322916666667,0.477782046045043,0.227506119619206,8.38888975780473,8.26937016041361
52144200,603.520833333333,0.56152015346339,0.278063259250501,10.9953096066354,10.825898862901
52238700,604.614583333333,0.645825000652091,0.333169183663148,10.1791351088432,9.85913825331424
52337700,605.760416666667,0.736928457493282,0.395886723920472,9.18803039023649,8.79779671437695
52436700,606.90625,0.827308352413831,0.46112569316535,8.23922979000889,7.85770619625485
52524000,607.916666666667,0.904092039935775,0.519101709315264,7.38850268961727,7.22531950098883
52623900,609.072916666667,0.986038999392651,0.584046067232179,3.39009618585146,3.36504330472129
52725600,610.25,1.05985901415548,0.646175140104127,6.63795774594829,6.76486455115868
52824600,611.395833333333,1.11884941897939,0.6998832878085,7.83027567480803,8.17645126071378
52913700,612.427083333333,1.15794988578413,0.739876482378832,8.75279414964589,9.15871512722746
53001900,613.447916666667,1.18092471760249,0.769354154792553,9.76487389478091,10.1597079865763
53106300,614.65625,1.1852148508847,0.788741602569467,10.9630420028845,11.2173348954585
53206200,615.8125,1.16487392406072,0.790090549364578,8.60288470718839,8.84558761053152
53292600,616.8125,1.12864978754927,0.777736666491131,11.8560676119237,12.0027277282944
53388900,617.927083333333,1.0702122455376,0.750499527563312,12.8985896931926,12.8679350825369
53479800,618.979166666667,1.00073769926085,0.713796486936504,11.0491031449157,10.8518030623783
53579700,620.135416666667,0.912571504408994,0.663928742857921,11.0572071198987,10.7675559293878
53673300,621.21875,0.822749399907079,0.610691243407723,8.63750593800886,8.22979043073357
53766000,622.291666666667,0.730661949367215,0.553850612214483,6.72787038772353,6.32311606224857
53861400,623.395833333333,0.636601638171091,0.49278699436486,7.9464416754683,7.55849830478537
53958600,624.520833333333,0.546439590228978,0.42932959767767,8.07649721298479,7.92395660826944
54046800,625.541666666667,0.475258628898209,0.371793832491597,6.38736697942023,6.55900944621869
54143100,626.65625,0.417654659578973,0.310567835776612,7.03646646664707,7.30768923976569
54234900,627.71875,0.391715782905915,0.256282953521349,8.06645744849632,8.48707275945835
54336600,628.895833333333,0.402807324501405,0.206903476886846,7.02901515394183,7.45260860991828
54437400,630.0625,0.451061737735585,0.181123978392993,10.5267874157186,10.9278260185231
54523800,631.0625,0.513022643681966,0.187379357757892,13.1051226525592,13.402634465801
54622800,632.208333333333,0.597564367655414,0.225808883689414,10.8487849998405,10.9661083778759
54716400,633.291666666667,0.684033795114752,0.282229616967909,12.1578444259512,12.2066587437894
54812700,634.40625,0.774809358024286,0.351091174264494,10.6618078018469,10.5196217509999
54905400,635.479166666667,0.860684219797509,0.422395317015514,10.1571084053464,9.97762311571483
54994500,636.510416666667,0.939399695369189,0.492459751054812,11.2349555870396,10.9312517109003
55080900,637.510416666667,1.01006909555885,0.559630863203862,11.7137638947194,11.2918660117452
55170900,638.552083333333,1.07549749771463,0.626652685693439,7.13396092625812,6.74276283184671
55265400,639.645833333333,1.13245322266838,0.691314871575026,6.6205130743174,6.27105075821168
55357200,640.708333333333,1.1733312797972,0.745938071883011,6.02905377181787,5.98001176605758
55450800,641.791666666667,1.19741779534423,0.790674132827358,5.27219511930154,5.38009588019248
55540800,642.833333333333,1.20160159590982,0.821079788319022,6.69306784994892,6.95460551263409
55627200,643.833333333333,1.18703547508303,0.837279128219599,10.4563383951938,10.862922585177
55725300,644.96875,1.1487183303829,0.839717391596386,10.1469307755468,10.5549671402957
55827000,646.145833333333,1.08686306120722,0.825180565520612,9.62897652966091,10.0182944572733
55916100,647.177083333333,1.01739924543843,0.79989057215986,10.9163249141149,11.1968396064753
56020500,648.385416666667,0.922611806150701,0.758094229017951,11.2827913301335,11.4569941543229
56114100,649.46875,0.829639606595953,0.711919634497207,12.4992420400728,12.5782859344433
56212200,650.604166666667,0.728335471197471,0.656841320460173,14.4392615442075,14.2739981098387
56313000,651.770833333333,0.624498511970365,0.594739158714927,9.25242105307191,8.92279474161243
56416500,652.96875,0.523633494543127,0.526282741635034,9.55718308115096,9.17471937552028
56513700,654.09375,0.441335759553049,0.458310025919413,8.59747217007379,8.15220980500504
56612700,655.239583333333,0.380683828579289,0.386010426419251,7.31059887623201,6.90232842630973
56706300,656.322916666667,0.356979187094336,0.315794018179177,7.99797308536645,7.71155079259577
56793600,657.333333333333,0.370500306889909,0.250669903501218,9.10221032925886,9.22828634107327
56880900,658.34375,0.414658909802637,0.190677242896752,6.13531009930071,6.5120203666278
56974500,659.427083333333,0.485302555217339,0.146184619638758,6.69854595913385,7.10677702928884
57074400,660.583333333333,0.575352495012685,0.150382077260746,8.92490190451494,9.38198513097983
57160800,661.583333333333,0.658495252711904,0.19806124921784,10.4248723471605,10.8545266200791
57260700,662.739583333333,0.755293449945072,0.277471811161044,11.7607526917714,12.1465785797598
57355200,663.833333333333,0.843799975344755,0.361367174719054,14.2339853296555,14.4175990008966
57448800,664.916666666667,0.92562513289974,0.446360049763392,10.6226047918454,10.6495674619823
57550500,666.09375,1.0050283086815,0.536810379994919,11.3032731420831,11.279327981702
57647700,667.21875,1.06889114474817,0.618459155404168,12.6576638210661,12.4730411807361
57760200,668.520833333333,1.12447923880051,0.703674215846277,10.3331592076387,9.96469601657862
57854700,669.614583333333,1.15305704300574,0.764878012258614,11.2693059729712,10.8194379851207
57958200,670.8125,1.16265005279251,0.818348192734823,7.91249481896177,7.54337916652712
58044600,671.8125,1.15197206621363,0.850482481028019,5.09195313001383,4.78565829787094
58141800,672.9375,1.11940276743489,0.87189834171125,5.76834893129956,5.59377910122656
58230000,673.958333333333,1.07205959155404,0.877624460749429,8.15291841522177,8.30909747332385
58325400,675.0625,1.0042138165851,0.869796281685006,7.73869034841928,8.14749572593521
58424400,676.208333333333,0.919172311305658,0.847776817588997,10.4315852849983,10.8951633394061
58510800,677.208333333333,0.836081186190494,0.818539981567032,11.3465380526246,11.7809512029907
58607100,678.322916666667,0.737277769066015,0.776615915146671,9.60674236947547,9.97324273396429
58694400,679.333333333333,0.644976886507968,0.731308874544927,10.6465665878513,10.9977540859281
58791600,680.458333333333,0.542572667244413,0.673710950289778,14.3299544896711,14.5211600594151
58889700,681.59375,0.444203682269959,0.608638528651117,12.3721072393443,12.3472716614877
58986900,682.71875,0.359262364123992,0.537739926112524,13.5829337425832,13.422199598859
59076900,683.760416666667,0.303383476042578,0.466727417510175,11.3709805871844,11.015107332709
59175900,684.90625,0.285075436121031,0.383227105397613,8.40738228651759,7.99058655981421
59276700,686.072916666667,0.320621951946272,0.293756072597062,9.32752700737659,8.8674902651161
59376600,687.229166666667,0.394623232278255,0.204259599212326,9.94422088315548,9.54311781107725
59479200,688.416666666667,0.49039121583396,0.125302512204109,6.57481599878017,6.41297202214227
59580000,689.583333333333,0.591209566905475,0.111955509121956,7.87749661851988,8.0346733735168
59677200,690.708333333333,0.687773689480991,0.178862141308885,7.38886680802663,7.81577493194303
59773500,691.822916666667,0.77843270533477,0.270141740608386,6.85388804749733,7.33666153637959
59862600,692.854166666667,0.855059967662133,0.358764264830553,10.1216542349816,10.609008345924
59951700,693.885416666667,0.922578861924021,0.446171721567764,13.4485312956035,13.8873185569842
60038100,694.885416666667,0.977687310757449,0.527329989416795,11.9372615012283,12.2648704469451
60129900,695.947916666667,1.02348301136566,0.607836578213973,13.1313120351252,13.354078294464
60219000,696.979166666667,1.0540193123635,0.678884776601911,12.4704553981988,12.5297420253251
60321600,698.166666666667,1.07076741889725,0.750412631508336,10.858916699533,10.7859292573252
60410700,699.197916666667,1.06844238155122,0.802325134646838,13.0781035301375,12.9415027893057
60498900,700.21875,1.05037299334304,0.843341502357381,13.985358490801,13.5972467133993
60585300,701.21875,1.01774814700626,0.872772071226589,9.76545211060567,9.27956854959716
60681600,702.333333333333,0.965117862034782,0.892503590457512,8.54924366092749,8.05616395259873
60792300,703.614583333333,0.886160997678175,0.898078390952505,7.15979735863634,6.8120279658248
60885000,704.6875,0.807835259716225,0.889163406664031,5.24808094001271,5.14882360356715
60992100,705.927083333333,0.707353432030055,0.86453236613406,8.10961859648414,8.1679693795379
61080300,706.947916666667,0.619435710856172,0.833681521575291,10.8167698334669,11.2438809190833
61174800,708.041666666667,0.522929526457927,0.790989124073784,9.62568740607413,10.13559683645
61281000,709.270833333333,0.415716322927603,0.732133446622109,10.1215072510858,10.6112053658375
61380000,710.416666666667,0.323301653030833,0.667744889224394,11.7955450970938,12.2044761016842
61470000,711.458333333333,0.256184767264744,0.601862695614656,11.0217220745919,11.3378664920075
61568100,712.59375,0.222787476997798,0.522804222671458,15.1788144904357,15.4010710288875
61659900,713.65625,0.24529383088559,0.442898307622766,15.0220290023489,14.9535737809424
61766100,714.885416666667,0.320721041442612,0.345329667563173,11.5200698949769,11.2803167744128
61852500,715.885416666667,0.400600774876398,0.265018960120199,10.8700517539812,10.5512136112644
61941600,716.916666666667,0.488809471119014,0.188606676189087,11.0694409751896,10.6154618274916
62030700,717.947916666667,0.576959974135743,0.139223461457307,8.26637836689933,7.75869229995142
62127000,719.0625,0.66757890180562,0.155651900415251,10.2142054278776,9.71985048839492
62230500,720.260416666667,0.755365905474022,0.235250818955753,8.93719753400728,8.81956515159796
62325900,721.364583333333,0.824345978114911,0.325449077863784,6.53336446839935,6.7633796793345
62414100,722.385416666667,0.875965963094494,0.410373358325659,6.00959814035078,6.34587547758993
62500500,723.385416666667,0.914026267463386,0.490776256349602,9.21657893013417,9.68436307647417
62587800,724.395833333333,0.939243311404513,0.567154526987868,9.19689917431187,9.7252425786916
62687700,725.552083333333,0.951474885761998,0.647025247527447,12.4117138038699,12.9310156871097
62792100,726.760416666667,0.94553470496468,0.720702412436708,14.4512253119087,14.8073844311094
62878500,727.760416666667,0.926715406625287,0.773380775771127,12.6832258495872,12.8773837524929
62975700,728.885416666667,0.891474056502105,0.822903635981977,11.726180074157,11.8896213160019
63072900,730.010416666667,0.84271739348775,0.861294615474256,14.2623762905014,14.2181508706781
63166500,731.09375,0.784674507263061,0.886981837436217,12.2091688367616,11.9920470217884
63256500,732.135416666667,0.720404676549429,0.900699052140447,13.6810096550835,13.315855434233
63343800,733.145833333333,0.651982247871679,0.903447108420376,11.9715002615345,11.4539193903276
63442800,734.291666666667,0.569622027116739,0.893981820304324,7.6159051558102,7.11411335593409
63545400,735.479166666667,0.482244665674302,0.87043771511079,6.46470848013525,5.97359015601745
63650700,736.697916666667,0.395294307239697,0.832507483151333,8.40605851830077,8.2824408641501
63750600,737.854166666667,0.322584612850518,0.784583434749871,7.30793459029406,7.51268768772366
63846900,738.96875,0.27279577333646,0.728378133668111,10.0010298373198,10.4344470043997
63934200,739.979166666667,0.257232381389546,0.669826354578885,11.5159075647891,12.0602264255877
64030500,741.09375,0.279713661302258,0.597981660766477,10.0386593680823,10.5358890474928
64143000,742.395833333333,0.346911849989576,0.50644710573514,11.9206286828071,12.420291931919
64244700,743.572916666667,0.427622459129035,0.419578894673578,14.3927626354742,14.7010863077396
64341900,744.697916666667,0.511031058088874,0.337440494716892,14.1281282118617,14.2865275974612
64442700,745.864583333333,0.596719362558925,0.262314234297488,14.8818591937601,14.8130394665684
64543500,747.03125,0.676072872847182,0.216092659296192,12.6666916713724,12.351712737582
64643400,748.1875,0.743922148415281,0.22126744483527,9.61344882115666,9.27911704693346
64731600,749.208333333333,0.791925058833595,0.265852419557826,12.3572681787844,11.8788365539418
64827900,750.322916666667,0.829312342824457,0.337083479891608,10.2448922280478,9.70373288736987
64934100,751.552083333333,0.850872385312255,0.424712315175765,8.40533612321806,8.01198548602635
65021400,752.5625,0.853058358451403,0.496784352157769,8.10431860079091,8.00358259544771
65107800,753.5625,0.842171853726701,0.565231117691457,8.02860987026141,8.34117868272478
65195100,754.572916666667,0.819271201882891,0.630069952017095,5.65534351436857,6.10847794032105
65301300,755.802083333333,0.777665477106031,0.701855364426235,10.5934462314662,11.093842284621
65399400,756.9375,0.728500899723916,0.760236086620466,12.7224621585636,13.278143763604
65495700,758.052083333333,0.672872261779435,0.809101457997812,12.9623373608087,13.4368449059839
65602800,759.291666666667,0.605585206381588,0.852262906442454,14.2396907670193,14.5826211013139
65691000,760.3125,0.548415211719205,0.877910466618437,13.2672800010922,13.4056179794637
65795400,761.520833333333,0.482125847663287,0.895639249903122,12.5390837618217,12.6621636002227
65883600,762.541666666667,0.430627338732966,0.899387309846954,15.8090926084862,15.6917491733756
65990700,763.78125,0.379313084402097,0.88988197966721,13.6721462662537,13.2643408845438
66087900,764.90625,0.349835344168079,0.868202650387263,10.6277350436083,10.1084973998405
66177000,765.9375,0.342182405024868,0.83803289402428,10.0739880141953,9.50571853956366
66285900,767.197916666667,0.360509970315773,0.788994722598294,6.17765315881324,5.73592257961029
66380400,768.291666666667,0.398172496725464,0.736934102574493,7.43550349065976,7.04744104138115
66496500,769.635416666667,0.463838349750261,0.663057657103193,10.1555750582574,10.3380650302483
66585600,770.666666666667,0.522813082905763,0.600720971343068,10.0525293232214,10.5499317702386
66681900,771.78125,0.589983607929048,0.529953203908095,9.28223825670863,9.85663444254231
66770100,772.802083333333,0.651085074377304,0.464357441001256,11.9701686164349,12.5453508104435
66861900,773.864583333333,0.710839469706271,0.398710168121841,10.9138212848645,11.4188109123486
66956400,774.958333333333,0.764707026504094,0.339563445885764,13.4249166764773,13.9039873456705
67048200,776.020833333333,0.806206611781857,0.298632474265836,16.6892405332217,16.9674270167434
67145400,777.145833333333,0.83516426928511,0.283673354773947,15.2857721959949,15.2764815324016
67231800,778.145833333333,0.845828023920469,0.299132412030855,12.4718642214468,12.364729131085
67329900,779.28125,0.839487232526681,0.34381623473323,13.4879487085297,13.1934911040784
67425300,780.385416666667,0.814807282563241,0.404167890300169,10.7014556730915,10.2514162289917
67511700,781.385416666667,0.778234315858935,0.465596222900959,11.5135204265784,10.9916051837837
67598100,782.385416666667,0.73047143410949,0.528970300936199,11.8133463528866,11.2322911355476
67696200,783.520833333333,0.666259420589703,0.599852267493533,9.38342482890029,9.09257024596148
67793400,784.645833333333,0.596514012072294,0.666427889008732,5.75205810240049,5.74957984057025
67891500,785.78125,0.524830705406683,0.727883221695239,8.02842167714439,8.26419787893858
67989600,786.916666666667,0.457238574700827,0.781788809346826,8.26212882400929,8.77802551359911
68086800,788.041666666667,0.400460020643477,0.826153563975696,10.5700103717687,11.1446880352229
68188500,789.21875,0.35953456874389,0.861430860236383,14.8321252432201,15.4185098691851
68280300,790.28125,0.34482484423825,0.882490695095608,14.5128421860771,14.9391695607212
68377500,791.40625,0.354640850970868,0.893006260410682,12.0639887311895,12.4290524161832
68473800,792.520833333333,0.386934929519554,0.89131250665013,14.9079420504908,15.1193547370935
68578200,793.729166666667,0.439938336584818,0.876239129177097,14.207896193199,14.2098320242839
68675400,794.854166666667,0.499544109150424,0.85067502258568,15.11761444975,14.9348933945849
68776200,796.020833333333,0.566830098994983,0.813707085199985,14.8786824555309,14.4067350846815
68868900,797.09375,0.630615165268124,0.771659818695968,9.54427369605294,8.94776418573776
68963400,798.1875,0.695233252395072,0.722289946779003,8.53196350777392,7.93291078989491
69062400,799.333333333333,0.7602425425365,0.665098623077078,8.94849747241893,8.44377642991691
69164100,800.510416666667,0.821550152952376,0.60224933398219,7.79875040843359,7.62758453735059
69261300,801.635416666667,0.872107807355123,0.540042411392123,9.14226022328018,9.31453928073961
69351300,802.677083333333,0.909150445526774,0.482381444872233,11.887747710542,12.3965007640655
69443100,803.739583333333,0.93435989393138,0.42604565625469,10.0952495289311,10.7134614667272
69548400,804.958333333333,0.943962929383624,0.369900632755596,10.508964326537,11.1277757656495
69637500,805.989583333333,0.933422546772711,0.336479121269323,13.9985929511981,14.5613726368981
69734700,807.114583333333,0.900915545463095,0.32378698889218,14.8855024912632,15.3036078188917
69831000,808.229166666667,0.847426873612132,0.340890167743247,15.8907125843117,16.1605596495138
69928200,809.354166666667,0.77439093690078,0.38474110257287,16.5120566306942,16.4730357464955
70025400,810.479166666667,0.686544611401526,0.446121857765378,11.7406842313102,11.5261390572819
70111800,811.479166666667,0.600607328795143,0.508036640848336,12.9691495637715,12.7181576478626
70210800,812.625,0.499378690311995,0.581128754585404,13.6913631643012,13.1849866591866
70316100,813.84375,0.397968616199468,0.656154322551434,10.743895577719,10.1223050319535
70413300,814.96875,0.322971661799653,0.71949808899837,9.94098560170943,9.38668894959884
70510500,816.09375,0.283525791800119,0.77487276754897,8.95787822651222,8.84858358790485
70606800,817.208333333333,0.292696392844826,0.820312372487371,5.44737653133094,5.68158201978405
70703100,818.322916666667,0.343241496705062,0.855305021124798,8.15866327798031,8.46552559138372
70793100,819.364583333333,0.411984432985072,0.877999477315768,12.0043365910084,12.5662460477524
70886700,820.447916666667,0.493263262114498,0.891136954602175,12.7302094325394,13.3657003155038
70984800,821.583333333333,0.581751753230918,0.893623156803912,14.0121754582204,14.6085917387644
71076600,822.645833333333,0.663869835263119,0.885983277633334,15.2922696694175,15.7180766155164
71180100,823.84375,0.753001691488702,0.866751029495305,12.5133897317613,12.8261705371195
71276400,824.958333333333,0.830890072743369,0.839852708092937,15.6216178582748,15.8442905991791
71366400,826,0.897983247727039,0.807886665511897,17.3555875513059,17.2772464026853
71461800,827.104166666667,0.961724528514733,0.767777226566899,14.1320168355911,13.7849606449567
71554500,828.177083333333,1.01487425185013,0.723441923272808,13.2996635560208,12.8180281853021
71652600,829.3125,1.05969133309648,0.671380424993143,10.6908679615231,10.0571536559434
71757000,830.520833333333,1.09169792698522,0.610674215570619,7.54067454986995,6.90509337199138
71843400,831.520833333333,1.10353245403126,0.556794739866685,9.36809973575506,8.80721306224411
71934300,832.572916666667,1.09923622092142,0.497633574751337,10.8413902931829,10.7190472277792
72034200,833.729166666667,1.07217096559409,0.432720507782579,9.14448079404812,9.54528064762769
72137700,834.927083333333,1.01754797098782,0.373030593270636,10.2568629370525,10.823015254103
72236700,836.072916666667,0.940040236174073,0.335684410064019,11.4897011980263,12.1454884497061
72332100,837.177083333333,0.844365543386335,0.331004295156965,11.0031823740554,11.6446372384558
72425700,838.260416666667,0.734859871516526,0.360177833906071,15.1239256189342,15.726800843353
72525600,839.416666666667,0.607741908140585,0.419134463223833,17.947053274008,18.3064160357803
72622800,840.541666666667,0.482754931070669,0.490787622833037,14.8265530636438,14.9663161642869
72720000,841.666666666667,0.369139499236472,0.566295351777672,15.3059832105819,15.2875848986247
72811800,842.729166666667,0.291832498279752,0.635407290384863,13.8070313188869,13.5570431086314
72902700,843.78125,0.270935541799134,0.698520980508059,12.5032010156782,12.1438279479257
72992700,844.822916666667,0.312946041474266,0.75397620461704,14.3516149519917,13.8155057069878
73087200,845.916666666667,0.398834133699541,0.803535800086953,12.9220366186421,12.2720312660774
73193400,847.145833333333,0.515512972356536,0.847873752066,7.48067817630034,7.02124181369352
73281600,848.166666666667,0.616637721812956,0.875328046626922,7.54046885845134,7.28979950946902
73378800,849.291666666667,0.726781124629491,0.895780186914732,8.02430454215337,8.23479870041844
73465200,850.291666666667,0.821008406752532,0.905538732566882,8.01130889230053,8.44908990222344
73552500,851.302083333333,0.911042811168816,0.907661281936209,11.4323231143641,11.9860862253457
73638900,852.302083333333,0.993736714904831,0.902467558362463,15.5117963050407,16.1849298137392
73736100,853.427083333333,1.07766523483266,0.888418469109181,13.7905047423964,14.3754861445044
73832400,854.541666666667,1.14974228936194,0.866374332435669,13.5705652823555,14.1032151484399
73928700,855.65625,1.20912685266031,0.836544645110573,15.5706459255389,15.9458868166398
74015100,856.65625,1.2501532608934,0.803225621469475,15.210203105174,15.4179931143416
74101500,857.65625,1.27816418911457,0.76361304507724,16.7070432895936,16.77509389472
74194200,858.729166666667,1.29205819001689,0.713920099028057,17.8425712013256,17.5572367904693
74295000,859.895833333333,1.28600380816869,0.65133681642062,12.3005761526318,11.7546015003382
74391300,861.010416666667,1.2575250650861,0.583758327769139,10.4795358694456,9.88930608597047
74477700,862.010416666667,1.2117554926994,0.518224822166035,10.7959220238877,10.1217550099125
74565900,863.03125,1.14479159570725,0.449972340792242,9.02259862213336,8.44181229003081
74661300,864.135416666667,1.05011281663308,0.38216534471766,8.98545768104269,8.621938541904
74747700,865.135416666667,0.946687762448249,0.337258420672229,11.3762482837122,11.4994968413643
74834100,866.135416666667,0.830304104968991,0.32069349932614,10.9550953739737,11.5218707874835
74937600,867.333333333333,0.68157989213296,0.345750497037891,8.90694094634388,9.57509590086247
75029400,868.395833333333,0.551261371815299,0.399680147642863,12.2051338993159,12.8948724527107
75124800,869.5,0.433113480135496,0.471499762536735,14.6496780291182,15.3007669981949
75213900,870.53125,0.360962243151206,0.542784789931399,15.374943437364,15.9460334795322
75304800,871.583333333333,0.350850231278299,0.613744701279658,18.4466228929603,18.8306398749934
75396600,872.645833333333,0.406860363890137,0.680395195741448,16.4800333845801,16.5509179133833
75490200,873.729166666667,0.505498936492199,0.741483880092486,13.2313252847568,13.2102752723985
75578400,874.75,0.615146328089218,0.79201459798551,15.3990869727653,15.2512962887417
75674700,875.864583333333,0.740604980207576,0.839126460874191,15.1602012174066,14.6895015585013
75774600,877.020833333333,0.870003848017783,0.879065407019787,12.5573530072563,11.9249680729412
75879900,878.239583333333,1.00088150026549,0.911329277332541,12.0876100365973,11.4155170775193
75970800,879.291666666667,1.10660465616907,0.931014630727593,8.52937285284136,8.18105110780967
76061700,880.34375,1.20348799673573,0.942980897262237,5.58969755245153,5.44510442325175
76148100,881.34375,1.28561797276263,0.946964718790693,8.51262204195053,8.543130952709
76244400,882.458333333333,1.36369283019744,0.942533069111235,11.7234416593766,12.2352390057763
76341600,883.583333333333,1.42595761755255,0.928062777319857,12.123996469009,12.8099134039631
76439700,884.71875,1.4698183817032,0.902679058292287,15.1554169809708,15.8612338056027
76545900,885.947916666667,1.4935537792025,0.862328424747845,14.865150073441,15.4213908950254
76639500,887.03125,1.4923359411078,0.815264976070757,13.1696009636203,13.680698026802
76729500,888.072916666667,1.47043626629843,0.759815162709219,17.4249540191075,17.8250669249515
76815900,889.072916666667,1.42959234295237,0.697627519080194,18.477651408478,18.5680848320819
76917600,890.25,1.35634847452552,0.61481581657514,16.0016664944362,15.8342277228489
77011200,891.333333333333,1.26554350196271,0.532626103834668,15.6022920977151,15.1901190600189
77109300,892.46875,1.14851378572116,0.446641517358161,11.802217057735,11.165470698861
77205600,893.583333333333,1.01606815617131,0.37305943732035,9.42789420140751,8.7628405890466
77318100,894.885416666667,0.848482281784136,0.32232214344578,11.9944375266966,11.3245811981889
77410800,895.958333333333,0.71096933549759,0.324457314988794,10.4055706121047,10.173887342764
77508900,897.09375,0.582394881113261,0.367250529497972,8.95965705281249,9.16175230336797
77606100,898.21875,0.495628039273332,0.433896604914113,10.9004778433654,11.4395961864747
77708700,899.40625,0.476117861279135,0.514035066812611,10.6135019210837,11.3341058934859
77803200,900.5,0.528159234831487,0.588457664034935,11.468278676746,12.1960213929033
77900400,901.625,0.629697713628885,0.661661205290342,17.3855745911431,18.0836392121153
77999400,902.770833333333,0.758268538075064,0.730993609923279,17.5705997239046,18.0542388318025
78091200,903.833333333333,0.88634014442769,0.789948555738872,16.2147079920227,16.5490417163186
78177600,904.833333333333,1.00811203596642,0.84049391050882,16.8701105598685,17.0056350072066
78274800,905.958333333333,1.14192697546699,0.891312048584518,14.5735913887788,14.4659250664861
78363000,906.979166666667,1.25736252851319,0.931407153475752,14.8754541430771,14.6858224951793
78452100,908.010416666667,1.36556014360283,0.965374009541539,17.0525768173858,16.5607470938097
78543900,909.072916666667,1.46555785048318,0.992484006460208,13.7830747865974,13.0635013072195
78649200,910.291666666667,1.56242279325011,1.01211141292972,9.1108756153393,8.41134598468491
78738300,911.322916666667,1.62667469849298,1.01772308696584,8.92939090658006,8.40734559698831
78827400,912.354166666667,1.67237183063799,1.01205656321472,7.77549291390607,7.70836076458762
78922800,913.458333333333,1.69871101895545,0.992493493986187,7.88187034536268,8.04471524389484
79016400,914.541666666667,1.70040347574481,0.959167881753085,12.9388956348865,13.4315924647886
79115400,915.6875,1.67535829746565,0.908706155325573,15.1413111368474,15.8847556682327
79212600,916.8125,1.62398308230044,0.844741584778817,13.2294544224874,13.9506372650258
79309800,917.9375,1.54701176388711,0.76817561770143,15.2180501182511,15.8806773327078
79405200,919.041666666667,1.44841294406674,0.683396986112782,15.8367687559144,16.3367865605151
79498800,920.125,1.33227135447001,0.594624109062415,16.6461071755983,17.0416650243552
79595100,921.239583333333,1.19699634629802,0.503002810919141,19.9959730431743,20.0922355300981
79686000,922.291666666667,1.06021974113836,0.42359693188206,17.3906100560417,17.0983198412094
79782300,923.40625,0.914178381688022,0.358329613218042,12.8425162458941,12.4088776839071
79880400,924.541666666667,0.777100785041939,0.326346477408701,13.2026061774408,12.6070116633674
79966800,925.541666666667,0.680891177033604,0.333998005812393,11.3828622372406,10.6462019546559
80069400,926.729166666667,0.618645857701998,0.379742139115218,10.2465811565022,9.52482023108537
80160300,927.78125,0.624571644177971,0.440308079828575,11.8430801945538,11.4296421233835
80258400,928.916666666667,0.691392794517785,0.515287116215949,10.9238203621204,11.2235976482285
80344800,929.916666666667,0.786752282424479,0.584305601401797,8.45968349430655,9.04677558157977
80431200,930.916666666667,0.901779665010158,0.653587238987518,10.3472155975399,10.9877471698254
80523900,931.989583333333,1.03588365309572,0.726744340475712,13.510730053276,14.2704884295533
80614800,933.041666666667,1.17073552981409,0.796294985709054,14.5054856156694,15.2616963411703
80703900,934.072916666667,1.30129474734599,0.861436426125752,18.0950668294559,18.7817863004507
80791200,935.083333333333,1.42416852946072,0.921280311649708,19.4032046152058,19.8485371425602
80883900,936.15625,1.54579212655673,0.979010792796675,15.3811411069151,15.5973241067024
80980200,937.270833333333,1.65875403289353,1.03056375065151,15.9780005476546,16.1358349913282
81067500,938.28125,1.7460212406443,1.0677944723152,17.6149584932707,17.490641606118
81155700,939.302083333333,1.81640552995683,1.09416556921882,15.6856543424077,15.2908414301524
81252000,940.416666666667,1.86950296103419,1.10787284436542,15.3247227800055,14.7139404474136
81350100,941.552083333333,1.89512135810084,1.10378718070881,13.2962962270168,12.5325517013342
81449100,942.697916666667,1.88994416837265,1.08020937880745,7.4752898949537,6.87227182901433
81556200,943.9375,1.8489223956007,1.03301533229496,7.99478431959697,7.51068598528682
81651600,945.041666666667,1.78277777583653,0.973557204095077,10.657201647065,10.7484377020207
81747000,946.145833333333,1.69138244973302,0.900144507589205,11.1543639721849,11.6916347584549
81844200,947.270833333333,1.57598270936378,0.814173304136837,14.0073663083071,14.7265635032952
81932400,948.291666666667,1.45569117949958,0.729534725332654,16.0736368867375,16.8528091426782
82028700,949.40625,1.3125564021758,0.63375274050959,13.5241643273718,14.2215769175508
82116900,950.427083333333,1.17629116633589,0.546858488647421,15.2352476134822,15.9242054058635
82215000,951.5625,1.0274421300683,0.456870962121046,19.4949807479735,19.9713077441053
82310400,952.666666666667,0.897022030895013,0.384073571702857,18.3024593887779,18.485807267661
82411200,953.833333333333,0.791791350169367,0.335154096327923,18.4391465066967,18.3625454631951
82512000,955,0.739964061701656,0.32718648507806,15.8102015889433,15.3620812632043
82605600,956.083333333333,0.750871217030071,0.357610631123651,11.521506269829,10.968758104687
82692000,957.083333333333,0.808440264195222,0.409959418962151,13.0265820058032,12.3708090210235
82789200,958.208333333333,0.913658830746036,0.485912542491988,13.3895311472681,12.6181093047057
82875600,959.208333333333,1.02976224931069,0.561993139744609,10.2287027877293,9.71625268636192
82962000,960.208333333333,1.15721208058915,0.642257569856472,9.64356860220661,9.48086606865544
83056500,961.302083333333,1.30175698194912,0.731946600081152,10.9601794645466,11.3557188064706
83144700,962.322916666667,1.43617516160112,0.815279020185809,9.74836227345496,10.4442039566353
83234700,963.364583333333,1.56861329190036,0.89786122282348,10.5205710503336,11.2401402248274
83327400,964.4375,1.69607864303939,0.977999635029451,16.7104147967847,17.5111368604727
83425500,965.572916666667,1.81658778442048,1.05437987110967,18.0404636047869,18.756985647863
83511900,966.572916666667,1.90655478397057,1.11171556879527,17.2727030880338,17.8730907148711
83609100,967.697916666667,1.98511375730646,1.16184425696373,18.3111245682832,18.6898828887433
83706300,968.822916666667,2.03517388404161,1.1935573825281,16.0702082354216,16.2074155228757
83804400,969.958333333333,2.05301953654441,1.20428699592429,16.8250409542088,16.8709503969252
83910600,971.1875,2.03304211103194,1.19036133351276,19.2502635478873,18.8515008995248
84004200,972.270833333333,1.98193733456459,1.15652715862714,14.5506739037951,13.8473603125759
84099600,973.375,1.900138466592,1.10323953027698,11.6118866537293,10.8213549021232
84201300,974.552083333333,1.78468019884012,1.02893850729399,10.0675324139944,9.35182110772703
84303000,975.729166666667,1.64637653656378,0.940772537455242,7.28329315359003,6.88757256976074
84396600,976.8125,1.50503717739937,0.851000110069878,9.67072700188508,9.51720068620243
84483000,977.8125,1.36795664964299,0.763427232020325,14.0124591136676,14.4324144853115
84577500,978.90625,1.21722037479042,0.664995213486821,14.0268288569822,14.8034416893701
84663900,979.90625,1.08566982886505,0.574821222751248,13.3934267420117,14.2168372965913
84762900,981.052083333333,0.95343986400269,0.474761329764902,15.6715529156624,16.4658673275514
84858300,982.15625,0.859129637634382,0.387406379185244,15.8168304807489,16.5014702678456
84957300,983.302083333333,0.812174433970041,0.317832057846764,18.368477229113,18.9742487818577
85054500,984.427083333333,0.826135753527717,0.288939234408425,21.6884534628129,21.9423006308238
85147200,985.5,0.891292835397743,0.310433677593162,17.8967593350428,17.7847606818481
85238100,986.552083333333,0.992199197026048,0.371280404774445,15.330555962239,15.0784074901771
85335300,987.677083333333,1.12573048262445,0.462586264215321,15.2740872173143,14.7744690898362
85426200,988.729166666667,1.26337285094746,0.560553833897219,12.595208211436,11.8832137309508
85528800,989.916666666667,1.4237965184866,0.677354798684151,13.0494696255444,12.2355610443717
85626000,991.041666666667,1.57379197706236,0.788998716655388,13.1575220305808,12.5693965309806
85720500,992.135416666667,1.71251095095762,0.894799177941079,9.72778307087376,9.78387226718142
85809600,993.166666666667,1.8327546929938,0.989183571277246,8.1285417839078,8.48953656808229
85902300,994.239583333333,1.94276306688122,1.07884647246318,11.2660950619011,11.844483956149
85991400,995.270833333333,2.02980201547535,1.15383489988462,12.8528370023353,13.645708844503
86089500,996.40625,2.09938546175734,1.2201057902075,15.4005776674602,16.2385658512999
86182200,997.479166666667,2.13528973558671,1.26375899397078,20.0560251564301,20.837480244411
86284800,998.666666666667,2.1370690513208,1.2875246681563,18.2177148713434,18.7480781109954
86390100,999.885416666667,2.0955303319728,1.2834515883546,16.3259985192799,16.763336153226
86490900,1001.05208333333,2.0162773566087,1.25320469203334,19.1188010158161,19.2949892357489
86578200,1002.0625,1.92019224904614,1.20827577220007,17.5891357598571,17.4787440057306
86664600,1003.0625,1.80471192235812,1.1493397930981,18.209673819797,17.8744981659395
86761800,1004.1875,1.65687024599783,1.06921332160101,16.8031546902011,16.0910034833307
86860800,1005.33333333333,1.49413197003095,0.976030144108578,10.6948694397177,9.86060995096579
86947200,1006.33333333333,1.34817479698534,0.887439547096802,8.35040338303889,7.52607894855168
87044400,1007.45833333333,1.18688480107781,0.781533135718879,10.67968415565,10.0722604572155
87140700,1008.57291666667,1.0392360670462,0.671574381354698,10.0621907145885,10.0685482722028
87228900,1009.59375,0.925044606113263,0.567832114540575,11.7196709223101,12.0906505583686
87316200,1010.60416666667,0.843808697626656,0.464236452825721,15.1330646548074,15.8528915099419
87419700,1011.80208333333,0.804358202923797,0.345794537892311,14.9323519463822,15.7910193495758
87507000,1012.8125,0.825661685719325,0.261273080874541,13.050343089719,13.8970444908998
87598800,1013.875,0.896818204884515,0.216051443607201,18.1611764479922,18.9662283898587
87695100,1014.98958333333,1.01081571779357,0.249315879278234,19.7407559878104,20.3303691867929
87793200,1016.125,1.15192477352118,0.345529483292013,19.9269216770596,20.299632379862
87885000,1017.1875,1.2949758321071,0.458828843993999,20.2505435263245,20.2861418541241
87973200,1018.20833333333,1.43491020281987,0.574893866004851,16.8204265538486,16.5214131632071
88076700,1019.40625,1.59525969917186,0.712319888052138,13.8259567467942,13.4705398784249
88171200,1020.5,1.73276790283192,0.83465145554789,16.3402562034365,15.6782497169546
88265700,1021.59375,1.8572394306775,0.950772359683211,13.4245148178361,12.5712548004907
88357500,1022.65625,1.96155994201402,1.0548831761102,11.2839313699668,10.5392661840218
88460100,1023.84375,2.05363012935312,1.15768847386743,11.0065699779194,10.7668665956854
88546500,1024.84375,2.10679920738079,1.23027609526219,10.0053320183888,10.399263065499
88632900,1025.84375,2.13398078729875,1.28744000834358,8.2335682918847,8.79940160970613
88719300,1026.84375,2.13232560735432,1.32691778666066,13.4134687712198,14.0719300996377
88816500,1027.96875,2.09409528357792,1.34814263945454,17.3633759786618,18.2348707741815
88902900,1028.96875,2.02820288776344,1.34569526024398,17.8212772856293,18.6666799456021
89000100,1030.09375,1.92145176906231,1.31974566147177,18.9829398782405,19.713511364373
89098200,1031.22916666667,1.78476639259889,1.27105003230275,18.698116052478,19.1745825693543
89184600,1032.22916666667,1.6465095909421,1.21214119091291,16.1299990238793,16.5077426748129
89271000,1033.22916666667,1.49736963268918,1.14074109755685,20.2286839457271,20.4534824605642
89368200,1034.35416666667,1.32340657013573,1.0480701081903,20.5332669535851,20.2880824618509
89454600,1035.35416666667,1.16941093044175,0.956498887145121,16.7284105523268,16.1694933010968
89553600,1036.5,1.00220085727628,0.842497757039786,13.9769119613454,13.2206806380284
89648100,1037.59375,0.862983049554409,0.725833020221885,11.8404898748486,10.9722730236963
89737200,1038.625,0.763995789204309,0.60989298273434,7.84417639750458,7.04192231091944
89834400,1039.75,0.710103613645171,0.478512775335507,10.8402995453449,10.2523067752858
89932500,1040.88541666667,0.725632474448195,0.344258223617173,13.4957837835476,13.6633355590655
90026100,1041.96875,0.800742122758767,0.224005747428812,13.3712737689965,14.0603885416652
90129600,1043.16666666667,0.931031258196416,0.146647885256173,13.5250559460499,14.3740806008668
90225000,1044.27083333333,1.07513054444736,0.203023082461329,16.0603661200879,16.952077449077
90316800,1045.33333333333,1.22240540557782,0.31980018204739,15.2031786844072,16.05900616399
90422100,1046.55208333333,1.39107713835738,0.469941869600131,20.8272148067567,21.5861355789457
90514800,1047.625,1.53282113751139,0.60330396698299,22.4354170281151,22.8808003247488
90612900,1048.76041666667,1.67083430428909,0.740629257850531,18.6102356858147,18.7114137038162
90702900,1049.80208333333,1.78296018524313,0.860642079005696,17.8376768194031,17.794664133209
90789300,1050.80208333333,1.8745781350065,0.968676774994013,17.063154100309,16.7014018675985
90880200,1051.85416666667,1.95095907983915,1.07295545477622,14.3728349343976,13.8389207135391
90977400,1052.97916666667,2.00625362306912,1.17155851745793,15.9732259695298,15.1779205039193
91063800,1053.97916666667,2.02933153010987,1.24581139618652,14.7892822245502,13.9232182303179
91152000,1055,2.02486512926511,1.30631306648373,10.5603085916912,10.100477543929
91247400,1056.10416666667,1.98615067951326,1.35183493256898,8.09065285128988,7.95953723422104
91344600,1057.22916666667,1.91027672051373,1.37474731209526,11.0758779459238,11.441763796811
91436400,1058.29166666667,1.80708223502073,1.3737013936807,11.3102092707821,11.9986820789541
91539900,1059.48958333333,1.65953859277608,1.3466849247463,15.8450469167362,16.6881549522878
91637100,1060.61458333333,1.49806820916173,1.29838179710724,20.3367199677134,21.2395741563538
91728000,1061.66666666667,1.33386415765363,1.23555930310827,18.6648533573181,19.4095526262641
91819800,1062.72916666667,1.16155357372743,1.15723511619896,17.1420689627468,17.8368689418907
91916100,1063.84375,0.980968514417325,1.06138520646481,19.8638540025562,20.3288022819158
92012400,1064.95833333333,0.809671611803534,0.953655422713522,19.3674550807296,19.5833434331572
92110500,1066.09375,0.659285045687924,0.833658647949138,20.7005028351889,20.6002222977422
92202300,1067.15625,0.562108393695522,0.71372476331645,19.6879619679869,19.1513774635635
92291400,1068.1875,0.532384010428818,0.592086716880281,13.343443009156,12.525434090113
92381400,1069.22916666667,0.576279967706064,0.466599943339726,11.1602999023571,10.3215214803602
92490300,1070.48958333333,0.703594188349616,0.318732143621438,11.5211651586717,10.6698921965552
92582100,1071.55208333333,0.844055520909561,0.215717740939493,10.3073192765909,9.7981502318525
92673000,1072.60416666667,0.994206005925567,0.182292821291196,11.7143934693757,11.7131387255793
92763900,1073.65625,1.14495953911897,0.247853405037413,15.1473071454,15.7006420242448
92856600,1074.72916666667,1.29243061625327,0.362582389740692,14.2013848430925,15.1014338087296
92952000,1075.83333333333,1.43243307487838,0.493466146799481,13.1048118313628,14.0265745610966
93041100,1076.86458333333,1.54888471055552,0.616500642150153,17.8956627971276,18.8207052109843
93130200,1077.89583333333,1.64884593343975,0.736197871772053,19.8682382264512,20.7005651968052
93232800,1079.08333333333,1.74069112001257,0.867168635931848,20.8988840100237,21.5376359722462
93321900,1080.11458333333,1.79805253937099,0.973303915350797,22.6855269102642,23.0230069902184
93416400,1081.20833333333,1.83400372263891,1.07659615586655,18.1247145883003,18.0698660298107
93514500,1082.34375,1.84205555625655,1.17179211806152,16.593059442601,16.4991906416172
93609000,1083.4375,1.81978849314762,1.24954544957104,18.1366644274668,17.6733486718537
93696300,1084.44791666667,1.77208163200916,1.30685706235538,16.4181313806385,15.6268393917627
93782700,1085.44791666667,1.69927704239955,1.34766662731938,13.4059692783077,12.4895965290502
93879000,1086.5625,1.58971934678437,1.3723612070554,12.8212397951148,12.0421802964845
93977100,1087.69791666667,1.45092973915262,1.37362786748146,9.51604881001363,9.48280432529527
94075200,1088.83333333333,1.29007753250162,1.35081264855994,8.12774388002322,8.27064762933884
94173300,1089.96875,1.11347163273939,1.30533863261616,13.2625967132923,13.7742272239656
94261500,1090.98958333333,0.946715894315271,1.24706221222596,16.7970497610249,17.6520451172305
94360500,1092.13541666667,0.757246030230871,1.16466813109659,17.3713256935765,18.3190151441148
94450500,1093.17708333333,0.590824811019245,1.07661505395843,20.431407094472,21.3299524540576
94559400,1094.4375,0.417880997665804,0.956601359309489,17.9424991606416,18.6162141367533
94658400,1095.58333333333,0.33420316808384,0.83781412253694,18.7293921245517,19.3509082112168
94758300,1096.73958333333,0.374128593626115,0.711995830888106,22.6554374422879,22.958533518832
94851000,1097.8125,0.494928147863399,0.593591020961531,21.281120814717,21.1246086219808
94941900,1098.86458333333,0.644251714980617,0.481067469628919,17.7271993425335,17.3240631271075
95032800,1099.91666666667,0.801442492618511,0.380979976585141,16.47285797679,15.7356182702498
95131800,1101.0625,0.969537790655915,0.3061474305254,10.8945290199339,9.98936306993697
95234400,1102.25,1.13244934663957,0.29761628326483,11.2121406002111,10.2788485476031
95324400,1103.29166666667,1.26123561982333,0.351625997812948,13.1876539786155,12.5014881061549
95424300,1104.44791666667,1.3847930559279,0.450752216806243,13.0474805702691,13.2256497766076
95520600,1105.5625,1.48162438003976,0.562361765445322,12.1674073956481,12.7632842023775
95625000,1106.77083333333,1.55943543572752,0.688056835803589,15.3143036899721,16.2091786246105
95716800,1107.83333333333,1.60320068842409,0.797473219597377,14.4233688860101,15.3874927142767
95810400,1108.91666666667,1.62340495464512,0.905239657779766,17.2700664512085,18.2326164458534
95907600,1110.04166666667,1.61802850575088,1.01096456308244,23.3043658565438,24.1592352794975
96021000,1111.35416666667,1.57786963083598,1.12324625891186,21.1345956011213,21.6148464363099
96111900,1112.40625,1.51969118059201,1.20176924401749,20.2285290490562,20.5491553752296
96209100,1113.53125,1.4327362592514,1.2711421435938,18.9235809122426,18.8936332101996
96311700,1114.71875,1.31496931240121,1.3244137739961,17.0640184466455,16.7960667061694
96404400,1115.79166666667,1.18812968602252,1.35228217159277,18.3426846640289,17.7942855607289
96498000,1116.875,1.04371065829018,1.35943300392847,17.7438323259974,16.8225385179251
96595200,1118,0.880716401749061,1.34436993376298,10.8534066068832,9.99145158219941
96691500,1119.11458333333,0.711478984194281,1.3079940708627,9.78631540859554,9.1730157463451
96799500,1120.36458333333,0.521425615757087,1.24451167808694,9.98570977465585,10.0389575906171
96892200,1121.4375,0.371911872057075,1.1737872049772,10.9473858833869,11.4030686033213
96983100,1122.48958333333,0.269717964421783,1.09265859381424,15.0871705248331,15.7830410625802
97080300,1123.61458333333,0.274764973058105,0.995993107550406,20.64373937403,21.613324431477
97166700,1124.61458333333,0.373503110372934,0.903995446746312,18.2000526032925,19.1418257413984
97253100,1125.61458333333,0.50756303532404,0.808689997096695,18.2942293926825,19.1833154897747
97339500,1126.61458333333,0.651086213173497,0.712638004072298,19.9770943396365,20.7329318165535
97434000,1127.70833333333,0.806936793462296,0.610481854756392,20.7675468723063,21.3083699090452
97529400,1128.8125,0.956321602083862,0.516249656862328,22.0896424967888,22.4129280650047
97615800,1129.8125,1.08057913527879,0.446287249592251,23.6078197936764,23.4630069229555
97712100,1130.92708333333,1.20277796118767,0.39787266699549,16.9341747117454,16.3619219431901
97802100,1131.96875,1.29821023562978,0.392045397625348,14.1877600631755,13.5055600701806
97894800,1133.04166666667,1.37475023712394,0.428019428928515,13.5595229738747,12.6693758218756
97992000,1134.16666666667,1.42911882738718,0.50094311530954,12.0339955544067,11.0987777549136
98099100,1135.40625,1.4570234963517,0.606094762212821,11.9689395195052,11.3266725603204
98196300,1136.53125,1.45349384716574,0.712581493038573,15.0321928706742,15.2097765741169
98285400,1137.5625,1.42726697133459,0.813356465887695,13.0181276575094,13.7841312379762
98378100,1138.63541666667,1.37836956213916,0.917206232490692,12.687948450307,13.5820121624522
98476200,1139.77083333333,1.30490448278932,1.0220291332565,16.8110118145197,17.7796685165221
98573400,1140.89583333333,1.21258915281907,1.11682468433826,19.6357079573225,20.6132211315528
98660700,1141.90625,1.11525098689201,1.19110952799107,21.2209695629109,22.1272434773886
98756100,1143.01041666667,0.995762890860488,1.25740915981432,24.5135630099815,25.13235420027
98862300,1144.23958333333,0.850471878982927,1.3096976968245,19.4918174931724,19.7658857239425
98950500,1145.26041666667,0.724158862601382,1.3341746421144,18.3018881498543,18.4712657600583
99044100,1146.34375,0.590852117654698,1.34074679685448,20.6878188080541,20.5445759910507
99142200,1147.47916666667,0.46404891186607,1.32676829456759,18.1673617119395,17.5498006960001
99240300,1148.61458333333,0.374805064411144,1.29312943735353,16.7246131464501,15.8633917055564
99337500,1149.73958333333,0.358530795606477,1.24288514272827,13.970483922642,13.0268348092892
99433800,1150.85416666667,0.422366820271737,1.1793193347395,8.92078760270715,8.35930694228516
99532800,1152,0.539297879897853,1.10266816469655,8.41662607781447,8.11174563866469
99628200,1153.10416666667,0.672460753020376,1.02065760448905,13.8334902459688,14.0584960688198
99725400,1154.22916666667,0.813194689705317,0.93132044836335,15.3451049022095,16.1497661990367
99820800,1155.33333333333,0.948022312631511,0.840087353129647,18.249559787649,19.2137704473071
99918900,1156.46875,1.07744453366592,0.744792046109784,20.4081407491137,21.3991894141151
100012500,1157.55208333333,1.18773492202489,0.654992099284727,18.4092013674663,19.2981552387957
100106100,1158.63541666667,1.2811171484143,0.570133174541208,19.1535769216789,20.000240226772
100199700,1159.71875,1.35384911340121,0.496834638432571,24.638601318108,25.2183945131625
100297800,1160.85416666667,1.4042934100609,0.444339224738916,22.1497492927465,22.315610092038
100395000,1161.97916666667,1.42546598008628,0.431907516409188,21.3980858409696,21.2307776270591
100490400,1163.08333333333,1.41705707594263,0.465793635995407,17.6323989642373,17.0512130983863
100581300,1164.13541666667,1.38253953758949,0.534645435618785,13.3797755971038,12.5829054632231
100674000,1165.20833333333,1.32264697273052,0.628798034226607,13.3518692978199,12.4668788668525
100767600,1166.29166666667,1.2401216185267,0.736252715949095,15.2051456172299,14.2545842710167
100860300,1167.36458333333,1.14054880303666,0.845918208271513,12.0703614211181,11.6800492971106
100954800,1168.45833333333,1.02520939093641,0.954321554447847,12.5688446955439,12.7397149472256
101043900,1169.48958333333,0.907810117885637,1.04885301878183,13.6938416581373,14.3656415277359
101148300,1170.69791666667,0.765335118785655,1.145732036339,13.9910561433942,14.9509487190848
101245500,1171.82291666667,0.635145001229279,1.21927971157033,16.0618266144805,17.0487918470717
101355300,1173.09375,0.505391111067921,1.28043070122279,23.7832080561989,24.7769831655479
101462400,1174.33333333333,0.422979076084987,1.31637880951263,22.2801820952927,23.0677195066658
101557800,1175.4375,0.413837903585999,1.32874360195651,21.7844495259727,22.3456976246485
101648700,1176.48958333333,0.466705433230114,1.3241495058281,21.0430449881328,21.3329434397062
101750400,1177.66666666667,0.574581593887302,1.30173764726094,18.3829741947575,18.4281797362423
101847600,1178.79166666667,0.701533438095401,1.2653315840124,22.0978356110299,21.8251752824203
101943000,1179.89583333333,0.834189121928019,1.2174512888598,19.1847244347749,18.3681220077694
102030300,1180.90625,0.955604901568179,1.16468912545721,14.0353740209213,13.03949138085
102123000,1181.97916666667,1.07989627016036,1.10065039272052,11.0564439492882,10.089895242826
102214800,1183.04166666667,1.19472003324357,1.03006967045878,10.6725691565076,10.0302406904731
102311100,1184.15625,1.30287964471657,0.949044656382302,8.9886656824966,8.94145457995278
102399300,1185.17708333333,1.3879164590352,0.868973427237783,13.584370125297,13.7963332880186
102495600,1186.29166666667,1.46204098567138,0.77582301456803,18.8781283972292,19.7145321358814
102584700,1187.32291666667,1.51002908385846,0.685830107556527,18.6897779437194,19.7215652071295
102676500,1188.38541666667,1.53557718859703,0.593010428746488,17.966169258853,18.9993736800463
102780900,1189.59375,1.53165946747556,0.497849122733306,20.9989490230566,21.9548498865977
102881700,1190.76041666667,1.49225660038957,0.437216928195582,20.413512099178,21.2117367936952
102976200,1191.85416666667,1.42343486132719,0.431754103694054,25.0479068330625,25.6478694308542
103064400,1192.875,1.33331745643004,0.478344742639279,24.7432330111888,24.8687049791265
103164300,1194.03125,1.20561808897315,0.575242971371977,19.5977668019741,19.3017453006724
103265100,1195.19791666667,1.05608233413949,0.696140137664164,16.4537376004269,15.98662331989
103365000,1196.35416666667,0.895712380893334,0.820792625913868,16.0111219418519,15.1599051883112
103462200,1197.47916666667,0.737042309072861,0.936456319958133,12.7030166548527,11.6998868271475
103559400,1198.60416666667,0.587240241749279,1.04080069236934,14.7352292438344,13.8425583798152
103666500,1199.84375,0.455322619450503,1.13883241766726,13.780412727373,13.7418662573417
103763700,1200.96875,0.400684927371153,1.21064053541805,11.6946506531956,12.3283240837164
103877100,1202.28125,0.447767761592986,1.27295988904179,14.2519944796817,15.03617673942
103968000,1203.33333333333,0.550878726091743,1.30634955428317,17.6522871303933,18.6737418562853
104054400,1204.33333333333,0.675011852261893,1.32490424894766,19.6589021782643,20.7154948377734
104141700,1205.34375,0.810786468456151,1.33127119304463,24.1318230426624,25.1341282565806
104229000,1206.35416666667,0.948580191884774,1.32597571843003,24.3532028776107,25.1302924863482
104325300,1207.46875,1.09697008551112,1.30757898298846,20.1719222409144,20.6810045706552
104433300,1208.71875,1.25358208189437,1.27245074505279,22.1042983928988,22.4938914653942
104519700,1209.71875,1.36834942377032,1.23397797468299,21.9425866397599,21.9040212938461
104634900,1211.05208333333,1.50300955929112,1.16883391443007,20.4730778412835,20.0181458855068
104721300,1212.05208333333,1.58772098134575,1.10958967102727,18.7350636885206,17.8800062281987
104819400,1213.1875,1.66420686356784,1.03127814566968,14.0735366602257,13.036493256382
104916600,1214.3125,1.71640166120371,0.941889619753822,8.02906471616792,7.10322580163512
105008400,1215.375,1.74121240206381,0.8470118764433,11.4533800636612,10.7585136500639
105101100,1216.44791666667,1.73923140884578,0.742550449631518,13.1360814886471,13.2359732494153
105197400,1217.5625,1.705604364408,0.629569811009334,15.3772082734532,15.9750809673516
105283800,1218.5625,1.64639795075208,0.533120336407443,18.3257824315208,19.2578364046836
105381000,1219.6875,1.5466701057027,0.449668818023649,20.5417763589644,21.6125476714902
105479100,1220.82291666667,1.4127125263133,0.422437895238493,17.1087302855862,18.1454543113452
105567300,1221.84375,1.26815726011967,0.460795758209342,21.9170790375254,22.9257493723633
105659100,1222.90625,1.10020220010589,0.548408566840796,24.521080713396,25.2887913516225
105757200,1224.04166666667,0.910895614080347,0.667322754544897,24.4966755985652,24.950282882682
105854400,1225.16666666667,0.726647311702467,0.790255551343167,23.1396087382926,23.2192826828029
105951600,1226.29166666667,0.565797451494396,0.907066363554048,19.9053579776475,19.5114394402558
106047900,1227.40625,0.463290659130205,1.01145592294898,14.6268164867246,14.1190142698755
106134300,1228.40625,0.453624662345953,1.09362127008179,17.6159618334598,16.819987027184
106227900,1229.48958333333,0.533394878749505,1.16973448890035,15.570677351971,14.5173060366144
106316100,1230.51041666667,0.661358124051534,1.22920740346729,13.3003711963633,12.4712974812564
106404300,1231.53125,0.812074414783871,1.27706839083773,12.0641805198633,11.7700764175931
106510500,1232.76041666667,1.00292698831026,1.31973622363424,14.046716373543,14.5453260002128
106601400,1233.8125,1.16493248989396,1.34358600855949,11.5044115204211,12.3529493826911
106704000,1235,1.33969868404132,1.35665078655215,17.7375341457664,18.6629144823933
106793100,1236.03125,1.48072017691515,1.35606322248447,22.312614204213,23.3922687971187
106879500,1237.03125,1.60525031261558,1.34475319065073,23.5314063757853,24.561373994498
106970400,1238.08333333333,1.7209399915452,1.32116485062835,22.4832097291627,23.3786279687101
107057700,1239.09375,1.81524196355823,1.2868723317025,23.8248857269383,24.4846818782316
107146800,1240.125,1.89260360677755,1.23969493777914,19.9475393941387,20.3920530164906
107246700,1241.28125,1.95438045534682,1.17167054084141,23.2670148696929,23.5155205093504
107351100,1242.48958333333,1.98799705483831,1.08313232797074,23.2844330583099,22.943901025605
107437500,1243.48958333333,1.9897414024227,0.996561380864549,19.2022310086877,18.4183177225542
107550900,1244.80208333333,1.95308969304095,0.866437837818645,14.0641411877261,13.062236911249
107643600,1245.875,1.88810022129598,0.749917432817123,12.0037610662197,11.0045921740481
107753400,1247.14583333333,1.76888584976812,0.610486693870945,9.25837190264948,8.49933635159176
107846100,1248.21875,1.63346149935791,0.508053620770717,13.7361242806143,13.5548711677926
107941500,1249.32291666667,1.46461496947584,0.443889017983638,17.8269643435386,18.3921377295575
108038700,1250.44791666667,1.26927195852317,0.447586606411825,17.7981765729949,18.8159414876203
108125100,1251.44791666667,1.08522436055387,0.507041509259609,18.0498102591528,19.1286094186812
108220500,1252.55208333333,0.885049673005144,0.60829241582917,20.6574724023169,21.7368201962087
108315900,1253.65625,0.710235131840141,0.722872295236717,20.8144859660546,21.8453415755414
108420300,1254.86458333333,0.58957511449772,0.847209670755957,25.7242047208509,26.5649262752988
108522900,1256.05208333333,0.588427659226519,0.960649457538532,26.7727521163234,27.1603547649401
108609300,1257.05208333333,0.675841079165432,1.04722741367051,20.9828810102103,21.0085872265375
108695700,1258.05208333333,0.812909359072574,1.12509135251127,20.2072331605465,20.0845431536364
108792900,1259.17708333333,0.994773120590236,1.20223012315478,17.8037352636156,17.2437965227287
108879300,1260.17708333333,1.164813410255,1.26150802113332,16.3635599958507,15.5846200835912
108975600,1261.29166666667,1.35337735668854,1.31706716737915,16.2254437567085,15.1678256423353
109075500,1262.44791666667,1.54084530010151,1.36238912142803,15.6105929843775,14.7805422181569
109169100,1263.53125,1.704090154754,1.3925684161165,11.1722926552186,11.1955455119384
109266300,1264.65625,1.85683145264766,1.41015086034033,11.6566290875523,11.9509574103403
109352700,1265.65625,1.97535155656156,1.41297070736889,14.5320801876692,15.2737609597089
109439100,1266.65625,2.07529284655036,1.4028189600436,16.8213443075845,17.76910661709
109531800,1267.72916666667,2.1596227042646,1.37665173605687,20.9840210598581,22.0696283254651
109632600,1268.89583333333,2.2220356716856,1.32950957327405,26.0503418894923,27.1233295110593
109729800,1270.02083333333,2.25124135180048,1.26529502941076,22.1193387441878,22.9625818463295
109816200,1271.02083333333,2.25022288037663,1.19296821627581,21.8238361417272,22.6133929579547
109904400,1272.04166666667,2.22183276721527,1.10510502409114,23.5659073782178,24.0944423579806
109999800,1273.14583333333,2.15893988058149,0.995888097354886,23.7195865396599,23.9154561138327
110097000,1274.27083333333,2.05974831009132,0.872948654575757,22.6578260670323,22.4395689308387
110183400,1275.27083333333,1.9420222752665,0.758740006360088,21.9606278600105,21.2644269444742
110279700,1276.38541666667,1.7798575681481,0.635214855903807,13.791440723645,12.7477154856207
110376900,1277.51041666667,1.58776310855321,0.530745316784598,11.4989312654363,10.4256537713338
110468700,1278.57291666667,1.3879850807992,0.4722530357785,11.9281897187116,10.9828230266153
110565900,1279.69791666667,1.17027605667259,0.471977497898483,13.2731698309554,12.9497036921003
110656800,1280.75,0.979024538696799,0.525490859340563,14.438632512208,14.749272802413
110745000,1281.77083333333,0.82910826688662,0.608360814227748,19.2074167571407,19.9872496193629
110840400,1282.875,0.741413661261552,0.71317116647775,18.7857239549853,19.8921084657667
110947500,1284.11458333333,0.766991559950085,0.835051865794814,18.4563394265124,19.5799358388066
111045600,1285.25,0.889862060438217,0.943866205692766,23.0929207918734,24.1857639061286
111150000,1286.45833333333,1.07947601323265,1.0534972959309,25.9055326844181,26.7838967848386
111236400,1287.45833333333,1.25643920950378,1.13822262469511,25.345688327313,26.0053961029411
111330900,1288.55208333333,1.45533759695375,1.22366594758928,25.9451813225307,26.1578915175941
111429900,1289.69791666667,1.65973944334814,1.3037660493273,18.8644090347735,18.7411088041732
111522600,1290.77083333333,1.84106404061943,1.36844998376663,19.0155642970185,18.7199439932947
111620700,1291.90625,2.01707155204061,1.4240008481695,19.6126218654684,18.8690764071088
111716100,1293.01041666667,2.16815135252348,1.46313838125917,16.4356671588138,15.3444038560507
111810600,1294.10416666667,2.29439472135483,1.48535861065795,13.3861987884745,12.3689376751572
111904200,1295.1875,2.39314027042588,1.48938680096463,13.8373256213838,13.4968206809024
111992400,1296.20833333333,2.45974287533578,1.47566920501818,10.8418196045497,11.2041681410282
112096800,1297.41666666667,2.50290089519476,1.4367370612636,12.9838153164724,13.5661981554255
112183200,1298.41666666667,2.50797701983858,1.38600254156872,18.7330084808892,19.5837204874525
112279500,1299.53125,2.48007593812383,1.31058856798269,22.9956789427966,24.1163306354574
112369500,1300.57291666667,2.42180479702288,1.22366535399079,22.7430817847982,23.8644757723853
112463100,1301.65625,2.32853365232246,1.11878239786098,25.1479514860549,26.1248988790405
112560300,1302.78125,2.19750695299666,0.997734744925029,21.8625156694418,22.6491099359201
112646700,1303.78125,2.05361368290166,0.883701414235364,22.8879548352781,23.5497923726138
112743000,1304.89583333333,1.86643488713994,0.755557058209507,26.6265527045652,26.953067933859
112830300,1305.90625,1.67765105982794,0.646125258571817,24.6977822895404,24.4500249051353
112927500,1307.03125,1.45591597292536,0.54496185444328,19.2323256026129,18.649943321082
113023800,1308.14583333333,1.24001497927641,0.484517549105793,16.6236444547143,15.6492322930298
113120100,1309.26041666667,1.05218631607114,0.479671865913665,11.713629900165,10.6137896263944
113206500,1310.26041666667,0.935105003944827,0.522031414954549,10.9558394318975,9.90032255004508
113305500,1311.40625,0.893671106771657,0.608623724900565,14.7812943181888,14.147050265947
113391900,1312.40625,0.947235638803014,0.702809871615016,17.2974772834713,17.5867139882172
113488200,1313.52083333333,1.08435702211014,0.817046668149957,15.9949125027981,16.8083677673273
113595300,1314.76041666667,1.29225867800484,0.947351081567289,19.0209101680163,20.1009322211693
113691600,1315.875,1.50064139659209,1.06275727936744,19.6303885212772,20.7749995996421
113790600,1317.02083333333,1.71883551040992,1.17627569797015,21.8076391454022,22.937637552667
113877000,1318.02083333333,1.90431099006424,1.26876126551464,27.8835249087327,28.9139202018101
113975100,1319.15625,2.10271013747868,1.36364506262303,27.085992107273,27.7130572428999
114092100,1320.51041666667,2.31454497077946,1.45859600490143,23.4412906059678,23.7535773867956
114178500,1321.51041666667,2.44877342163435,1.51307936141888,21.5782548944604,21.5788284832107
114274800,1322.625,2.57164609987405,1.55541762273073,19.923304434132,19.5775883280298
114374700,1323.78125,2.66507362654868,1.57645460992179,18.867043078802,18.1965324216155
114466500,1324.84375,2.71713182566527,1.57372841033734,19.5937113657083,18.5027246311504
114555600,1325.875,2.73466017434575,1.55034782601899,13.6337840867916,12.6862720649352
114662700,1327.11458333333,2.71139462041194,1.49578038175662,10.9704063939369,10.5408391008741
114759000,1328.22916666667,2.64931106400956,1.42374705408189,11.908144815166,12.0477534916847
114854400,1329.33333333333,2.55079047522143,1.33347753043329,15.0243866344555,15.6840291523208
114955200,1330.5,2.40935587544896,1.22099679612848,18.628075590982,19.5332848113187
115044300,1331.53125,2.25553789141455,1.11002419316305,25.5353632648259,26.6689478591947
115132500,1332.55208333333,2.08044023518632,0.992470269945568,23.8958081836423,25.0078687457477
115221600,1333.58333333333,1.88549030668163,0.869169399718837,22.6889783627866,23.7114223433588
115317900,1334.69791666667,1.66261088675511,0.735564265711959,23.9324943140016,24.8300642472099
115404300,1335.69791666667,1.46241742937497,0.621641148765127,25.5652129524094,26.1922909891098
115503300,1336.84375,1.25163656360377,0.510605121956636,25.2083816983367,25.5522586642225
115591500,1337.86458333333,1.10409977198187,0.446881864459505,26.5448929169177,26.3556798264681
115685100,1338.94791666667,1.01882539045453,0.436283478283016,19.3849217367055,18.6876908855331
115775100,1339.98958333333,1.02598720529635,0.485495502884743,14.6960741945874,13.796107237951
115862400,1341,1.11300685265189,0.573889803548274,13.6194866218886,12.574633335037
115959600,1342.125,1.27646233859902,0.69827659979261,13.8444504869846,12.7999596516911
116053200,1343.20833333333,1.47132088447348,0.829588500268223,12.4908273490247,11.8791346406566
116150400,1344.33333333333,1.68995501650453,0.968831321932021,17.5389200889353,17.7046532210422
116244900,1345.42708333333,1.90441945218943,1.10148299924967,17.9820449697559,18.8575268409878
116333100,1346.44791666667,2.09822019020531,1.2193104949269,17.1790781622207,18.264740024322
116430300,1347.57291666667,2.29812684946217,1.33910056595897,19.2175228546868,20.3459451827271
116536500,1348.80208333333,2.49340036344513,1.45399162399248,25.196365199655,26.3412352572095
116622900,1349.80208333333,2.62967233023121,1.53221832145264,25.6224208499633,26.674354214768
116719200,1350.91666666667,2.75281773766035,1.60033444605763,28.7978500569017,29.5674389886545
116817300,1352.05208333333,2.84226433318176,1.6462604912942,24.6643726158528,25.0364109109893
116906400,1353.08333333333,2.88827348252243,1.66552061273416,20.85401009005,21.0033111081213
117010800,1354.29166666667,2.89615185737542,1.65956644702511,22.9077904462731,22.7934794236225
117108000,1355.41666666667,2.85743555297694,1.62640847997944,20.8274387145365,20.0943005259892
117204300,1356.53125,2.7760426876566,1.56869921163621,17.5370025912118,16.5054623353658
117301500,1357.65625,2.65327353920576,1.4878475172841,15.1598395397861,14.0876814398407
117387900,1358.65625,2.51349649936869,1.39941648497308,11.9953154032201,11.4206662343554
117481500,1359.73958333333,2.33432338691563,1.28873183634621,9.69611430332061,9.72889524194692
117589500,1360.98958333333,2.09935321387384,1.1451254605089,15.7222330659921,16.0296216705208
117681300,1362.05208333333,1.88369994882919,1.01228256216085,20.2190674611477,21.1393119744504
117774900,1363.13541666667,1.658388547405,0.869237068320737,22.3435192028855,23.4636237201559
117872100,1364.26041666667,1.43266906343417,0.716295134405444,24.8021432689324,25.9659115179644
117970200,1365.39583333333,1.235177575906,0.564424859472978,24.1695808082065,25.2143262637544
118067400,1366.52083333333,1.09983396817302,0.431494380641882,22.3267907888063,23.278441144177
118173600,1367.75,1.05707607669585,0.345883851019986,28.9249237874258,29.595513934538
118260900,1368.76041666667,1.11374948786853,0.360753833815026,26.6586145188635,26.8715918416153
118347300,1369.76041666667,1.23676734868906,0.44626307456467,24.2248350940571,24.0681006340376
118444500,1370.88541666667,1.42613105500206,0.586404854792871,19.9761450381204,19.3717956664276
118540800,1372,1.64053732626849,0.742433007152865,15.6744985142903,14.7156509563782
118627200,1373,1.8401918764945,0.885331229966823,12.2982484075687,11.2492603541065
118724400,1374.125,2.06176535149112,1.04266071419698,16.0126151103964,14.9062418865465
118820700,1375.23958333333,2.27009475968118,1.19056979431317,15.2557500988906,14.8728570059137
118918800,1376.375,2.46437526104834,1.32955556993994,15.9287341352191,16.3054818633144
119011500,1377.44791666667,2.62620566428449,1.44720513283969,16.8435215224849,17.6800581939277
119115900,1378.65625,2.77723601049006,1.56045878865448,19.1655642148935,20.2809613678858
119202300,1379.65625,2.87258765031381,1.63617569662905,19.1249635998399,20.2845215232479
119288700,1380.65625,2.93702612465658,1.69330702553281,26.8046679443001,27.9841395369178
119377800,1381.6875,2.96744601235789,1.73070976801767,28.5527835418866,29.5892153622361
119471400,1382.77083333333,2.95691784042151,1.74471481072679,26.9796138653479,27.7525638819374
119569500,1383.90625,2.89765259942371,1.73061831263678,24.5692698165726,25.0926536905012
119656800,1384.91666666667,2.80434174317483,1.69362110030323,23.9821398090396,24.1693210650053
119754000,1386.04166666667,2.6591799122752,1.62696431801145,21.042518399902,20.9981028605298
119859300,1387.26041666667,2.4599991070734,1.52758983085387,23.5750449940393,22.9421798508807
119948400,1388.29166666667,2.26459275357584,1.42432869239793,19.0310433673371,17.9573976729872
120055500,1389.53125,2.00716246827983,1.28040811650622,12.8947642816039,11.8151336280393
120141900,1390.53125,1.78988678495533,1.15084843311764,10.9620171893203,10.1295496045692
120238200,1391.64583333333,1.54854250568471,0.994615270223189,12.6528507825188,12.5810481138836
120336300,1392.78125,1.31944236317494,0.825416406427752,13.6163862093933,13.9410256579363
120422700,1393.78125,1.15091767613466,0.671278987124903,20.7389518026515,21.5013729095138
120520800,1394.91666666667,1.02732677873169,0.497257036218218,24.2771860384419,25.4123095599126
120617100,1396.03125,1.00506503080061,0.344316777999658,23.4424037930237,24.6214046725388
120713400,1397.14583333333,1.08578540029977,0.258986623440474,23.5813185906239,24.7243967713536
120812400,1398.29166666667,1.24909149218349,0.312040903288706,25.676925371923,26.6359736060303
120908700,1399.40625,1.45195922661964,0.453697957994383,26.8523720010032,27.6457902152671
121001400,1400.47916666667,1.66445726146879,0.6150288956539,29.1766159017677,29.535162807737
121088700,1401.48958333333,1.8667854438811,0.770846000984885,26.0299976697798,25.8940576979222
121178700,1402.53125,2.06914782686327,0.92842685261419,19.0119344013637,18.4700767305966
121276800,1403.66666666667,2.27570621786993,1.09251517326522,17.4552093338057,16.7445254453063
121374000,1404.79166666667,2.46045766721971,1.24438606699703,15.3439204355126,14.2351424715122
121474800,1405.95833333333,2.62594658271732,1.38817557968803,14.2966714105752,13.1686598177056
121571100,1407.07291666667,2.75439460291964,1.51023193051513,15.8039038360217,15.2609834656128
121682700,1408.36458333333,2.86037645185352,1.62959935945048,17.5684207668393,18.0611585550217
121769100,1409.36458333333,2.90588171791612,1.70292091130296,15.1832861196845,16.1169360260395
121860900,1410.42708333333,2.91482867058159,1.75959816846094,18.6794053164441,19.6725260600482
121967100,1411.65625,2.8703082581376,1.79422232450988,22.8539875619329,24.0370892867248
122064300,1412.78125,2.77651414616375,1.79411292963518,27.0059553848521,28.187591043267
122172300,1414.03125,2.61566790526927,1.75718280198828,29.3361781277555,30.3218020503839
122258700,1415.03125,2.44931174496891,1.70064000365872,27.3137578725004,27.9726838997269
122350500,1416.09375,2.2430837427475,1.6164866039097,22.3219010550849,22.8465735626098
122453100,1417.28125,1.98669756506935,1.49668764083563,25.6786131314819,25.8470821790743
122549400,1418.39583333333,1.7317929206506,1.36337245306248,23.4724471175419,23.1635363041575
122646600,1419.52083333333,1.47220357857681,1.21207320570174,21.1174614315484,20.3090525427464
122746500,1420.67708333333,1.21859581809106,1.04284643808011,17.4952340244806,16.3488244065219
122846400,1421.83333333333,1.00276769285395,0.863882510851395,11.7171999207307,10.8188163366102
122938200,1422.89583333333,0.870517147308581,0.695438415269263,9.55937340785386,8.82137517181746
123045300,1424.13541666667,0.840848734108665,0.503578759319903,15.2485740151859,15.277475568475
123143400,1425.27083333333,0.937516902506391,0.352787371849873,19.0465762093356,19.7157339036121
123230700,1426.28125,1.09258936411943,0.28076550972317,21.9088253466894,22.9485638148393
123320700,1427.32291666667,1.2875826368583,0.316266859459784,25.0610049170462,26.2464419332632
123412500,1428.38541666667,1.50033384681757,0.435640961713079,23.8409025194965,25.0052943373864
123505200,1429.45833333333,1.71490551683306,0.58670268335742,23.4181526433407,24.5622211999387
123606900,1430.63541666667,1.93945586899783,0.760129206975567,28.8949635634708,29.8400736875169
123703200,1431.75,2.13499118918618,0.922024327977886,29.6538651118285,30.2384149759179
123795000,1432.8125,2.30169538243938,1.07047658092008,26.312849409379,26.4882478975597
123888600,1433.89583333333,2.4485678278053,1.21397772290106,24.3024117721917,24.0420159832977
123981300,1434.96875,2.56797135958148,1.34685718745933,17.3803824744295,16.7104450621686
124082100,1436.13541666667,2.6645265159819,1.47909441235606,17.0169097774047,16.1898820496575
124180200,1437.27083333333,2.72073341816411,1.59297105859714,16.8777569275994,15.709314591837
124277400,1438.39583333333,2.73482232983621,1.68781363716381,15.9271975680522,15.0992539758265
124372800,1439.5,2.70393110041223,1.75913843799647,14.2012799437317,14.1426806156268
124460100,1440.51041666667,2.63416345620662,1.80155192074039,17.056405282938,17.5508159059779
124546500,1441.51041666667,2.52549398556465,1.81884698683833,16.7810623527694,17.7573395598908
124632900,1442.51041666667,2.37923229875331,1.80965133720288,18.347515964242,19.3785821537467
124722000,1443.54166666667,2.19349001655671,1.77205516437472,24.7285131308729,25.8961637499862
124816500,1444.63541666667,1.96516510966749,1.70258581195844,29.4339116523381,30.6218356635311
124902900,1445.63541666667,1.73602288781722,1.61527447969351,27.7906523654486,28.8150335339039
125010900,1446.88541666667,1.43419239204003,1.47950333235913,27.8922300092657,28.6921491879832
125106300,1447.98958333333,1.16549236237293,1.34026677405673,24.3618332879799,24.8468106273827
125201700,1449.09375,0.910511573989208,1.18801916913979,25.0294851209011,25.3153102236702
125288100,1450.09375,0.713501586480731,1.04297292618306,26.0223058463739,25.8520242819392
125377200,1451.125,0.585117345295146,0.890516036757662,23.9154750369591,23.1632720900202
125474400,1452.25,0.588588736507091,0.727018417182271,15.6273778007756,14.5159571847468
125560800,1453.25,0.70992574948432,0.592096601658717,13.8736356615902,12.7018822747447
125647200,1454.25,0.890312226720606,0.479558244376569,11.5901991171744,10.7445126512602
125755200,1455.5,1.14457163498708,0.401442868321651,12.3725239221739,12.0047415702938
125851500,1456.61458333333,1.37289836980787,0.41768394953152,17.553247685599,17.8386400324072
125940600,1457.64583333333,1.57476462959018,0.495471942248715,23.5921469469013,24.4720492123645
126036900,1458.76041666667,1.77648340177734,0.616539244273351,22.4827430265294,23.6666265738513
126130500,1459.84375,1.95211412196578,0.749953189137199,23.8633163310994,25.0775548259895
126230400,1461,2.11415231956771,0.897799813422822,24.8216524749634,25.9830456631121
126316800,1462,2.2311809420434,1.02577749591247,27.2617550218197,28.3325438992048
126413100,1463.11458333333,2.33447414060061,1.16592606737879,30.30018096545,31.1367272778956
126499500,1464.11458333333,2.40110816461981,1.28775131723082,31.0258880607241,31.4123713980856
126594900,1465.21875,2.44381336475631,1.41580385193766,23.2537458309292,23.1851837928921
126695700,1466.38541666667,2.45055063687347,1.54024049804283,21.4018652431776,21.0605738380729
126782100,1467.38541666667,2.42202298110788,1.63412321895785,18.6012898570258,17.9025305538285
126879300,1468.51041666667,2.34908155525328,1.72030103359745,17.0443170176798,15.987348161415
126980100,1469.67708333333,2.22579022485846,1.78160420466878,16.4172514803296,15.2589818409892
127072800,1470.75,2.07013195238524,1.80781063296613,17.4910460846295,16.9771561576432
127179000,1471.97916666667,1.84652582616406,1.79897897412475,13.6768815206806,14.1031448030351
127277100,1473.11458333333,1.60454512391064,1.7542112754476,16.2402812222923,16.9731916796257
127363500,1474.11458333333,1.37064749686601,1.68826928065934,19.6821116005636,20.664489360885
127451700,1475.13541666667,1.11899878406663,1.59921545316348,23.9777112217081,25.1376143622481
127548900,1476.26041666667,0.835265222818718,1.48097245982767,27.978994933796,29.1960830610515
127643400,1477.35416666667,0.564337370596995,1.35146422840516,30.97901064113,32.0498107143207
127736100,1478.42708333333,0.330049573492347,1.21575660076855,25.6867317850927,26.5506260270085
127833300,1479.55208333333,0.246006962438922,1.06956166682333,26.2338342270039,26.938213571553
127926000,1480.625,0.41015096658766,0.931452110833228,27.2787704210518,27.6709937877074
128019600,1481.70833333333,0.643066195948154,0.798890145194478,25.967384015086,25.8638056581984
128117700,1482.84375,0.891526265054997,0.675142604030559,24.1184583598653,23.5486722889221
128214900,1483.96875,1.12655692495803,0.578993625753561,18.9055832024513,17.7982986267548
128301300,1484.96875,1.32085428640861,0.527332044994295,11.818762344692,10.6426348955049
128397600,1486.08333333333,1.51747843241654,0.518344121587108,11.4651962836412,10.4093745276695
128485800,1487.10416666667,1.67660664274201,0.55584418603005,14.1418422941911,13.5329218638774
128592000,1488.33333333333,1.8390024315846,0.64636069995571,17.5399998621368,17.8833947753386
128681100,1489.36458333333,1.94907189037905,0.747479513305468,20.9405866569982,21.71390157904
128774700,1490.44791666667,2.03791095608838,0.868526784851171,25.0962903679955,26.2467368507987
128862000,1491.45833333333,2.09540026478144,0.989438448570099,22.5332566828353,23.7565880285702
128951100,1492.48958333333,2.12827989046093,1.11668235412209,23.983915230362,25.1998654930733
129065400,1493.8125,2.13121679389877,1.27975492848874,30.4146564875758,31.5180806066098
129165300,1494.96875,2.0961790888148,1.41613365972767,30.1335742756496,30.9163928948164
129259800,1496.0625,2.02912686574789,1.53384377307786,29.9114384970806,30.3682220870068
129357900,1497.19791666667,1.92318836888715,1.63790702520499,24.7340902589266,24.6560415764548
129451500,1498.28125,1.78711010435708,1.71397370903215,20.1102344455147,19.801634588196
129537900,1499.28125,1.63210075348532,1.7598068518402,19.6985112883548,19.1238087508326
129627000,1500.3125,1.44531685727947,1.77995255075538,20.3848587958239,19.3484820555222
129720600,1501.39583333333,1.22438830405371,1.77082705959426,15.9338846231528,14.7916229807332
129815100,1502.48958333333,0.982288227263867,1.73188674471002,15.0829552564393,14.3585954753464
129902400,1503.5,0.748506586804735,1.67266481048894,15.6335288869117,15.7516447543369
129996900,1504.59375,0.493802290217096,1.58809989868591,14.9630903636106,15.6269951604114
130093200,1505.70833333333,0.255132927791188,1.48546310744419,17.6361203290588,18.5066035017316
130182300,1506.73958333333,0.174841788063011,1.38034291380003,25.5029428408602,26.5768862897058
130276800,1507.83333333333,0.352229117720129,1.26244552216166,28.4645627918181,29.6888099657155
130368600,1508.89583333333,0.573987130714386,1.14506615042067,28.8043519622579,29.9700058436751
130472100,1510.09375,0.820516855110911,1.01301758492844,28.3068642658023,29.2492975915137
130568400,1511.20833333333,1.03592349921758,0.89377624169813,26.4967872115891,27.2471502233413
130654800,1512.20833333333,1.21378703669837,0.792981862718411,26.8078479505256,27.3749444739361
130755600,1513.375,1.39950964284808,0.688485268926607,30.0092647758951,30.0391472431499
130860000,1514.58333333333,1.56377694605711,0.605836489497149,23.0122273305994,22.3987685266622
130976100,1515.92708333333,1.70915682722576,0.564357101450546,17.7171024149526,16.6706471384016
131084100,1517.17708333333,1.80642513083344,0.589484285818253,12.9315838350149,11.750577676089
131184900,1518.34375,1.86284325627784,0.667194034761036,11.3600328702298,10.432169553967
131281200,1519.45833333333,1.88547997098055,0.777936775937962,16.4224817780991,16.0145775293123
131380200,1520.60416666667,1.87733158422857,0.914754234775184,21.4892099657252,22.0734348028646
131472000,1521.66666666667,1.8420372606196,1.05196098363852,21.5604441234577,22.5668594545408
131562000,1522.70833333333,1.78227158931326,1.18836405009308,22.9426024756897,24.1264871754011
131656500,1523.80208333333,1.69344174932324,1.32663395121305,24.7833384564036,26.0114796007143
131756400,1524.95833333333,1.57136191323449,1.46015367231519,26.5068390110556,27.7006289984849
131852700,1526.07291666667,1.42754952600912,1.57022656428827,32.5771264551612,33.6434877974598
131947200,1527.16666666667,1.2637475788627,1.65540203297771,31.9073604201716,32.5596591553223
132044400,1528.29166666667,1.07610548973773,1.71569825038414,27.0042340220303,27.3013372679611
132141600,1529.41666666667,0.876618961510777,1.74646339715991,23.6937371488545,23.6806604707646
132237000,1530.52083333333,0.682363919468391,1.74824100908787,22.2459760072776,21.8391743684925
132323400,1531.52083333333,0.528465767974423,1.72733905190026,19.2169564349722,18.4673787775565
132419700,1532.63541666667,0.427973702964691,1.68204389222865,20.3056841634371,19.1585990021535
132506100,1533.63541666667,0.447257497785094,1.62495804045766,17.0414656745443,16.0195955037779
132611400,1534.85416666667,0.588179231898631,1.53880682922698,13.5254004495459,13.2835116286817
132713100,1536.03125,0.775490327011876,1.44238062336261,13.7390219516661,14.0640219368831
132804000,1537.08333333333,0.951648661819516,1.34782073307833,18.699306567286,19.4149236103028
132894900,1538.13541666667,1.12284833626943,1.24696620162779,21.3013464276551,22.3087275852545
132989400,1539.22916666667,1.28850256595919,1.1365762002028,28.613343591196,29.7973603232733
133076700,1540.23958333333,1.42626685700839,1.03050311693656,30.5224757931968,31.7283665838178
133172100,1541.34375,1.55655349578603,0.911715140815018,28.0501079952914,29.120814341006
133272900,1542.51041666667,1.66780937060305,0.786889799132229,27.008708849918,27.9603786475943
133370100,1543.63541666667,1.746408187716,0.675547730816163,29.714795102267,30.3654393443287
133470900,1544.80208333333,1.79559944850388,0.586523714234611,28.31918695989,28.5974664604891
133572600,1545.97916666667,1.81010722804311,0.550580653247627,27.9370604235991,27.6006014997664
133670700,1547.11458333333,1.79012411434449,0.586402536000062,20.5097366378714,19.6442100392084
133757100,1548.11458333333,1.74546531150829,0.67044555122444,14.3287031980193,13.2308241963988
133866900,1549.38541666667,1.65431530348263,0.82210354593026,13.8827332105869,12.6935830848578
133974000,1550.625,1.53194129089708,0.991327113032387,14.7648097855964,14.0855252333688
134069400,1551.72916666667,1.39890238843799,1.14361449776423,17.4341817422571,17.3945698866687
134188200,1553.10416666667,1.20762081649311,1.32105725778417,22.5477247219973,23.3964902918538
134285400,1554.22916666667,1.03618085609135,1.44850602469808,22.7958579463015,23.9579176872452
134383500,1555.36458333333,0.858239069042741,1.55619369527581,22.3366289555888,23.553349245327
134484300,1556.53125,0.686012460383854,1.64204807118495,29.7250839206567,30.9470526808758
134583300,1557.67708333333,0.557505437739566,1.70054546310337,31.0199132830823,32.1095704370083
134686800,1558.875,0.516745716350123,1.73436179194562,32.486264070018,33.26681594193
134793000,1560.10416666667,0.598906683122938,1.74141868659854,28.3856890003154,28.7128370075501
134897400,1561.3125,0.759413677272611,1.72345254019319,22.4621225275248,22.4776283908833
134997300,1562.46875,0.941989591246389,1.6857155649545,24.4332195691744,24.1362278528265
135083700,1563.46875,1.10388800742259,1.63869229019952,22.1270495189862,21.2721306105341
135170100,1564.46875,1.26068641965927,1.57962194364641,18.4523437263293,17.2955095059138
135267300,1565.59375,1.42479784675391,1.49984887584224,15.96111561852,14.9217613932052
135356400,1566.625,1.55988698736427,1.41495275911777,14.5622022015016,14.1653905112415
135450900,1567.71875,1.68396236118413,1.31298724037861,13.1302525766257,13.4869270696868
135547200,1568.83333333333,1.78727024290818,1.19686981892181,17.2387550706229,17.7407923679491
135634500,1569.84375,1.85849904763236,1.08178458736041,24.5255845687741,25.4701899369413
135730800,1570.95833333333,1.90990664462958,0.946295186740422,27.6588503581258,28.849795277273
135828000,1572.08333333333,1.93040142918109,0.805973051222251,29.334157580165,30.5536837745183
135929700,1573.26041666667,1.91560963340478,0.668476977946688,29.4991182583177,30.5913254377765
136016100,1574.26041666667,1.87261671028754,0.578609367145939,26.8443030253707,27.7929874698859
136106100,1575.30208333333,1.79782360234785,0.538600507996857,30.1491609665424,30.9735712461474
136192500,1576.30208333333,1.69811655792898,0.569037912598807,32.0444490032578,32.4303555778814
136286100,1577.38541666667,1.5617382868762,0.667918211284773,28.3920649324948,28.2721808656377
136376100,1578.42708333333,1.4066155367747,0.800503472162769,22.8460272921135,22.2774258982447
136467900,1579.48958333333,1.22935852938439,0.95006422936313,18.6526912241493,17.724804709063
136558800,1580.54166666667,1.0413125213551,1.09798816934132,13.552640403287,12.3904191043177
136645200,1581.54166666667,0.858809988548213,1.23077205795026,13.5556456494229,12.3690417657912
136732500,1582.55208333333,0.682781235135027,1.3529466992519,17.0009734975876,16.2281404944732
136828800,1583.66666666667,0.526567419838978,1.47098545863785,19.3579166929043,19.4949660021167
136929600,1584.83333333333,0.466544312290755,1.57414287891623,20.6587396530565,21.4837917477175
137038500,1586.09375,0.564687612374218,1.66137557002777,22.964447230788,24.0684943677455
137140200,1587.27083333333,0.750955124848663,1.72000682553652,23.7267918697288,24.9514256330765
137237400,1588.39583333333,0.958847893835504,1.75558512083366,29.2652746414588,30.4956386733349
137331000,1589.47916666667,1.16302460629202,1.77119244453914,33.9963505667482,35.1009590902277
137421000,1590.52083333333,1.35251545836171,1.76920179995766,32.8691277862514,33.6843651025796
137507400,1591.52083333333,1.52257124305976,1.75184870351606,28.3203679242505,28.8542220691515
137604600,1592.64583333333,1.69564076113015,1.71449334697003,27.3096434805211,27.5443953661035
137704500,1593.80208333333,1.84989341350902,1.656645712802,23.5409371541825,23.4087579965956
137798100,1594.88541666667,1.97025040531055,1.58471447651115,24.1632331527972,23.6274706608883
137895300,1596.01041666667,2.0684910439063,1.49205783042097,21.4737571008372,20.3847675341041
137992500,1597.13541666667,2.13764620699262,1.38151711912405,16.5511900214437,15.4395378454398
138105900,1598.44791666667,2.17900217838397,1.23130867179108,12.0060967068125,11.4556492642108
138206700,1599.61458333333,2.17762160551023,1.08142437269286,15.1195273361962,15.2548507948335
138294000,1600.625,2.1453823499544,0.943519984382585,17.0873834751217,17.6509216746057
138392100,1601.76041666667,2.07278760241214,0.788803587326598,24.5630718982998,25.4851191728872
138479400,1602.77083333333,1.97471563331696,0.666023213133351,29.4820415382705,30.6589419934151
138570300,1603.82291666667,1.83915084925236,0.578168377348498,29.8350615468201,31.0528816322227
138662100,1604.88541666667,1.66947869297714,0.560582562860997,27.2801850240553,28.4356715450923
138760200,1606.02083333333,1.45654005683646,0.629185102657686,30.2583143790749,31.2707689848362
138859200,1607.16666666667,1.21680185010199,0.759569465380642,30.6685769220038,31.4528703875178
138955500,1608.28125,0.971345262239358,0.910835839570005,31.9981825821565,32.3821366945334
139042800,1609.29166666667,0.753187068226796,1.05102901390583,29.8045446995042,29.6788472963088
139129200,1610.29166666667,0.56678216194606,1.18430121908265,22.9274918450658,22.3025431508785
139216500,1611.30208333333,0.461074363357365,1.30939736787391,16.9190562076206,16.128730190035
139303800,1612.3125,0.498695167666234,1.42297644910115,16.718096519794,15.6306968495626
139401900,1613.44791666667,0.67674108459821,1.53579868816653,14.9655094362251,13.803276470591
139488300,1614.44791666667,0.882960457030933,1.62164982514165,16.2106074427835,15.4659393424948
139575600,1615.45833333333,1.10409872739964,1.69502339877064,19.0395402962801,19.0498191070816
139674600,1616.60416666667,1.35263917994962,1.76114471236222,22.1869093003436,22.9846377037324
139761900,1617.61458333333,1.56146738976266,1.80350045217587,19.932521051812,21.0085841160296
139850100,1618.63541666667,1.75745056287055,1.83020670177999,23.7548453900106,24.9011477687095
139947300,1619.76041666667,1.95169050625238,1.83993419896078,28.777054890981,30.0060021796544
140035500,1620.78125,2.10528002077154,1.8301647791082,32.3974217283179,33.585972839442
140122800,1621.79166666667,2.23400465978732,1.80262965513512,33.6383452371865,34.6589780930932
140220900,1622.92708333333,2.34918252580426,1.75027719035084,32.2898296380462,32.9387175372422
140319900,1624.07291666667,2.43226140036232,1.67463468270764,25.886792463437,26.288231370025
140418000,1625.20833333333,2.48040889265709,1.57769229069037,27.2227347903037,27.3438360228599
140515200,1626.33333333333,2.49326049453547,1.46120582889378,25.839681252276,25.4353746870045
140611500,1627.44791666667,2.47030035308998,1.32763037948275,22.0206810593374,21.0820155405387
140698800,1628.45833333333,2.41732550208542,1.1934775788884,18.4661415674254,17.2802358783269
140795100,1629.57291666667,2.32168121833862,1.03581395212401,14.9141217753084,14.0254507248615
140881500,1630.57291666667,2.20139330591093,0.892626618141346,11.091164635545,10.767820363149
140967900,1631.57291666667,2.04808622542374,0.75889079698322,14.5510083643184,14.5231155329212
141054300,1632.57291666667,1.8628313246625,0.652147798581401,20.2288540306428,20.7278005958482
141151500,1633.69791666667,1.6204071063575,0.593668333986107,25.9668213395066,26.9628535430133
141247800,1634.8125,1.35345780843957,0.620834358926757,28.4208102134298,29.6197201129008
141334200,1635.8125,1.10344882253029,0.706596077950079,30.6427544763996,31.8630925633841
141428700,1636.90625,0.840660642120894,0.838029480651927,27.5288018175574,28.6620468407815
141528600,1638.0625,0.625044936231693,0.993415807889177,30.6003665051005,31.6376149259057
141625800,1639.1875,0.567896945050308,1.14568361928548,34.1198976954411,34.8581891823115
141722100,1640.30208333333,0.696664888049359,1.29028813047406,31.953596709071,32.199156057479
141808500,1641.30208333333,0.901548897524647,1.41175941534154,27.3523105093398,27.2197749620656
141907500,1642.44791666667,1.17168862319789,1.53922750195863,22.3818098821821,21.7357570073035
141995700,1643.46875,1.41741165689245,1.64070796536586,16.5978797488133,15.7243675947809
142092000,1644.58333333333,1.67727936107741,1.7367144315706,16.484333498794,15.3615077036406
142179300,1645.59375,1.89849306028716,1.80872221031681,17.4120444465918,16.2962097118462
142265700,1646.59375,2.09962198613216,1.86431563383172,18.4684342582734,18.0375354472088
142362900,1647.71875,2.30075847753912,1.90643082949755,18.2537203714189,18.6169452810429
142449300,1648.71875,2.45440839930329,1.9243785066235,21.2088115107638,22.0277688227226
142546500,1649.84375,2.59642677328097,1.92154847461712,21.7660825283866,22.8663408188582
142632900,1650.84375,2.69361533290664,1.89810492559496,25.1007794903178,26.2704239342634
142719300,1651.84375,2.76234790919944,1.85498665055145,31.1357783771942,32.3622361534756
142805700,1652.84375,2.80185986320907,1.79264381992774,35.4045456233212,36.5547399203546
142898400,1653.91666666667,2.81107375951554,1.70533240978603,32.4018174005754,33.3265046551604
142991100,1654.98958333333,2.78523141390372,1.59833616387754,30.970781662382,31.6574592686672
143086500,1656.09375,2.7211174601938,1.46974535925183,27.7908112295793,28.1729441078401
143177400,1657.14583333333,2.623558198908,1.33233408870782,27.298971917555,27.4066528603649
143268300,1658.19791666667,2.48933885681563,1.18380863290401,27.3908820411599,27.0456793612198
143355600,1659.20833333333,2.32532445455668,1.03534356560195,24.6480355432488,23.7278060035465
143446500,1660.26041666667,2.11853813546644,0.882430105432243,16.9702741200008,15.7818459610453
143542800,1661.375,1.86270253719545,0.737098949644445,13.5562432487687,12.5088556123477
143645400,1662.5625,1.5579340647339,0.629819143265971,12.819074359098,12.3992373319717
143733600,1663.58333333333,1.28397251089221,0.604589016841175,15.5557113352128,15.6482586757591
143829900,1664.69791666667,1.00024889871272,0.657930764434679,21.7776647847198,22.3594873274995
143917200,1665.70833333333,0.801330773816121,0.761333633526655,28.5839831060684,29.6022324250089
144012600,1666.8125,0.724244739283644,0.90636512186711,28.5209967974222,29.7422389861319
144108000,1667.91666666667,0.831558013978417,1.06453554769511,28.5923279249809,29.8082571004261
144203400,1669.02083333333,1.05833264823018,1.22387304571166,30.0575583585455,31.1982132178814
144293400,1670.0625,1.3156953641882,1.36912637884176,32.2046251329177,33.2002571357236
144379800,1671.0625,1.57182241919715,1.50043235500331,34.1074885703864,34.8638602102211
144484200,1672.27083333333,1.87369801166709,1.64485552406072,33.7489560938696,33.9459835556425
144582300,1673.40625,2.13910469093414,1.76314369733657,25.2363388550128,24.9674254473303
144677700,1674.51041666667,2.37379314444686,1.85914214004517,21.0542564249979,20.5056364004497
144764100,1675.51041666667,2.5626361130723,1.92781144449628,18.9941451641223,18.1207473955407
144852300,1676.53125,2.72927623267155,1.97830459365687,17.4026104775147,16.2398213507321
144949500,1677.65625,2.87951543317957,2.00947109733823,16.8718475254069,15.8196413057126
145047600,1678.79166666667,2.99312972915463,2.01385282969578,19.6187451800928,19.4152678344583
145140300,1679.86458333333,3.06365176873729,1.99272561868012,19.0217368662807,19.6322361482373
145236600,1680.97916666667,3.09781827397534,1.94524956083531,19.6494972139408,20.5579691316945
145341000,1682.1875,3.08904146572139,1.86575350272775,24.7630814717814,25.8518884355165
145429200,1683.20833333333,3.04411658571753,1.77743899851196,29.6835306656683,30.8949860929854
145533600,1684.41666666667,2.94621117928239,1.65015173133166,34.1459735500366,35.3425720843846
145623600,1685.45833333333,2.82259840602397,1.52269270394045,35.4794258624559,36.475064267948
145725300,1686.63541666667,2.63899674626505,1.36156163034647,30.0594176295286,30.7859533299557
145817100,1687.69791666667,2.43366708299181,1.20342429653689,28.8576940310369,29.4045725897792
145908900,1688.76041666667,2.19270534238064,1.03743165147831,30.3717806343231,30.5780208222361
146010600,1689.9375,1.89020602349724,0.853236456042411,27.5043041784898,27.1455358083186
146099700,1690.96875,1.60515021289542,0.706080669678121,24.3885436477578,23.5777984763407
146194200,1692.0625,1.30308995953654,0.592104527774336,18.8152690007395,17.6356012838463
146280600,1693.0625,1.05935382129292,0.55834882656762,12.938471337614,11.8701068604655
146378700,1694.19791666667,0.885880499469052,0.619394689162633,11.7876626476781,11.0713942248153
146475900,1695.32291666667,0.895697562588572,0.756139306324442,17.2777080783564,17.1599468362559
146577600,1696.5,1.08612887460903,0.937412875890479,22.6524853743137,23.3046831363041
146679300,1697.67708333333,1.37038507056958,1.12999852080989,27.5765472624987,28.6186506210655
146775600,1698.79166666667,1.66628903138818,1.30935648937469,29.6186222562769,30.8361716796823
146871000,1699.89583333333,1.95774237016849,1.4770678962323,28.1274534506133,29.332402341048
146957400,1700.89583333333,2.20908719966773,1.61662483915889,29.9562920431924,31.1195562225665
147055500,1702.03125,2.47250005186942,1.75759475420349,35.7253051910146,36.7067024951443
147161700,1703.26041666667,2.72515272860047,1.88591261079007,34.3636052333801,34.9408070991951
147248100,1704.26041666667,2.90208543739133,1.96949829341658,32.0603543586157,32.2550016790871
147343500,1705.36458333333,3.06439816029994,2.03823567575862,26.1260496099836,25.856214512772
147443400,1706.52083333333,3.19409624464433,2.08216771687456,20.4843967636563,19.9108218257083
147535200,1707.58333333333,3.27455681803405,2.09636900825064,19.7595530636001,18.9015962460588
147626100,1708.63541666667,3.31597769216395,2.0855299460466,19.828901746047,18.6428699076083
147732300,1709.86458333333,3.3147609515749,2.0420422786616,17.0541625374083,16.3021088536821
147820500,1710.88541666667,3.27262831226838,1.98169987774879,17.9398983650687,17.9099548296596
147917700,1712.01041666667,3.18307176138602,1.89126187131241,19.2700166658985,19.9236126447362
148005000,1713.02083333333,3.06456692877742,1.79004859256524,20.4136956867893,21.360494221668
148091400,1714.02083333333,2.91253344901994,1.67251141555931,24.0941107164627,25.1474189353954
148186800,1715.125,2.70576087497533,1.52397833443939,32.6371447113438,33.8385314920758
148277700,1716.17708333333,2.47281789707277,1.36549656576698,34.5845506949142,35.7668643502042
148369500,1717.23958333333,2.20576476233697,1.19060869847857,33.9635635814174,34.9919094157441
148463100,1718.32291666667,1.90779588620997,1.00069273125115,31.9477219929168,32.7526419133465
148553100,1719.36458333333,1.60930134849572,0.814268136774226,30.0188020228725,30.5944756720855
148645800,1720.4375,1.31279168132698,0.634156449498573,30.334843994534,30.6629156340686
148737600,1721.5,1.0717072267949,0.501617235119275,31.4054349931612,31.2065178974133
148824900,1722.51041666667,0.95027541054691,0.468722795273326,25.6866944259928,24.9388089157376
148931100,1723.73958333333,1.00744860984681,0.575049851495791,18.097258755376,16.9747113697815
149018400,1724.75,1.19422261352389,0.733485442607878,14.1427706502316,12.9855304685438
149111100,1725.82291666667,1.46164726344278,0.926031508622331,12.854984093177,12.0459658779497
149200200,1726.85416666667,1.74175226546274,1.11452389932036,14.659370399774,14.3289419475859
149296500,1727.96875,2.04347809680814,1.31098140406091,22.5579293037248,22.9060695972519
149393700,1729.09375,2.33240350655771,1.4953395588326,27.1810168974508,28.1431418274984
149480100,1730.09375,2.56920143945244,1.64424375334663,27.817072589797,28.9905888994221
149580900,1731.26041666667,2.81639238772844,1.79746505809926,28.4824942025638,29.7018720579588
149675400,1732.35416666667,3.01586546101693,1.91900524847717,30.9176812513472,32.0976540256577
149769000,1733.4375,3.17936700504624,2.01656602830941,33.6381058397832,34.7184753081675
149859000,1734.47916666667,3.30177740045359,2.08756006999836,37.6321879512913,38.451098006119
149955300,1735.59375,3.39201439950251,2.13743262996926,34.3570490584837,34.7099698521302
150043500,1736.61458333333,3.4353343170287,2.15852740569394,28.2468668036706,28.2421861871078
150129900,1737.61458333333,3.43957973643793,2.15588709283831,24.5130833690911,24.2619721915398
150224400,1738.70833333333,3.39974499129915,2.12646174830493,22.3309969289611,21.6760817679599
150318000,1739.79166666667,3.31419834588045,2.07034083139956,19.7591319690894,18.746436028828
150420600,1740.97916666667,3.16869337976459,1.97892855598429,19.4512356149177,18.3074677846045
150510600,1742.02083333333,2.99838535004603,1.8740834378648,18.1766420714018,17.6721323529056
150604200,1743.10416666667,2.78177330648181,1.74179075315366,17.1291062085927,17.449510405209
150711300,1744.34375,2.489469981961,1.56297007161821,18.6968576104638,19.4067331506226
150798600,1745.35416666667,2.22151505715735,1.39713405175259,23.9079367298678,24.8754201894566
150887700,1746.38541666667,1.92792561990912,1.21151073311653,28.4992319850123,29.6396944863431
150984000,1747.5,1.60096404629834,0.996542809349393,34.8108244525307,36.0252399118994
151071300,1748.51041666667,1.31623317797253,0.79575259888852,35.8692179097434,36.9827370353827
151171200,1749.66666666667,1.04927639684148,0.576768510201008,31.9372892770599,32.8386944795431
151261200,1750.70833333333,0.928184079327213,0.427694092871547,31.2692197208932,32.0385699558669
151347600,1751.70833333333,0.967018382589214,0.394989172073536,32.9788418734821,33.4605513647425
151451100,1752.90625,1.18089091480058,0.52290494846757,31.4636155635825,31.4818881524452
151542000,1753.95833333333,1.44563224915935,0.70711760153453,28.8199119631676,28.3164970425374
151650000,1755.20833333333,1.78745322401343,0.945837084957403,21.0062388614061,19.9640706813467
151748100,1756.34375,2.09337575751303,1.15876192054426,13.5101346917191,12.340148071722
151844400,1757.45833333333,2.3753120242146,1.35548992642808,13.3877069642523,12.3320663016548
151939800,1758.5625,2.62963615705145,1.53453944438891,16.7734240939499,16.3630422514852
152036100,1759.67708333333,2.85677774343446,1.69711689025533,21.1350367967849,21.4626889917656
152143200,1760.91666666667,3.07045603951947,1.85465873108569,26.8498438658869,27.7768907513163
152240400,1762.04166666667,3.22542498734934,1.97488450108734,28.6415574906041,29.8217410591712
152337600,1763.16666666667,3.33979084126385,2.07179362989245,27.3832798691396,28.5984927158231
152425800,1764.1875,3.40532013044283,2.13793337833347,32.0049363663058,33.2013576764852
152512200,1765.1875,3.43143383591343,2.18098504063612,36.236001840625,37.3094194745411
152599500,1766.19791666667,3.41713145905126,2.20100858858101,37.0606133035725,37.8903933968577
152687700,1767.21875,3.35940924480265,2.19579286381023,35.3406528418049,35.8209053439286
152779500,1768.28125,3.25250091513837,2.16205963544162,30.5742107833065,30.6427615578038
152885700,1769.51041666667,3.07062944942632,2.08647654272531,23.9835099015551,23.7460296923904
152973900,1770.53125,2.87519016271446,1.99440325556033,24.1539042668194,23.6118698139287
153087300,1771.84375,2.57169259577415,1.83905956322217,21.6387612733609,20.532229215864
153178200,1772.89583333333,2.29306706098431,1.68704033428575,18.2568209401271,17.1593691796527
153269100,1773.94791666667,1.99091550601952,1.51354702963394,16.9114303908681,16.4101243816056
153372600,1775.14583333333,1.63079717293098,1.29446613702067,17.6059799481166,17.9711442177035
153466200,1776.22916666667,1.3082252971373,1.08236345996544,18.0413357080851,18.77149779938
153563400,1777.35416666667,1.01006244440742,0.856944798402459,25.2185636482975,26.1503957564838
153651600,1778.375,0.827068194367506,0.660812308168703,31.9949264025802,33.1519456573644
153740700,1779.40625,0.798143346282659,0.496249598144543,34.7029175072735,35.9076636191594
153830700,1780.44791666667,0.937845606795879,0.415819926537715,34.596476022726,35.704316490923
153933300,1781.63541666667,1.21517441201892,0.482329818926615,33.0939614130441,33.9943099781122
154033200,1782.79166666667,1.52611698024883,0.65178982200025,31.7386739342752,32.4639257508344
154140300,1784.03125,1.8598546913117,0.868644211162397,34.9218756207278,35.2638212390512
154227600,1785.04166666667,2.11742811836041,1.04790613738884,32.7530045296862,32.5777859876532
154316700,1786.07291666667,2.36026584927354,1.22475168857559,26.2107086933659,25.5493446669816
154411200,1787.16666666667,2.59179765887142,1.40178845999224,19.7990481341455,18.7971920794139
154503900,1788.23958333333,2.79032107057788,1.56307854977568,15.0488297959362,13.8811984669605
154601100,1789.36458333333,2.96579436353165,1.71787017406725,13.2188354342,12.1837776366045
154694700,1790.44791666667,3.10083204534733,1.85199570064236,17.606728037942,17.1164244339004
154788300,1791.53125,3.19977253294729,1.96995777352079,23.2122946368395,23.5607114976377
154874700,1792.53125,3.25609323373037,2.06254996435014,25.7992195577678,26.6964678241063
154962900,1793.55208333333,3.27558879751851,2.13832295496532,26.6328680817403,27.7563272414768
155049300,1794.55208333333,3.25420438737228,2.19112849834394,28.5709286418593,29.7720752362701
155147400,1795.6875,3.17791552627317,2.22127342824619,30.6787415974591,31.8809426227314
155244600,1796.8125,3.04582267903391,2.21589584146669,36.3195731346948,37.4424631271277
155331900,1797.82291666667,2.87986244507679,2.17893025602426,39.2470341740018,40.1304791404085
155435400,1799.02083333333,2.62931579834479,2.0952057646718,34.9404392011288,35.3958110832839
155539800,1800.22916666667,2.32577934454829,1.96922774463292,29.5671796144037,29.6991071584767
155629800,1801.27083333333,2.03193613157642,1.83104340631637,26.8669669334681,26.674976436396
155726100,1802.38541666667,1.6947503891269,1.65821327999838,24.4547446623129,23.8851327682263
155823300,1803.51041666667,1.34287678316385,1.46405282055896,23.0587136949883,22.0326478147397
155909700,1804.51041666667,1.0347323634199,1.28091624049445,20.2510553554976,19.1040247373623
156006000,1805.625,0.727624979813345,1.07303924605585,16.2457516682633,15.7222383788751
156093300,1806.63541666667,0.550258395512936,0.890255044686805,15.1154122682279,15.202551903252
156190500,1807.76041666667,0.585237843127754,0.708938326773813,18.5224384897906,19.0660536538914
156287700,1808.88541666667,0.817313853717218,0.578529152130688,23.7245657461107,24.6034510238062
156384000,1810,1.11086767410958,0.535995659589068,30.8723863520085,31.9851845492935
156472200,1811.02083333333,1.38660813775596,0.584001711217892,35.9005449419469,37.106149332979
156562200,1812.0625,1.65739392467466,0.694162602314367,34.8997998220115,36.0161250576764
156662100,1813.21875,1.93614575341084,0.852120397044983,32.5411532858653,33.5266761554975
156759300,1814.34375,2.18036709119629,1.0189781899826,34.3100804027815,35.1052647068614
156847500,1815.36458333333,2.37667098656102,1.17229914335191,35.1492863709906,35.6545470330527
156943800,1816.47916666667,2.56211828477526,1.33721744439447,34.3916747617777,34.4481835636811
157040100,1817.59375,2.71629571260929,1.49716507754315,29.694229974494,29.1789595769175
157138200,1818.72916666667,2.83975794392006,1.65318211759286,20.4971282644197,19.5599609485646
157234500,1819.84375,2.92580964740886,1.79740830692973,15.6713303114811,14.5703909368063
157329900,1820.94791666667,2.97357693856073,1.92844527319296,15.5083613445625,14.3843752515495
157417200,1821.95833333333,2.98107906305146,2.03425328844969,16.9390115893301,16.2917596707576
157514400,1823.08333333333,2.94411455299156,2.13065375738156,21.1458797985101,21.2913433391341
157620600,1824.3125,2.84369352306914,2.202248480409,26.3408671044972,27.1968414316203
